Aa,47
Ababa,4
Abaddon,2
Abadia,2
Abea,1
Abila,9
Abita,1
Abra,148
Abraxas,526
Absalom,2
Abulia,2
Abutilon,768
Acacia,4148
Acacias,2
Acadia,2
Acanthus,149
Acarus,335
Accentor,54
Accipiter,404
Accra,19
Acedia,1
Acetabulum,14
Achaea,248
Acharya,4
Achates,4
Achelous,46
Acheron,7
Acia,111
Acicula,102
Acinus,4
Acis,48
Acme,109
Aconcagua,4
Acotyledon,31
Acropolis,2
Acrostichum,907
Actaeon,206
Actinia,413
Actinometer,1
Actium,60
Ada,34
Adama,56
Adana,2
Adda,6
Addax,8
Adel,3
Adelaide,2
Ades,30
Admetus,11
Adolius,2
Adonis,269
Adrastus,50
Adria,4
Adversaria,1
Aedes,1489
Aegaeon,11
Aegean,2
Aegina,29
Aegir,2
Aegis,3
Aegisthus,9
Aegyptus,3
Aeolis,59
Aeolus,249
Aeschines,3
Aeschylus,3
Aga,2
Agama,333
Agamemnon,3
Aganus,4
Agapanthus,77
Agape,14
Agave,1168
Age,4
Ageratum,216
Aglaia,653
Agnelius,2
Agnosia,4
Agonostomus,23
Agora,2
Agouti,11
Agr,1
Agra,706
Agrapha,63
Agricola,22
Ague,1
Aguila,10
Aha,4
Aia,2
Aidoneus,2
Aids,12
Ailanthus,128
Ainu,7
Aix,7
Ajax,115
Aka,46
Akea,2
Akihito,5
Ala,9
Alabama,2
Alaria,162
Alba,3
Albania,3
Albatros,1
Albericus,20
Alberta,17
Albia,39
Alcaeus,2
Alcaldia,1
Alcathous,3
Alceste,3
Alcestis,20
Alchemilla,1948
Alcheringa,1
Alcides,497
Alciphron,3
Alcmene,2
Alcyone,32
Ale,2
Alecto,121
Alectoria,485
Alectrion,80
Alex,21
Alexandra,3
Alexandria,3
Alexandrina,10
Alexia,96
Aleyrodes,118
Alfaro,7
Alga,4
Algol,3
Alhambra,2
Alice,2
Aliens,1
Alina,11
Aline,1
Alisa,3
Alison,6
Alita,2
Alle,6
Alligator,54
Allium,3036
Allo,2
Allodium,11
Allora,33
Allot,2
Alma,37
Almeida,2
Almeria,4
Alocasia,263
Aloe,1653
Aloes,3
Aloha,21
Aloysia,135
Alpha,4
Alpheus,650
Alsatia,3
Altes,1
Altona,1
Alula,5
Alva,1
Alveolus,1
Alyson,31
Alyssum,1001
Ama,1
Amadus,3
Amanda,3
Amanita,1600
Amanuensis,2
Amapa,3
Amar,2
Amaryllis,619
Amate,1
Amazon,4
Amazonia,88
Ambages,2
Ambala,4
Ambidexter,6
Ambitus,2
Ambo,9
Amboina,2
Ambrosia,159
Ambystoma,166
Amelus,2
Amenta,1
America,35
Americana,2
Americus,4
Amerigo,1
Amhara,3
Ami,12
Amieva,2
Amiga,7
Amma,2
Ammianus,61
Ammocoetes,15
Ammon,1
Ammonia,227
Amnesia,19
Amo,2
Amoeba,218
Amorphophallus,418
Ampelis,71
Ampelopsis,209
Amphiaster,2
Amphibolous,1
Amphioxus,8
Amphipleura,84
Amphisbaena,226
Amphithecium,17
Amphitrite,135
Amphitryon,7
Amphius,3
Amphora,1690
Ampulla,10
Amygdala,1
Ana,3
Anabaena,571
Anabas,77
Anabasis,127
Anacostia,2
Anacrusis,30
Anadiplosis,5
Anadyomene,33
Anaemia,4
Anagoge,5
Anamnesis,2
Anamosa,2
Ananas,109
Ananias,24
Anaphora,36
Anarthria,15
Anathema,1
Anatole,39
Anatolia,1
Anaximander,2
Anaximenes,3
Anchiale,23
Anchises,1
Anchusa,331
Ancilia,1
Ancilla,243
Ancistrodon,44
Ancora,4
Ancova,5
Anda,5
Andes,130
Andira,121
Andrea,25
Andreaea,381
Androgyne,2
Andromache,2
Andromeda,278
Anele,2
Anemia,419
Anemone,1172
Angara,5
Angas,1
Angelica,480
Angelus,2
Angina,1
Anglia,1
Anglicana,1
Angola,2
Angra,3
Anguilla,220
Anguillaria,45
Anhinga,32
Ani,1
Anil,308
Anion,1
Ankylostoma,8
Anna,22
Annapolis,2
Annulus,1
Ano,3
Anoa,6
Anodontia,55
Anogra,41
Anoli,2
Anopheles,982
Anosmia,2
Anous,69
Anoxia,123
Antaeus,1
Antares,3
Antelope,19
Anthodium,2
Anthracomartus,28
Anthrax,1163
Anthropopithecus,29
Anthurium,3438
Anticlimax,75
Antigone,18
Antiphon,4
Antiquis,2
Antiquus,2
Antirrhinum,593
Antistrophe,9
Antitragus,2
Antitype,62
Antonia,33
Anu,2
Anubis,55
Anus,1
Anx,1
Anzac,2
Aoa,2
Aon,2
Aor,2
Aorta,3
Apache,6
Apelles,5
Apex,17
Aphid,3
Aphidius,391
Aphis,2036
Aphonia,3
Aphra,6
Aphrodisias,3
Aphrodite,35
Apia,6
Apian,6
Apis,900
Apm,1
Apocope,14
Apocrypha,8
Apocynea,1
Apodes,1
Apodosis,2
Apollo,1
Apophysis,1
Aporia,162
Apostasis,3
Apostata,2
Apostrophia,2
Apostrophus,3
Appalachia,4
Apra,2
Apsis,7
Apteryx,26
Apulia,15
Apus,207
Aquarius,54
Aquila,230
Aquilegia,690
Ara,66
Araba,24
Arabella,63
Arabia,10
Aracana,17
Arachis,156
Arachne,20
Araminta,1
Arapaima,7
Ararat,3
Aras,1
Aratinga,119
Araucania,9
Araucaria,151
Araxes,5
Arbela,36
Arbor,5
Arbutus,138
Arcadia,2
Arcesilas,1
Archaeopteryx,13
Archaeornis,4
Archaic,2
Archer,2
Archilochus,7
Archimedes,84
Archon,19
Arcos,12
Arcturus,92
Are,3
Area,80
Areas,40
Areca,206
Arena,5
Areola,2
Areopagus,2
Arequipa,26
Ares,8
Aretes,1
Arethusa,50
Aretus,2
Argali,1
Argas,167
Argentina,165
Arges,41
Argo,2
Argolis,3
Argon,4
Argos,2
Argus,123
Argusianus,7
Argyroneta,12
Aria,204
Ariadne,101
Arica,6
Aries,7
Arietta,1
Ario,1
Aristaeus,5
Aristes,3
Aristippus,2
Arium,2
Arius,329
Arizona,25
Arjuna,5
Arma,31
Armada,33
Armadillo,271
Armenia,2
Armiger,38
Armilla,5
Armillaria,291
Arnica,390
Arno,1
Aroma,6
Aron,4
Arras,2
Arriva,2
Arsis,2
Art,1
Arte,1
Artemis,98
Artemisia,2798
Artesia,3
Aruba,28
Arum,420
As,1
Asa,6
Asarum,343
Ascanius,1
Ascidium,75
Asclepias,801
Ashtabula,10
Asia,6
Asimina,52
Asmara,4
Asmodeus,7
Asoka,3
Asparagus,628
Aspasia,32
Asper,5
Aspergillum,40
Aspergillus,1180
Aspidistra,266
Aspidium,1889
Aspidosperma,288
Asplenium,3908
Assay,2
Assessor,5
Astarte,923
Aster,3356
Astern,1
Asthenia,46
Asthma,2
Astilbe,147
Astoria,2
Astragalus,9223
Astrangia,95
Astyanax,288
Atacama,3
Atahualpa,2
Atalanta,31
Ataxia,63
Ate,13
Athamas,12
Athanasia,159
Athanasius,3
Athena,2
Athens,12
Athis,39
Athos,2
Atila,1
Atlanta,78
Atlantis,26
Atlas,1
Atoyac,1
Atreus,2
Atropos,29
Atrypa,576
Attacus,152
Attain,4
Attains,11
Attica,4
Atticus,2
Attila,55
Attu,2
Auch,1
Aucuba,87
Auge,1
Augur,1
Augusta,26
Aulea,3
Auletris,16
Aulus,10
Aura,2
Aurea,11
Aurelia,61
Aurelius,2
Aureus,1
Auricula,441
Auriga,4
Aurora,18
Aurum,2
Aus,2
Auster,2
Australasia,4
Australia,2
Australopithecus,18
Autochton,20
Autolycus,1
Automata,1
Automate,21
Auxesis,3
Avaritia,1
Avernus,10
Aves,2
Avicenna,3
Avion,3
Axis,32
Axolotl,1
Ayacucho,19
Aye-aye,2
Ayesha,4
Aymara,2
Aza,3
Azalea,330
Azana,25
Azar,1
Azedarach,22
Azotobacter,22
Azteca,255
Ba,2
Baba,2
Babirusa,5
Babylonia,56
Bacchus,2
Bacillus,676
Bacteria,215
Bacterium,25
Bactria,30
Bahia,83
Baione,2
Baja,2
Bak,15
Baku,2
Balanops,18
Balboa,10
Balclutha,236
Ballena,1
Baloghia,24
Balsa,16
Balsas,2
Bambara,39
Bambina,2
Banana,1
Bander,1
Banksia,510
Baobab,2
Baptisia,120
Baptista,11
Bar,1
Barathea,1
Barba,2
Barbara,11
Barbosa,3
Barca,4
Barilla,2
Baroda,6
Barranca,2
Barsac,5
Bas,1
Basilica,2
Basta,3
Bastia,4
Basuto,4
Bates,1
Bath,41
Bathos,2
Batista,1
Batistes,12
Batman,2
Baucis,2
Bauhinia,1117
Bavaria,2
Bdellium,2
Bechuana,1
Beg,2
Begonia,3882
Behemoth,4
Bela,303
Beleza,2
Belisarius,5
Bella,2
Belladonna,8
Bellerophon,590
Bellis,130
Bellona,3
Beluga,17
Bema,8
Bembex,357
Benedictus,8
Bent,1
Benthami,5
Bentonia,2
Benzoin,113
Berea,7
Beria,5
Beringia,6
Bernard,2
Bernicia,2
Berta,37
Beryllia,2
Bessarabia,2
Beta,133
Betelgeuse,4
Betta,95
Bia,40
Biafra,6
Bias,9
Bigener,2
Bignonia,624
Bilharzia,13
Biloculina,175
Bim,1
Biota,59
Bipinnaria,20
Biramous,1
Bishops,2
Bison,98
Bites,1
Bithynia,401
Bixa,22
Bla,3
Blattoidea,40
Blephara,1
Boa,121
Boadicea,3
Boaedon,42
Boanerges,2
Boca,7
Bod,1
Bogota,2
Boheman,1
Bola,11
Boletus,2258
Bolivar,8
Bolivia,2
Boltonia,48
Bomb,1
Bombycilla,19
Bomhyx,1
Bona,8
Bonaparte,1
Bonellia,81
Bonita,2
Bonus,3
Boothia,6
Bora,2
Boreas,6
Borer,2
Borgia,2
Boris,7
Bos,259
Bosphorus,2
Botha,2
Boudicca,1
Bowie,63
Box,13
Bra,2
Brach,1
Brachiolaria,2
Brachyurous,1
Bracon,1797
Brad,2
Braga,11
Brahmana,7
Bran,1
Branca,1
Branchia,4
Branchiostoma,84
Brasilia,12
Brassavola,73
Brassica,1030
Bratislava,1
Brea,11
Brechites,23
Breda,24
Brevis,2
Bria,2
Briareus,1
Brome,4
Bromelia,254
Bronchus,30
Brontotherium,17
Brotula,32
Brusa,4
Bua,2
Bubo,202
Buccinator,1
Bucculatrix,398
Bucella,4
Bucephalus,118
Bucorvus,15
Bucranium,8
Buddleia,97
Buena,30
Buffo,13
Buho,2
Bulgaria,62
Bulla,618
Bully,2
Buna,2
Burhinus,52
Burma,1
Bursa,236
Bursera,260
Bus,2
Busiris,2
Butco,1
Butomus,22
Byrrus,1
Byssus,114
Bza,1
Ca,6
Caa,2
Cabeza,7
Cabrera,2
Cabrilla,2
Cacao,10
Cachalot,2
Cachexia,6
Cacia,198
Cactus,725
Cacumen,2
Cacus,8
Cada,1
Cadiz,2
Cadmus,13
Caecum,498
Caelestium,3
Caeoma,530
Caesarea,13
Cafeteria,13
Caiman,53
Cainozoic,1
Caladium,345
Calais,97
Calamite,1
Calamus,1073
Calandria,1
Calanthe,706
Calathus,578
Calcar,32
Calceolaria,978
Calchas,36
Calculus,3
Caledonia,5
Calendula,254
Caleta,33
Calico,1
California,2
Caligula,71
Calimeris,19
Calisaya,3
Calix,11
Calla,44
Calle,1
Callens,1
Callimachus,3
Calliope,37
Calliopsis,182
Callisto,36
Callus,1
Calma,5
Caloric,1
Calotte,1
Calpe,36
Caltrop,1
Calvaria,24
Calx,6
Calypso,35
Calyptra,50
Calyx,20
Cam,11
Cama,1
Camacho,5
Camanchaca,3
Camara,61
Camarilla,2
Cambogia,185
Cambria,9
Camellia,801
Camellus,1
Camelopardalis,17
Camera,6
Camila,2
Campana,1
Campanella,79
Campanile,53
Campanula,3031
Campanulate,1
Campe,15
Campion,13
Cams,1
Camus,2
Can,1
Cana,2
Canasta,5
Cancer,871
Candela,2
Candelabrum,30
Candollea,154
Canella,10
Canicula,1
Canna,280
Cannabis,52
Cannula,15
Cano,2
Canon,4
Canopus,22
Cantata,2
Canthus,1
Cantina,2
Cantor,1
Capella,27
Capibara,1
Capita,7
Capito,113
Capitulum,5
Capris,2
Capsicum,372
Capua,234
Car,8
Cara,1
Caracal,35
Caracalla,2
Caracara,20
Carajas,2
Caranx,390
Carcinoma,2
Cardanus,16
Cardea,2
Cares,1
Caria,70
Carina,4
Carlota,2
Carlotta,3
Carman,1
Carmona,6
Carnauba,2
Carnegiea,19
Caro,1
Carolina,15
Carolus,11
Carpentaria,8
Carphophis,9
Carpocapsa,87
Carpodacus,174
Carrara,1
Carta,2
Caruso,2
Caryota,63
Cas,4
Casa,1
Casas,2
Cascara,2
Cascarilla,46
Casco,2
Cassandra,24
Cassia,2120
Cassine,162
Cassiopeia,8
Cassis,332
Cassius,2
Castalia,166
Castilla,21
Castor,122
Cat,1
Catabasis,2
Catalexis,2
Catalina,2
Catalonia,1
Catalpa,97
Catamenia,31
Catarina,7
Catena,7
Caterino,1
Cathexis,5
Catiline,4
Catis,2
Catlas,1
Catocola,1
Catriona,37
Cattleya,948
Cauca,3
Caucasia,2
Caucus,2
Cauda,3
Caudex,2
Caulis,6
Caura,17
Causa,3
Cava,2
Cayman,3
Cayuga,2
Cea,7
Cecilia,2
Cecilius,1
Cecrops,17
Cedilla,2
Cedrela,203
Ceiba,78
Cela,5
Celaeno,15
Celebes,2
Celia,217
Celis,1
Cellula,1
Cent,1
Centaurus,1
Centra,7
Centralia,40
Centric,2
Centrum,2
Centrums,1
Cephalic,1
Cephaloneon,1
Cephalonia,2
Cephalopod,2
Cephalosporium,192
Cephalotaxus,91
Cepheus,67
Ceram,1
Cerates,2
Ceratodus,123
Cerberus,23
Cercaria,890
Cercocebus,52
Cercus,37
Cerda,1
Cerebrum,2
Ceres,4
Cereus,1620
Ceria,90
Cerium,4
Cerous,1
Cestus,3
Ceto,6
Cetonia,1160
Cetus,7
Ceux,1
Ceylon,1
Ceyx,156
Chaco,13
Chalaza,1
Chalcis,375
Chalina,90
Chaline,1
Chalybaeus,4
Chama,401
Chamaeleon,167
Chamaerops,83
Chameleon,20
Chao,1
Chaos,21
Charisma,10
Charlton,2
Charon,18
Charybdis,156
Chaulmoogra,2
Cheirogaleus,28
Cheiron,3
Chela,77
Chelodina,56
Chema,1
Chen,23
Cheops,5
Chermes,185
Chev,1
Chevron,3
Chevrotain,2
Chiasma,14
Chiasmus,31
Chichester,2
Chile,2
Chilomonas,31
Chilon,18
Chilostomata,2
Chilton,1
Chimaera,111
Chime,5
Chimera,3
China,3
Chinchilla,17
Chine,1
Ching,1
Chiococca,115
Chiricahua,3
Chiromantis,43
Chiron,31
Chiton,786
Chlamys,1402
Chloe,2
Chlorella,132
Chlorite,1
Chlorus,10
Chlronomus,3
Chocho,1
Cholera,4
Cholula,15
Chondria,216
Chondrites,33
Chondroma,1
Choragus,79
Chorea,2
Chorioid,1
Chorion,1
Choroid,1
Chorus,13
Christiania,37
Christina,1
Chroma,1
Chromatium,16
Chrome,1
Chromonema,2
Chrysanthemum,926
Chrysemys,82
Chrysophanus,299
Chu,2
Churinga,7
Cia,1
Ciboria,192
Cic,2
Cicada,1222
Cicatrix,4
Cilia,3
Ciliata,6
Cilicia,3
Cilium,2
Cim,1
Cima,19
Cimex,1196
Cinchona,327
Cincia,6
Cinderella,7
Cineraria,465
Cingulum,2
Cinura,2
Cir,1
Circa,2
Circaetus,37
Circe,113
Circinus,3
Circle,1
Circus,127
Cirella,1
Cirrus,43
Cis,585
Cisco,1
Cista,1
Cistus,737
Cithara,51
Citharoedus,6
Citron,1
Citronella,38
Citrus,681
Citta,2
Civetta,3
Clan,1
Clara,8
Clarissa,8
Clarkia,136
Classis,1
Claudius,8
Claus,1
Clause,1
Clave,2
Clavicornia,2
Clavus,162
Claytonia,388
Cleanthes,8
Cleisthenes,4
Cleland,2
Clelia,39
Clematis,2043
Cleome,675
Cleon,11
Cleopatra,98
Clepsydra,2
Climax,5
Clintonia,59
Clio,121
Cliona,250
Clitellum,1
Cloaca,1
Clonus,4
Clostridium,307
Clotho,26
Clupea,474
Clyde,2
Clypeus,60
Clyster,13
Clytemnestra,28
Cnemidium,47
Cnidus,21
Coa,1
Coati,4
Cobra,8
Cobus,17
Coccidia,2
Coccidioides,11
Coccus,425
Coccyx,61
Coccyzus,90
Cochabamba,11
Cochise,3
Cochlea,46
Cochleae,1
Coclea,1
Cocos,224
Codes,4
Codex,1
Codon,10
Coenurus,13
Col,1
Cola,234
Colas,2
Colchicum,474
Colchis,2
Colea,79
Coletta,2
Coleus,647
Colima,7
Colitis,4
Colla,37
Collar,1
Collinsia,143
Colobus,183
Colocar,3
Colombia,4
Colon,266
Colophon,33
Colpa,48
Colugo,1
Columba,564
Columbarium,63
Columbia,44
Columbus,6
Columella,51
Columha,1
Colusa,26
Coma,4
Combe,6
Comedo,17
Comes,4
Comus,4
Concaves,4
Concertina,2
Conch,1
Concha,2
Condominium,3
Condor,2
Cones,2
Conferva,981
Confucius,11
Conga,7
Conger,116
Conidia,4
Conium,48
Constancia,2
Constantia,32
Constrictor,22
Consul,47
Conta,4
Contort,2
Contra,1
Conuropsis,7
Convector,1
Conversa,1
Convolvulus,1800
Cooperia,50
Copaiba,28
Copra,2
Copula,2
Cor,2
Cora,157
Corallus,27
Corbicula,735
Corchorus,252
Corcovado,4
Corcyra,11
Cordaites,25
Cordillera,2
Core,1
Coreopsis,540
Corinthus,3
Corium,3
Cornea,8
Cornelia,7
Cornu,12
Cornucopia,1
Corolla,7
Corona,28
Corozo,2
Corsica,1
Cortex,2
Corvo,1
Corvus,487
Corydalis,1510
Corydon,17
Corymbus,8
Coryphaeus,6
Coryphasia,18
Coryza,25
Cosa,39
Cosmos,140
Costa,79
Cotes,11
Cotinga,30
Cotoneaster,948
Cotopaxi,1
Cotta,3
Cotyle,20
Cotyledon,592
Courlan,1
Covillea,7
Coyote,1
Crash,2
Crato,2
Creator,2
Cremona,3
Creon,7
Crepis,1444
Crescentius,2
Cresson,7
Creta,2
Cretaceous,1
Crimea,2
Crine,1
Crinoid,1
Crinum,517
Criocephalus,47
Crista,8
Cristina,21
Croce,25
Crocus,978
Croesus,21
Crois,2
Croomia,9
Crosa,7
Croton,3251
Crotophaga,20
Crus,1
Crux,3
Cry,1
Cryp,1
Cryptomeria,41
Cryptonema,3
Csiro,11
Ctenidium,116
Cuba,7
Cubans,10
Cubiculum,3
Cuca,2
Cuernavaca,7
Culex,1764
Cullen,46
Culler,3
Cultus,8
Cunaxa,86
Cupola,1
Cura,18
Curare,1
Curculio,2268
Curcuma,268
Curia,1
Curio,38
Curios,13
Curiosa,2
Curitiba,4
Curricula,1
Cursor,4
Curtius,5
Cuscula,1
Cutaneous,1
Cutleria,36
Cutout,1
Cutter,1
Cyathus,212
Cybele,64
Cycadeoidea,67
Cyclamen,239
Cyclo,1
Cyclopedia,9
Cyclopes,26
Cyclops,715
Cyclos,3
Cyclostome,1
Cyclotron,1
Cydnus,138
Cydops,2
Cygnus,82
Cylinder,53
Cylix,2
Cyma,1
Cymatium,253
Cyme,40
Cynomys,34
Cynthia,342
Cypripedium,885
Cyprus,2
Cypsela,4
Cyrano,4
Cyrenaica,1
Cyrene,26
Cysticercus,131
Cytaster,1
Cythera,2
Cytherea,648
Cytherella,404
Cyx,5
Cyzicus,139
Czechoslovakia,3
Dabba,2
Dacca,1
Dacelo,74
Dacosta,2
Daedalus,9
Daemon,39
Dagda,6
Dagon,15
Dahlia,147
Daimon,3
Dais,29
Dal,1
Dalbergia,770
Dalla,218
Daman,1
Damas,4
Dame,1
Damn,1
Damns,1
Damocles,3
Danaus,424
Dance,1
Danella,5
Daniela,5
Danio,94
Daphne,685
Daphnis,56
Dardanus,95
Dasya,242
Data,18
Datana,40
Datura,154
Davilla,101
Daza,3
Debit,1
Debus,32
Decius,1
Decumaria,9
Deianira,25
Deixa,1
Dela,1
Delenda,4
Delilah,3
Delius,5
Delos,10
Delph,1
Delphinium,1707
Delphinus,317
Delta,144
Demand,1
Demeter,1
Demetrius,2
Demogorgon,7
Demos,4
Dendrites,1
Dendrocygna,34
Denim,2
Dentale,2
Dentalium,907
Denys,2
Deo,1
Depressa,4
Dermatobia,4
Derris,305
Des,2
Desdemona,7
Desman,2
Deucalion,7
Deutzia,355
Deva,11
Devia,4
Devo,5
Dia,6
Diabolo,2
Diacope,76
Dialysis,24
Diana,15
Dianthus,2172
Diaphane,3
Diaphone,18
Dias,9
Diaspora,2
Diastema,68
Diaster,2
Diastole,18
Dic,4
Dicentra,46
Dices,7
Dichasium,3
Dicrostonyx,50
Dict,1
Dicta,1
Dictator,14
Dictyonina,7
Dido,2
Didus,9
Didymium,315
Die,3
Dies,5
Digitalis,238
Dilemma,5
Dingus,1
Dio,3
Diodes,2
Diogenes,124
Diomedes,7
Dione,76
Dionysia,94
Dionysius,1
Dioon,47
Diophantus,2
Dioscorea,1799
Diplex,2
Diplococcus,1
Diplodocus,7
Diplois,6
Diploma,6
Diplopia,1
Diplosis,132
Diprotodon,8
Dis,4
Disaster,31
Disco,28
Discus,125
Diva,3
Dives,12
Doa,6
Dobla,3
Dodo,1
Dodona,111
Dombeya,603
Dominus,6
Dorcas,6
Doria,85
Doris,448
Dorisa,4
Doritis,68
Dorn,1
Doronicum,248
Dorothea,6
Dorsum,6
Dory,1
Doter,4
Douma,2
Downingia,47
Dracaena,659
Drachma,2
Draco,161
Dracocephalum,279
Dracula,193
Dramas,1
Draparnaldia,69
Drinker,2
Drongo,2
Dubia,2
Ducatus,2
Ducula,155
Dugong,17
Dulcinea,1
Dulia,1
Duma,7
Duplex,12
Durban,1
Durga,5
Duvalier,1
Dux,1
Dvina,2
Dynamis,20
Dyslexia,1
Dysphoria,3
Dysthymia,2
Eba,1
Eblis,2
Ebo,32
Ech,3
Echeveria,582
Echidna,75
Echinocactus,1295
Echinocereus,671
Echinoderm,1
Echinoid,4
Echinus,503
Echo,12
Eda,1
Edema,17
Edessa,382
Edo,2
Edwardus,1
Ega,25
Egea,12
Egeria,41
Egesta,4
Ego,1
Eider,2
Eidolon,21
Eka,2
Ela,3
Elaphurus,13
Elapsoidea,45
Elate,4
Elater,1069
Elaterium,60
Elates,8
Elatia,1
Elder,3
Elea,27
Eleanor,14
Electra,141
Electro,1
Electron,15
Electrophorus,7
Elemi,1
Elenchus,51
Eleusis,260
Elia,26
Eliana,1
Elicia,1
Elide,2
Elis,168
Elisia,6
Elizabetha,23
Ella,6
Ellipsis,2
Ello,2
Elmira,3
Elops,35
Elsa,4
Elysia,171
Elytron,1
Emberiza,517
Embolus,43
Emesis,179
Emeus,9
Emilia,199
Emma,10
Empedocles,5
Empetrum,79
Emphasis,1
Emu,1
Emy,2
Ena,136
Enceladus,4
Enchodus,51
Enchytraeus,188
Encrusting,4
Endamoeba,53
Endothecium,6
Endothelium,1
Endymion,25
Enema,9
Eng,1
Enigma,7
Ennius,2
Ennomus,2
Ennuis,1
Enos,7
Enosis,29
Ens,1
Ense,1
Entellus,1
Enterococcus,72
Entomostraca,2
Entozoon,1
Entrochus,45
Enyo,73
Eoa,2
Eobanus,2
Eohippus,16
Eon,1
Eos,52
Epa,2
Epagoge,70
Epeira,647
Epenthesis,8
Eph,1
Ephebe,58
Ephedras,2
Ephemera,182
Ephemeron,1
Ephemeroptera,2
Ephialtes,258
Epicanthus,1
Epicauta,548
Epicrates,70
Epiglottis,1
Epilobium,1580
Epimenides,2
Epine,1
Epiphora,112
Epirus,3
Epistrophe,131
Epitasis,2
Epithalamium,3
Epsilon,24
Equisetum,665
Erato,167
Eratosthenes,1
Erbia,14
Erebus,140
Erechtites,193
Eridanus,2
Erigenia,3
Erigeron,2233
Erinaceous,2
Eris,31
Ero,81
Eros,64
Erosion,5
Erotesis,10
Erotomania,2
Erro,6
Erymanthus,19
Eryon,45
Erysichthon,1
Escolar,2
Espera,3
Estheria,190
Esthonia,6
Estrelata,4
Estrus,2
Eteocles,3
Ethiopia,1
Etruria,2
Eua,6
Euboea,1
Eucalyptus,2247
Eucharis,158
Euglena,677
Euhemerus,2
Eulogia,4
Eumenides,2
Eunectes,29
Eungella,2
Euonymus,919
Eupatorium,3253
Euphonic,1
Euphorbia,5933
Euphoria,261
Euphrosyne,62
Eurasia,1
Euridyce,1
Euripus,98
Euro,1
Europa,1
Eurus,1
Euryale,30
Eurydice,79
Eurymus,37
Eurystheus,74
Euterpe,164
Eva,4
Evagoras,8
Evita,6
Evonymus,12
Evora,2
Exa,1
Examenes,1
Exedra,2
Exon,1
Extra,2
Extraordinarius,7
Exu,1
Ezo,2
Ezra,2
Faber,1
Fabraea,41
Facula,1
Fala,2
Falcon,1
Fama,1
Fao,1
Fares,2
Farrago,2
Fascia,1
Fasciculus,3
Fascista,6
Fatima,4
Faunus,66
Favus,5
Fax,11
Fedora,14
Felid,1
Felix,10
Fells,3
Fenestella,1247
Fenestra,10
Fer,7
Fera,4
Feria,3
Ferna,10
Ferula,523
Festa,1
Festus,2
Fiber,29
Fibula,28
Ficinus,3
Fidelia,22
Filaria,398
Filos,2
Filum,1
Fimbria,74
Fimbrilla,2
Fimbristylis,1141
Fistula,2
Flabellum,352
Flaminius,3
Flaveria,60
Flax,30
Fleta,3
Flexor,2
Floating,2
Flor,1
Flora,2
Floribunda,3
Florida,6
Foa,15
Folia,8
Folium,2
Fontanella,2
Forma,1
Formes,1
Formic,1
Formica,1208
Formosa,10
Fornax,267
Fornix,1
Forsythia,58
Fortuna,6
Fossa,6
Fossor,5
Fostoria,2
Fourmilion,1
Foveola,3
Fracastorius,2
Fraga,5
Francesca,3
Franciscus,3
Francolin,1
Fraxinella,4
Fredegunda,6
Freesia,67
Fretum,17
Freya,43
Freycinetia,460
Frisca,1
Fructuarius,1
Fuchsia,386
Fucus,980
Fuentes,4
Fulda,16
Fulia,1
Fulton,1
Fungus,241
Funiculus,13
Funny,2
Fur,5
Furcraea,84
Furcula,178
Gabriella,12
Gaea,9
Gaeta,2
Gaga,21
Gaia,1
Gaillardia,130
Gaius,9
Galatea,53
Galax,7
Galba,280
Galbanum,8
Gale,16
Galea,36
Galena,3
Galeorhinus,49
Galicia,4
Galidia,13
Galla,2
Galleria,41
Gallia,3
Gallio,6
Gallion,1
Gallium,1
Gama,43
Gamba,5
Gambetta,2
Gambrinus,10
Gamma,11
Ganesa,33
Ganesha,3
Ganja,1
Garcia,4
Gardenia,555
Gargantua,9
Garreta,37
Gastritis,1
Gastrotricha,1
Gaudeamus,7
Gaudium,2
Gaultheria,659
Gavial,1
Gaya,82
Gaza,20
Gazelle,1
Ge,2
Gea,31
Gecko,100
Gehenna,6
Geisha,8
Gelasia,46
Gelechia,1679
Gellius,135
Gelsemium,15
Gemma,21
Gems,2
Gen,2
Gena,33
Genesis,2
Genista,1000
Genius,1
Gennadius,2
Gentianella,640
Geoffroy,1
Georgia,54
Geospiza,71
Geranium,2249
Gerda,12
Germany,2
Geryon,30
Gesta,10
Geum,449
Giardia,54
Gibber,13
Gibbon,1
Gigantopithecus,4
Gila,70
Gimex,2
Ginkgo,151
Ginseng,3
Giraffe,1
Glabella,44
Gladiator,1
Gladiolus,997
Glans,52
Glarus,1
Glauce,3
Glaucidium,161
Glaucoma,63
Glenna,2
Glia,6
Globigerina,640
Globus,3
Glochidium,5
Glomerulus,2
Gloria,3
Glossa,2
Glossophaga,57
Glottis,20
Gloxinia,99
Gluma,4
Glycine,388
Gna,1
Gnathic,1
Gnomon,1
Gnu,1
Gnus,21
Godiva,9
Goe,5
Goel,1
Goes,35
Gog,4
Gol,1
Golem,2
Goliath,5
Gomphosis,1
Gondola,1
Gonga,1
Goniaster,81
Goniatites,496
Gonidium,1
Gonium,37
Gonococcus,1
Gonzaga,10
Gopher,1
Gora,2
Gordon,2
Gorgon,10
Gorgora,2
Gorilla,42
Goura,40
Goya,10
Gracchus,2
Gradus,1
Gram,2
Grammatophyllum,46
Grampus,30
Granada,2
Granadilla,17
Grandia,3
Grania,96
Grano,1
Grant,2
Graphium,577
Gras,3
Graus,3
Grazia,1
Gregorius,2
Greys,2
Grindelia,348
Grinnellia,6
Grison,8
Gros,2
Grus,98
Guaco,2
Guaiacum,30
Guam,1
Guan,1
Guanaco,1
Guarani,2
Guatemala,2
Guereza,2
Gufa,3
Gulex,1
Guru,2
Gus,1
Gustavus,2
Gutta,1
Gym,1
Gypsophila,544
Gyracanthus,32
Gyron,1
Gyrus,1
Habeas,9
Haber,18
Hades,11
Haematoxylon,4
Haematozoon,5
Haga,2
Haida,8
Halcyon,294
Haleakala,1
Halmahera,2
Halter,27
Ham,1
Hama,10
Hamartia,10
Hamelia,75
Hamster,5
Hamulus,27
Hamza,6
Han,1
Hanno,2
Hansa,7
Harena,1
Harmonicon,5
Hartogia,130
Haruspex,50
Harvey,1
Hase,3
Hasta,12
Hathor,2
Haustellum,56
Haustorium,1
Haya,3
Hayata,6
Hea,4
Hebe,268
Hecate,7
Hectocotylus,4
Hecuba,6
Hegira,2
Heide,7
Heike,1
Hekate,2
Helena,13
Heli,1
Helianthus,569
Helices,8
Helicon,2
Heliogabalus,3
Helios,2
Helium,1
Helix,9791
Helle,4
Helvetia,18
Hem,1
Hematites,3
Hemileia,74
Hemophilus,1
Henna,3
Henrietta,2
Hepatica,100
Hepatitis,1
Hephaestus,17
Hera,4
Heraclea,14
Heracles,2
Heraclitus,2
Herbarius,1
Here,13
Heres,7
Herma,6
Hermes,49
Hermogenes,13
Hermosa,10
Hernia,3
Hero,4
Herodias,37
Herophilus,1
Herpes,2
Herrera,40
Hertha,8
Hesione,43
Hesperidium,2
Hesperus,264
Hestia,87
Hetaera,9
Heteranthe,2
Hetero,1
Heteromya,1
Heteromys,92
Heterophaga,4
Heterotaxis,26
Heth,56
Hevea,103
Hexagrammos,12
Hiatus,2
Hibachi,1
Hibernia,23
Hibiscus,1684
Hidalgo,4
Hidrosis,3
Hieracia,1
Hierofalco,22
Hieronymus,2
Hilda,26
Hilsa,17
Himalaya,1
Hindu,1
Hinnites,119
Hipparchus,21
Hippocampus,171
Hippocratea,329
Hippocrene,16
Hippolytus,3
Hippopotamus,97
Hispania,2
Hispaniola,1
Hoa,2
Hoff,1
Holes,2
Hollandia,3
Hollandiae,1
Holocephala,1
Holothurian,2
Homo,138
Homunculus,11
Hong,4
Honorius,7
Hoops,2
Hora,2
Horologium,2
Horta,2
Hortensia,44
Horus,12
Hosackia,163
Hosea,4
Hospes,36
Houbara,6
Houstonia,176
Hra,4
Hua,29
Hya,5
Hyacinthus,165
Hyades,4
Hyaena,104
Hybris,30
Hydra,174
Hydrangea,453
Hydrastis,7
Hydria,29
Hydrocephalus,9
Hydromedusa,12
Hydrophis,177
Hydropotes,10
Hydrops,21
Hydrous,69
Hydrozoa,3
Hydrus,34
Hyena,8
Hyla,1431
Hylas,6
Hylomys,21
Hymenium,1
Hymettus,2
Hyoscyamus,104
Hypanthium,1
Hyperbola,16
Hyperion,5
Hypha,23
Hypnos,6
Hypnum,4365
Hypo,1
Hypocrite,1
Hypoderma,282
Hypodermis,2
Hypogeum,2
Hypostome,2
Hypsiprymnus,23
Hyrax,29
Hyrcania,29
Hys,2
Hysteria,3
Ia,7
Iago,7
Iba,4
Ibarra,2
Iberia,3
Ibex,13
Ibis,90
Icaria,125
Icarus,4
Ichneumon,3533
Ichthyornis,13
Icterus,278
Ictinus,31
Ictonyx,67
Ictus,2
Ida,77
Ide,5
Idea,234
Ido,1
Idolum,5
Idomeneus,1
Idris,178
Ifan,2
Iga,2
Ignatius,2
Ignavia,14
Ignis,2
Iguana,71
Iguanodon,44
Ija,2
Ikeda,3
Ilex,1981
Ilia,19
Ilirundo,1
Illus,3
Illyria,6
Ilocano,3
Ima,4
Imagine,1
Imber,2
Impatiens,2013
Imperator,18
Imperia,1
Impostor,2
Inca,35
Incubus,2
India,5
Indiana,24
Indicator,79
Indonesia,3
Indra,3
Induna,6
Inermia,2
Infula,2
Infundibulum,48
Inhambane,1
Inia,17
Inna,19
Ino,63
Inpa,2
Inquisitor,144
Ins,11
Insignia,14
Insula,15
Inu,4
Inula,591
Investigator,2
Involucrum,2
Io,77
Ioa,2
Ion,3
Iona,5
Ione,54
Ionia,3
Ios,2
Iota,16
Ipa,7
Iphigenia,47
Ipo,23
Ips,322
Ipsa,8
Iquitos,2
Ira,32
Irate,1
Irene,180
Iria,134
Iridium,2
Iris,1734
Iron,46
Iru,2
Isa,9
Isabel,4
Isabella,4
Isis,57
Iso,8
Isosceles,6
Israelites,2
Issus,187
Ita,14
Ithaca,1
Iti,2
Iulus,432
Iva,61
Ive,3
Ix,2
Ixa,18
Ixia,461
Ixion,4
Iza,20
Izanami,4
Ja,3
Jabiru,7
Jacaranda,151
Jacobites,17
Jalapa,7
Jalisco,2
Jamaica,2
Janus,45
Japonica,24
Jardine,2
Jarra,8
Jasione,253
Jason,2
Java,24
Jaxartes,13
Jaya,10
Jedda,2
Jerboa,5
Jericho,2
Jia,2
Jim,2
Jinx,1
Joanna,4
Johnsonia,51
Jonas,10
Jones,2
Joppa,249
Jota,1
Juba,11
Julia,13
Juliana,3
Julianus,3
Julius,3
Jumbo,1
Junco,67
Juno,110
Justitia,11
Justus,3
Kaala,2
Kabylia,4
Kaffraria,2
Kahua,2
Kairos,2
Kali,54
Kalidasa,11
Kalina,4
Kalmia,58
Kalpa,2
Kaluga,2
Kamala,2
Kana,20
Kanaka,2
Kandelia,7
Kar,3
Kara,8
Karelia,2
Kari,2
Karnes,2
Karsten,3
Kas,1
Katanga,21
Kaya,2
Keitloa,1
Ken,1
Kenema,2
Kenya,1
Kenyatta,2
Ker,9
Kerala,14
Kerbela,3
Kermes,115
Kerria,84
Kikongo,4
Kinkajou,2
Kiwi,9
Klebsiella,42
Knightia,17
Knysna,6
Koala,2
Kochi,1
Kokia,11
Kola,1
Komma,2
Kraken,2
Krebs,10
Krishna,1
Kronos,2
Kua,2
Kuala,5
Kukalova,3
Kut,4
Kylix,13
Kyphosis,3
La,6
Lab,1
Labia,145
Labium,35
Lablab,35
Labrum,2
Laburnum,74
Lac,2
Lacerta,1058
Laches,9
Lachesis,87
Lachnostema,1
Lacinia,9
Laconia,1
Lactobacillus,315
Lacuna,197
Ladanum,9
Lade,1
Lado,12
Ladoga,60
Lae,2
Laertes,1
Laertiades,1
Lagena,1461
Lagos,1
Lagostomus,55
Laguna,16
Laius,207
Lala,2
Lam,4
Lama,67
Lambda,1
Lamella,4
Lamia,519
Lamina,8
Lamonte,2
Lamp,1
Lampas,9
Lampedusa,17
Lams,1
Lana,5
Lands,1
Lanes,3
Langaha,11
Lanka,15
Lantana,621
Lanugo,21
Laocoon,3
Laodicea,22
Lapsus,3
Lar,5
Lara,15
Larentia,842
Laris,7
Larissa,6
Lars,4
Larva,6
Laser,14
Lass,20
Lassa,19
Latina,5
Latium,4
Latona,29
Latrodectus,124
Laura,9
Laurasia,2
Laurentius,4
Laverania,7
Lazarus,1
Lea,5
Leander,144
Lecanium,414
Leda,674
Lederer,1
Leersia,127
Leila,11
Leis,43
Leishmania,85
Lem,1
Lema,1241
Lemma,3
Lemniscus,3
Lemnius,8
Lemoinei,1
Lemon,2
Lempira,4
Lemur,114
Lemus,1
Lena,4
Lenka,2
Lens,93
Lenticularis,1
Lentigo,4
Lento,28
Leo,19
Leonardo,3
Lepidodendron,64
Lepidosiren,10
Lepidosis,2
Lepidotes,57
Lepidus,2
Lepto,16
Lepton,74
Leptosphaeria,1704
Lepus,723
Lethe,519
Lethocerus,40
Letia,1
Leto,6
Letups,1
Leucas,372
Leucifer,7
Leucippus,16
Leucoma,147
Leucosticte,58
Leuctra,324
Leva,33
Leviathan,3
Levites,14
Lewisia,79
Lexis,7
Lia,42
Liana,2
Lib,1
Libellus,33
Libia,1
Libido,7
Libra,6
Libya,1
Lichen,2055
Liger,2
Ligula,64
Ligustrum,363
Lilac,21
Lile,6
Lima,954
Limas,2
Limma,4
Limon,5
Limulus,61
Linda,81
Linea,2
Lingo,1
Linnaeus,2
Linsang,4
Linter,3
Linum,904
Lio,3
Liquidambar,62
Lira,1
Liriodendron,60
Lisa,1
Lista,25
Litchi,15
Lithium,7
Litho,1
Litiopa,41
Litotes,2
Litsea,931
Lituola,97
Lituus,6
Livistona,103
Livius,3
Livonia,10
Liza,88
Llama,3
Lo,5
Loa,5
Lobelia,1866
Lobularia,125
Lochia,7
Locris,143
Loella,1
Lois,2
Loja,4
Loki,3
Lomax,2
Lon,18
Lophiomys,12
Lophortyx,42
Lorica,15
Loris,32
Lorius,65
Loro,1
Lota,36
Lothario,2
Lotus,930
Lou,1
Louisa,2
Loxodonta,49
Loy,4
Loyola,6
Lua,2
Lubra,3
Luca,3
Lucania,10
Lucia,18
Lucifer,29
Lucilius,3
Lucina,994
Lucio,28
Lucullus,2
Ludovicus,1
Luffa,84
Luira,1
Lumpen,1
Lunetta,1
Lunula,1
Lupercalia,2
Lupus,10
Lusatia,1
Lusitania,2
Luta,1
Lux,3
Luzuriaga,20
Lybia,13
Lycaon,64
Lychnis,359
Lycia,130
Lycopodium,1447
Lycosa,817
Lycurgus,14
Lyda,173
Lyde,3
Lydia,11
Lymantria,505
Lymnaea,701
Lynx,105
Lyra,5
Lysias,9
Lysis,14
Lyssa,38
Lytta,436
Lyx,2
Maana,6
Maba,210
Mac,3
Macaco,2
Macadamia,29
Macao,2
Macedonia,1
Macrinus,8
Macro,5
Macrobiotics,7
Macrobius,3
Macron,17
Macula,1
Madera,2
Maderia,6
Madura,13
Maecenas,1
Maes,2
Mafia,2
Magallanes,4
Magdalena,2
Magma,2
Magna,2
Magnolia,953
Magog,2
Magus,3
Maia,54
Maimon,2
Mais,1
Maja,119
Major,2
Maki,5
Mala,5
Malacobdella,17
Malax,1
Malaya,15
Malleco,3
Malleolus,2
Malleus,48
Malo,6
Malus,654
Mama,3
Mamma,9
Mammilla,24
Mammonteus,4
Manaia,2
Manana,5
Manaos,8
Mandala,4
Mandola,6
Mandragora,25
Mandrill,1
Manengouba,1
Manes,3
Manga,9
Mangle,1
Mania,29
Manilla,24
Manipulator,2
Mann,1
Manna,6
Manoa,5
Manta,17
Mantis,395
Mantissa,1
Mantra,2
Mantua,2
Mara,4
Maraca,5
Maracanda,19
Marcelia,2
Marengo,13
Margarita,409
Margay,4
Marginalia,6
Maria,8
Mariana,16
Maries,2
Marimba,8
Marina,54
Mariola,2
Mariposa,16
Marius,4
Marks,1
Marmara,29
Marnia,4
Marolda,4
Mars,7
Marsupium,1
Martha,6
Martyr,3
Mary,1
Mas,1
Massilia,54
Mastodon,129
Masuria,31
Matabele,4
Mater,2
Mathesis,3
Mathesius,2
Mathura,2
Matilda,2
Matrix,2
Mauna,23
Maurus,2
Maurya,19
Maximus,5
May,5
Maya,8
Mazama,100
Mazuca,14
Mea,5
Medan,6
Medea,8
Media,4
Mediator,1
Medina,69
Medium,8
Medius,8
Medusa,136
Meg,1
Megaera,19
Megalocardia,2
Meganeura,13
Meganthropus,4
Megara,1
Meghalaya,2
Mei,2
Meiosis,2
Melaleuca,811
Melan,4
Melanesia,12
Melanin,2
Melanoma,1
Melanoplus,642
Melanosis,1
Melba,43
Meleager,1
Melee,2
Meliacea,3
Melinda,93
Meloe,481
Melon,1
Melos,2
Melospiza,80
Melpomene,69
Melursus,10
Memnon,1
Memnonium,7
Memoria,1
Memphis,159
Menander,36
Mendoza,27
Mene,15
Menes,3
Menis,2
Meniscus,51
Menton,1
Mephitis,131
Mercatoria,1
Mercia,1
Merganser,18
Meri,27
Meridion,72
Merriam,1
Mesa,76
Mesopotamia,1
Meta,110
Metacercaria,39
Metalepsis,12
Metaplasia,11
Metellus,5
Methane,1
Methone,29
Metope,3
Metopon,21
Mexia,2
Mexicana,7
Mexico,11
Mezereum,2
Miami,1
Miasma,3
Mica,7
Michaela,1
Michener,2
Miconia,2836
Micra,34
Micrampelis,35
Micro,9
Micrococcus,80
Microcosmus,117
Microfilaria,113
Micromelus,9
Micron,3
Microphthalmia,1
Microphthalmos,2
Microsauria,4
Microtia,11
Microtome,9
Midas,87
Mikado,5
Mike,3
Miletus,285
Miliaria,17
Militia,2
Milium,208
Milne,3
Mimas,83
Mimosa,2289
Mina,42
Minerva,4
Mines,2
Minimus,2
Minion,1
Minium,2
Minos,2
Minus,1
Minutia,2
Mira,18
Mirabilis,232
Mirador,3
Miranda,13
Mirza,3
Miscellanea,32
Mit,1
Mithras,20
Mitra,1749
Miura,2
Mixtec,2
Mneme,1
Mnemosyne,57
Mnium,676
Moa,1
Mobula,29
Moca,52
Modiolus,405
Modulus,64
Mojo,2
Mola,21
Molina,46
Moloch,3
Moly,4
Mombasa,4
Momentum,10
Momot,1
Momotus,84
Moms,2
Momus,1
Mona,3
Monads,2
Monarda,158
Monas,104
Mondo,42
Mongo,5
Mongolia,2
Monia,23
Monica,4
Monitor,52
Monoceros,85
Monoclonius,19
Monocyclica,2
Monongahela,3
Monopteros,2
Monostome,1
Monostomum,77
Montana,34
Montezuma,5
Monza,16
Moorea,16
Mora,16
Moravia,9
Mordella,833
Morea,21
Moreno,7
Morion,73
Mormon,19
Morns,1
Morocco,2
Moron,2
Morone,27
Morpheus,1
Morris,1
Morta,2
Morula,93
Mosasaurus,60
Mossman,2
Motmot,2
Moya,5
Mua,2
Mucha,6
Mucor,719
Mucus,1
Mulciber,19
Multi,1
Multiplex,1
Munda,37
Murcia,61
Murex,2071
Murmur,2
Mus,1268
Musa,507
Musca,1710
Musculus,138
Musea,1
Musica,1
Mutate,1
Mutisia,264
Mya,258
Myall,2
Mycelia,1
Mycelium,11
Mycobacterium,278
Mycoderma,89
Mycorrhiza,1
Mydaus,19
Myiarchus,160
Mylitta,15
Myopia,2
Myosolis,1
Myosotis,838
Myra,53
Myrica,351
Myriotrichia,19
Myrmidon,1
Myron,5
Mysia,40
Mysterium,1
Nacelle,1
Naevus,9
Naiades,6
Nalepa,1
Nama,276
Namibia,7
Nan,1
Nanna,68
Naos,4
Napoleon,2
Nara,2
Narcissus,1132
Nardo,2
Narita,8
Narthecium,31
Narthex,5
Narum,1
Narwhal,1
Nasa,151
Nason,1
Nasturtium,439
Nat,2
Natalina,39
Natator,4
Nauplius,39
Nautilus,948
Navasota,10
Navigator,5
Nea,6
Nebo,15
Nebula,128
Necrosis,1
Nectandra,495
Negus,7
Nele,2
Neleus,63
Nematodes,39
Nemes,1
Nemesis,23
Nemichthys,17
Nemo,10
Nemopanthus,14
Nennius,1
Neo,2
Neobalaena,4
Neogea,8
Neogene,16
Neon,37
Neoptolemus,4
Nepal,5
Nephridia,2
Nephron,3
Nephrosis,2
Nereus,3
Nerites,3
Neruda,18
Nerva,1
Nes,2
Nesokia,41
Nessa,5
Nessus,1
Nesta,6
Nestor,19
Neurasthenia,1
Nevada,2
Nevis,1
Nexus,2
Ngoma,2
Nia,8
Nicaea,3
Niche,1
Nicias,3
Nicola,2
Nicolaus,33
Nicolina,1
Nicotiana,444
Nicotine,1
Nicoya,2
Nidus,4
Niger,1
Nigeria,3
Nihon,7
Nimbus,19
Nina,23
Ninurta,2
Niobe,70
Niobrara,1
Nipa,15
Niphus,1
Nirvana,33
Nishida,2
Nisso,1
Nisus,61
Nites,6
Nitrobacteria,4
Nix,2
Noctiluca,12
Noda,63
Nodua,1
Nodus,7
Nok,2
Nola,883
Nona,2
Nonion,457
Nora,7
Norma,2
Norton,2
Norumbega,2
Nosema,379
Nossa,10
Nostoc,351
Notabilia,1
Notelaea,57
Notidanus,58
Notiosorex,13
Notorious,1
Notornis,9
Notus,45
Noumea,39
Novella,19
Novia,2
Nox,2
Nucida,2
Nucleolus,3
Nucleus,1
Numa,2
Numerous,2
Numidia,2
Nun,2
Nuncia,86
Nuntius,2
Nutria,1
Nuttallia,93
Nux,5
Nya,1
Nyala,2
Nyaya,9
Nympha,1
Nymphon,434
Nystagmus,2
Nyx,4
Oa,3
Oar,22
Oaxaca,3
Oberon,2
Obia,2
Obolus,212
Obsoletes,50
Oceana,2
Oceania,73
Oceanus,4
Oco,1
Ocosingo,6
Octavia,3
Octopus,384
Oculus,3
Ocypoda,66
Ocypode,106
Oda,2
Odetta,29
Odo,28
Odobenus,22
Odontia,317
Odysseus,2
Oedema,2
Oedipus,82
Oenone,49
Ofelia,1
Off,1
Offa,1
Ogu,3
Oia,6
Oidium,521
Ois,1
Ojeda,2
Okapi,2
Ola,3
Oldhamia,9
Oleander,3
Oleaster,2
Olin,2
Olive,1
Olla,51
Olus,1
Olympia,7
Oma,4
Oman,3
Omega,2
Ommatidium,1
Omnia,2
Omphale,312
Omura,3
Ona,3
Onager,12
Oncorhynchus,142
Ondatra,54
Onega,12
Oneida,11
Onofre,4
Onondaga,1
Onus,19
Onyx,26
Oops,2
Opa,7
Ophidian,5
Ophiuchus,10
Ophiuroid,2
Ophthalmitis,61
Opossum,2
Ops,18
Opuntia,1732
Ora,98
Oralia,4
Orbiculoidea,175
Orbitolites,108
Orchestia,176
Orcus,43
Oreopithecus,2
Orestes,25
Orion,11
Orium,2
Orizaba,2
Orna,10
Ornithorhynchus,17
Orontes,2
Orosius,26
Orpheus,22
Orthagoriscus,16
Oryx,53
Osa,7
Osaka,4
Osiris,49
Osmunda,226
Ossa,7
Osteoglossum,18
Osteolepis,18
Ostertagia,79
Othello,1
Otho,8
Otidia,11
Otina,6
Otis,85
Otitis,1
Otoliths,2
Ova,10
Ovum,6
Oxalis,2272
Oxus,72
Oyama,5
Ozaena,57
Paa,46
Pabulum,2
Pachydermia,3
Pachyma,6
Pachysandra,25
Padus,150
Pae,9
Paean,1
Paeon,11
Pagoda,1
Pais,7
Pal,1
Paladin,53
Palaestra,12
Palatka,3
Palestrina,2
Pallas,2
Pallium,14
Palma,33
Palmar,5
Palmyra,12
Pampa,46
Pampas,2
Pamplona,5
Pan,59
Panacea,31
Panama,2
Pancratium,169
Panda,13
Pandanus,1642
Pandarus,70
Pandemonium,3
Pandora,176
Panel,1
Pangolin,1
Pannonia,1
Pantaleon,10
Pantheon,2
Panther,1
Pants,3
Pao,16
Pap,2
Papa,7
Papaya,50
Papilla,11
Papilloma,2
Papillon,3
Papirius,68
Pappus,39
Papua,3
Papyrus,28
Par,9
Para,8
Paraba,21
Parabasis,3
Parabola,2
Paracephalus,3
Paraglossa,6
Paralysis,1
Paramatta,3
Paramecium,154
Paramo,4
Paramoecium,16
Parana,7
Parapodium,5
Paraselene,1
Paratype,11
Parce,2
Pareira,2
Paria,67
Pariah,2
Parilia,7
Paris,153
Parish,1
Parisis,19
Park,1
Parka,4
Parma,16
Parnassus,1
Paronychia,519
Parosela,369
Parthenope,116
Parthenos,82
Parthia,2
Parts,1
Parvati,1
Passa,4
Passer,271
Passerine,1
Passus,4
Pastor,50
Patagium,7
Patagonia,13
Patella,1096
Pater,1
Patina,12
Patritius,15
Patroclus,7
Patter,1
Patu,26
Paula,2
Pauline,3
Paulownia,39
Paulus,2
Paura,3
Pavia,57
Pavo,25
Paw,1
Paxton,2
Pay,1
Peba,3
Pecten,3274
Pectin,1
Pedicellaria,23
Pedioecetes,14
Pegasus,21
Pela,2
Pelargonium,1763
Pelias,28
Pelion,4
Pella,68
Pelops,80
Peloria,10
Pelorus,3
Pemba,10
Pemphigus,319
Pena,2
Penates,1
Pendragon,1
Penelope,111
Peneus,33
Penguin,1
Penicillium,1451
Penis,1
Penna,3
Pennon,6
Penstemon,1081
Pentastomum,41
Penthestes,17
Pentheus,2
Pentstemon,13
Penza,2
Peoria,49
Peplum,8
Pera,90
Perea,1
Pereira,1
Perforates,7
Peri,1
Peridinium,1089
Peridium,27
Perinea,2
Peristoma,6
Peristomium,5
Periwinkle,2
Perk,1
Perla,348
Pero,425
Peropus,22
Perro,6
Perse,18
Persephone,2
Perseus,4
Persia,4
Persis,14
Persona,12
Peru,2
Perugia,2
Pes,2
Pesotum,20
Petasus,7
Petra,2
Petrus,4
Petta,11
Petula,2
Petunia,114
Phacochoerus,52
Phaeacia,1
Phaedra,10
Phaedrus,1
Phaestus,9
Phaeton,18
Phalanger,83
Phalaris,276
Phalarope,1
Phallus,199
Pharao,2
Pharsalia,58
Pharsalus,2
Phasia,248
Phasis,67
Phidias,2
Phila,13
Philae,1
Philander,49
Philemon,110
Phillis,1
Philoctetes,63
Philodendron,1332
Philodina,106
Philohela,4
Phlebodium,45
Phlegm,1
Phlox,567
Phlyctena,4
Phoebe,344
Phoebus,2
Phoenicia,2
Phoenix,95
Phora,464
Phos,225
Phosphorus,16
Phrixus,7
Phrygia,7
Phu,1
Phyla,63
Phyle,16
Phyllocladia,1
Phyllode,1
Phylloscopus,415
Phylloxera,159
Physcia,1801
Physic,2
Physis,5
Phytophthora,359
Phytoplasma,16
Pia,2
Pic,1
Pica,126
Picas,1
Piccola,9
Piccolo,2
Pieria,3
Pignus,4
Pika,2
Pilbara,3
Pileus,6
Pilocereus,223
Pima,23
Pina,1
Pindus,2
Pinero,2
Pinna,434
Pinon,1
Pinta,1
Pion,13
Pious,1
Piper,5642
Pipilo,138
Piras,3
Pirates,102
Piricularia,13
Pisa,66
Piscator,3
Pistor,1
Pit,2
Pita,2
Pitanga,1
Pitcairnia,803
Pithecanthropus,6
Pitta,247
Pixie,1
Placenta,17
Plan,2
Plana,5
Planula,2
Plasmodium,471
Plat,3
Plata,1
Plataea,20
Plater,3
Plato,10
Platonica,13
Platt,10
Platy,2
Platyope,35
Platypus,1142
Platysma,524
Plautus,6
Plea,50
Plebs,35
Plecoptera,119
Plecotus,103
Pleuropneumonia,1
Plexus,2
Plica,17
Plumbago,89
Pluto,69
Plutonium,3
Plutus,1
Poa,3608
Podagra,2
Podia,2
Podium,70
Pogonia,186
Poinciana,43
Poinsettia,48
Pol,2
Pola,1
Polenta,3
Polio,3
Polities,5
Pollux,7
Poly,1
Polyadelphia,1
Polyanthus,2
Polybius,14
Polycrates,17
Polygnotus,53
Polymorphic,2
Polymorphism,2
Polynesia,6
Polynices,37
Polyphemus,29
Polyphone,1
Polypus,79
Polyzoa,35
Pom,1
Pomerania,4
Pomponatius,3
Pons,3
Pontanus,6
Pontes,3
Pontifex,2
Pontus,1
Poole,1
Pori,2
Porphyria,65
Porta,5
Porter,2
Portulaca,598
Poseidon,5
Possum,1
Post,1
Potamogale,6
Potentilla,4505
Potoroo,1
Potos,47
Potto,3
Prague,1
Praia,6
Prajna,2
Pram,1
Prana,1
Praxis,20
Precis,287
Precursor,4
Pretoria,4
Pretorius,2
Pri,1
Priapus,12
Prima,4
Primavera,1
Primula,2180
Primus,3
Princeps,46
Principia,1
Prionops,50
Prionus,428
Priscilla,3
Pristine,2
Pro,4
Proa,2
Probative,1
Problema,6
Proboscis,7
Procne,1
Proconsul,9
Procopius,17
Procrustes,111
Proctor,1
Procyon,109
Products,20
Proetus,502
Proglottis,1
Prolepsis,24
Prom,1
Prometheus,9
Pronuba,10
Prop,1
Propertius,5
Propithecus,42
Propolis,109
Propylaea,6
Proserpina,29
Prosopon,82
Prostheca,2
Prosthesis,2
Protasis,4
Protaspis,35
Proteides,126
Proteus,129
Protium,331
Proton,2
Protonema,6
Protozoon,2
Prunella,249
Psalter,1
Psetta,10
Pseudaxis,2
Pseudechis,38
Pseudo,12
Pseudochrysalis,2
Pseudonymous,1
Psithyrus,500
Psoas,1
Psyche,271
Pteranodon,20
Pteris,1484
Pterocles,95
Ptilocercus,8
Ptinus,554
Pua,3
Puck,2
Pudendum,2
Pudicitia,2
Puebla,4
Puff,2
Pulsellum,31
Pulvinus,3
Puma,107
Punta,2
Pupa,1518
Puri,2
Purpura,620
Purusha,7
Puto,82
Pycnidium,1
Pydna,64
Pygidium,88
Pyrameis,145
Pyramidella,259
Pyramidon,2
Pyrene,162
Pyrethrum,475
Pyrope,4
Pyrosis,22
Pyrrha,6
Pyrrhuloxia,10
Pytheas,14
Pythia,98
Python,105
Pyxidium,50
Pyxis,10
Qia,2
Qii,1
Qu,1
Quagga,1
Quasi,2
Quassia,65
Quathlamba,2
Quechua,11
Queda,4
Queria,12
Quesada,4
Questa,11
Questo,2
Quirinus,1
Ra,3
Rabirubia,2
Rachis,80
Rachycentron,7
Rad,1
Radiolaria,8
Radium,2
Radius,10
Radix,225
Radula,646
Raffia,2
Rafflesia,59
Rai,1
Rail,1
Raja,495
Rak,3
Rama,12
Ramus,2
Rana,1710
Rancagua,5
Randalia,7
Ranis,4
Ranna,2
Ranunculus,5785
Rao,2
Rapa,24
Raphiolepis,4
Raptor,2
Rasbora,189
Rasia,3
Rastrum,1
Rata,4
Rauwolfia,29
Ravenna,8
Rea,16
Rebecca,3
Rebel,1
Redivivus,1
Regalia,17
Regin,2
Regina,20
Regis,3
Regius,3
Regulus,124
Reihe,7
Reinwardtia,23
Remex,2
Remit,1
Remora,11
Remus,12
Reo,3
Republica,5
Reseda,477
Resto,1
Retiarius,5
Reticella,2
Reticulum,12
Retina,12
Rex,1
Rhabdopleura,25
Rhachis,29
Rhadamanthus,23
Rhaetia,1
Rhea,31
Rhesus,5
Rheum,153
Rhinoceros,185
Rhizobium,138
Rhizoctonia,149
Rhode,11
Rhodes,2
Rhodesia,8
Rhododendron,3474
Rhombus,97
Rhonchus,1
Rhopalium,1
Rhus,1057
Ricine,2
Rickettsia,59
Rictus,2
Riga,2
Rigel,2
Rila,1
Ringaringa,2
Rio,16
Rioja,2
Rissoa,1172
Rita,18
Rivera,1
Roa,10
Robbia,8
Robert,2
Robertus,62
Robinia,266
Roche,2
Rodina,1
Roger,2
Rogers,1
Roma,1
Romana,4
Romania,4
Romulus,2
Ronco,2
Roraima,2
Rosa,8631
Rosalia,149
Rosana,1
Rosario,2
Roscius,20
Roselia,3
Rosenbergia,82
Rosetta,3
Rosinante,1
Rostellum,2
Rot,4
Rota,4
Rotifer,44
Rotunda,2
Rox,2
Rubeola,6
Rubes,2
Rudbeckia,215
Ruellia,1162
Russia,1
Ruthenia,8
Rya,2
Saavedra,3
Saba,10
Sabadilla,8
Sabia,130
Sabina,156
Sabra,10
Sabula,2
Sacandaga,6
Sacculus,7
Safran,2
Saga,53
Sagitta,158
Sagittarius,2
Sago,1
Sagra,100
Saida,15
Saiga,17
Saintpaulia,49
Sais,35
Saiva,18
Saki,1
Sala,5
Salamandrina,5
Salamis,55
Salaries,3
Salina,104
Salmonella,84
Salpa,142
Salpiglossis,39
Salpinx,49
Salta,2
Salvator,9
Salvia,2941
Sama,2
Samara,44
Samaria,7
Samba,13
Samoa,4
Samuela,4
Sancho,3
Sanctum,1
Sanctus,2
Sanda,1
Sander,13
Sandrocottus,1
Sanguinaria,25
Santa,3
Santiago,3
Santonica,2
Sao,7
Sapajou,4
Sapota,41
Sara,2
Saragossa,14
Sarasota,4
Sarcorhamphus,12
Sardinia,10
Sardis,3
Sardius,4
Sargassum,1006
Sarmatia,48
Sarna,3
Sarpedon,6
Sarracenia,175
Sarsaparilla,2
Sartor,7
Sas,4
Sasa,798
Sassafras,73
Sat,2
Satan,2
Satsuma,207
Saturnalia,2
Saul,5
Sava,3
Savina,2
Say,2
Scabies,11
Scaevola,396
Scala,433
Scalenus,16
Scales,3
Scandia,12
Scandium,2
Scaphander,148
Scaphiopus,59
Scapula,21
Scarabaeus,1370
Sceloporus,331
Scena,4
Schema,11
Schinus,315
Schipa,1
Schistocephalus,22
Schistosoma,49
Schizotrypanum,8
Scilla,666
Scintilla,123
Scipio,5
Scissor,2
Sclera,1
Sclerodema,1
Scleroderma,247
Scleroma,3
Sclerotia,8
Scolex,28
Scopas,2
Scopelus,144
Scopolia,84
Scopula,1820
Scorcher,1
Scoria,16
Scorpio,199
Scorpion,1
Scorpius,36
Scotia,146
Scrinium,20
Scrotum,2
Scudder,1
Scutum,13
Scylla,27
Scyphistoma,4
Scyphozoan,1
Scyphus,2
Scythia,7
Sebastodes,128
Sedilia,6
Sedum,2407
Seena,2
Segura,2
Seiurus,28
Selaginella,2093
Selene,24
Seleucia,4
Sells,1
Selma,4
Selon,1
Semele,246
Semen,4
Semiramis,2
Semolina,2
Senator,1
Senega,2
Senna,626
Sepia,303
Sepsis,349
Septa,32
Septoria,3113
Sequoia,68
Ser,2
Serapis,8
Serena,4
Seria,2
Serious,1
Serpens,2
Serval,1
Servitor,1
Ses,2
Sesquialtera,5
Seta,1
Setophaga,190
Severus,2
Shaitan,3
Shako,2
Sharon,2
Sheba,1
Shigella,7
Shiva,2
Shorea,405
Sia,11
Siberia,2
Sic,1
Sicilia,1
Side,3
Siderites,1
Sidis,7
Sierra,1
Sigma,2
Sign,1
Sika,48
Silesia,2
Silesius,1
Siliqua,60
Silo,47
Silures,1
Silva,1
Silvan,1
Silvanus,99
Silvius,158
Sima,117
Simarouba,28
Simile,1
Simla,2
Simo,18
Simplicius,2
Simpulum,20
Simulator,2
Sinaloa,12
Sinatra,2
Sinica,4
Sinton,1
Sinus,1
Sio,3
Sion,1
Sipes,1
Siphon,1
Siphonaptera,8
Siphonaria,265
Siphonium,23
Siren,27
Sirius,13
Sistrum,51
Sistrurus,26
Sisyphus,159
Sita,5
Situla,9
Situs,2
Siva,44
Ska,2
Skimmia,79
Slater,1
Smarts,3
Smilax,1027
Sminthurus,346
Smyrna,12
Soa,10
Socorro,2
Socotra,2
Soda,18
Sofia,14
Sogdiana,1
Sokotra,1
Sol,2
Solanum,6608
Solarium,426
Solatium,1
Solenostomus,19
Solidago,1039
Solitary,2
Solus,21
Somalia,4
Somateria,45
Sonata,11
Sonora,39
Sophia,84
Sophrosyne,15
Sora,34
Sorella,11
Sorer,2
Sorghum,756
Sorites,17
Sors,2
Sousa,15
Souza,3
Spadix,3
Spandex,2
Sparta,2
Spartacus,11
Spathe,5
Spatula,28
Spectrum,24
Speculator,2
Speculum,2
Speos,1
Spermophile,1
Spex,1
Sphaeralcea,295
Sphagnum,3828
Spheroids,3
Spherula,1
Sphinx,781
Spica,7
Spiculum,2
Spilogale,79
Spin,1
Spinier,1
Spinifex,16
Spinola,1
Spinoza,7
Spiraea,1134
Spirillum,38
Spirogyra,898
Spirosoma,54
Spirula,23
Spizella,46
Spondylus,519
Sponsor,138
Sporades,13
Sporangium,1
Spree,1
Squama,4
Stanhopea,252
Staphylococcus,120
Stator,36
Stegodon,44
Stella,10
Stemma,3
Stems,5
Steno,39
Stenosis,143
Stentor,91
Stephanotis,37
Stereopsis,24
Sterigma,15
Stern,1
Sterna,328
Sternal,1
Stigma,9
Stilophora,30
Stoa,5
Stoliczka,3
Stoma,2
Strabo,3
Stramonium,14
Strata,2
Strategus,76
Stratus,6
Strawberry,2
Streptococcus,206
Strobila,12
Stromboli,2
Strong,3
Strophanthus,169
Struma,1
Struthius,1
Stubble,1
Stupa,1
Stylus,4
Styrax,544
Styria,1
Styx,3
Sua,2
Subclimax,1
Suberites,229
Sudra,8
Sulcus,2
Sulla,15
Sultana,28
Sumatra,2
Sumba,10
Sumeria,8
Suricata,22
Sus,335
Susa,19
Susanna,4
Sutra,1
Sva,2
Swan,2
Sybaris,23
Sybr,1
Syllepsis,1
Sylvanus,14
Sylvius,2
Symbion,3
Symphonia,62
Symploce,199
Synapsis,36
Syncope,9
Synecdoche,23
Syngnathus,342
Synopsis,3
Synteleia,2
Syria,20
Syringa,301
Syrinx,31
System,3
Systole,56
Tabebuia,310
Tachyglossus,36
Tachyon,2
Tacitus,2
Tacoma,4
Tacsonia,113
Taenia,674
Taenidia,13
Tagalog,5
Tagua,2
Taita,4
Taiwan,2
Talara,63
Talavera,22
Talca,4
Talia,7
Talipes,1
Talisman,6
Talitha,5
Talos,2
Talus,1
Tamandua,47
Tamarin,1
Tamera,1
Tampa,3
Tan,4
Tana,8
Tanada,1
Tanagra,287
Tandilia,26
Tanga,1
Tanoa,1
Tantalus,54
Tanzania,7
Taonurus,6
Tapajos,2
Tapir,10
Tar,1
Tara,14
Tarantula,47
Taraxacum,3978
Tarentola,125
Tarka,2
Tarpon,3
Tarquinius,2
Tarsalia,16
Tarsia,1
Tarsier,1
Tarsonemus,241
Tarsus,1
Tartar,1
Tartare,3
Tartarus,5
Tasmania,2
Tat,3
Tau,1
Taurus,4
Taxes,1
Tayassu,31
Tayra,11
Tea,13
Tectrix,1
Tehama,6
Telamon,1
Telegonus,147
Teleia,65
Telemachus,8
Telephone,4
Telephones,3
Telescopium,18
Tella,1
Telleria,7
Telson,3
Templar,2
Tendrac,1
Tenedos,74
Tenia,3
Tenor,2
Tenrec,8
Tenuis,1
Teredo,315
Tereus,2
Teria,3
Terminalia,726
Terminator,3
Terminus,2
Terpsichore,103
Terra,9
Tessera,4
Testa,2
Testudo,699
Tetra,70
Tetrahymena,115
Teucer,10
Texas,2
Textor,32
Thais,253
Thalamus,2
Thalassochelys,19
Thalia,80
Thamnophis,212
Thanatos,1
Thapsus,18
Tharsis,13
Theca,58
Thema,24
Themis,4
Themistocles,1
Theodora,9
Theresa,2
Theresina,3
Thereupon,1
Therium,1
Thermes,2
Thermus,35
Theron,2
Thersites,77
Thesaurus,5
Theseus,9
Theta,16
Thetis,28
Thisbe,32
Thoa,50
Thor,24
Thorax,3
Thoria,17
Thoron,14
Thos,13
Thoth,6
Thrace,1
Thrips,664
Thrombus,11
Thuja,195
Thuya,9
Thyestes,6
Thymus,2126
Thyrsus,4
Tia,3
Tiana,2
Tiara,63
Tiberius,3
Tibia,60
Tiger,3
Tigrinya,6
Tillandsia,1962
Tinamou,1
Tinea,1738
Tintinnabulum,1
Tiresias,10
Tisa,2
Tisiphone,29
Titan,1
Titania,6
Titanic,1
Tithe,5
Tithonus,17
Titius,1
Titus,2
Tityus,344
Tobias,20
Todos,2
Toga,7
Togo,4
Toia,3
Tole,16
Tolono,4
Toluca,9
Toma,2
Tonga,21
Tonna,93
Tor,58
Tormentum,3
Torna,2
Torpedo,80
Tortilla,2
Touraco,4
Townsendia,103
Trachea,174
Tracheitis,4
Trachoma,23
Tradescantia,471
Tragopan,16
Tragus,63
Transcaucasia,3
Trapezium,50
Trepang,5
Treponema,48
Tri,1
Triceratops,29
Trichina,41
Trichomonas,182
Trichonympha,52
Trichoplax,5
Triclinium,3
Triers,1
Trifolium,2068
Triga,4
Trigon,4
Trilemma,14
Trillium,308
Trilobites,63
Trilophodon,48
Trim,2
Trimeresurus,212
Trinucleus,102
Triplex,16
Tripos,240
Trips,3
Triptolemus,7
Tripura,3
Triskelion,1
Tristan,2
Trite,28
Triton,562
Triturus,216
Triuris,13
Trivia,248
Tro,2
Trochilus,485
Troglodyte,1
Trogon,196
Trombidium,289
Trompe,2
Trona,18
Trop,1
Tru,1
Try,2
Trypa,1
Tsukada,2
Tua,1
Tuba,60
Tuber,402
Tubulipora,202
Tucana,1
Tugurium,17
Tula,5
Tulip,1
Tulostoma,281
Tulsa,7
Tumor,2
Tumulus,2
Tunis,8
Tunisia,3
Tup,1
Tupaia,219
Tupelo,1
Tur,12
Turaco,2
Turnera,372
Turns,3
Turrilites,142
Turus,1
Tuscarora,7
Tutankhamen,5
Tutor,3
Tuxedo,9
Ty,2
Tya,2
Tyche,11
Tylosis,34
Tylosurus,62
Tympanites,2
Tyndareus,4
Typhoeus,58
Typhon,1
Typhus,1
Typus,8
Tyro,9
Tyson,2
Tyz,1
Ua,2
Uba,2
Uber,32
Uca,232
Uchida,10
Ucla,4
Uda,2
Ufa,12
Ufo,6
Uga,8
Uganda,4
Uinta,2
Ula,42
Ulema,2
Ulna,2
Ulysses,1
Uma,15
Umbellularia,14
Umber,1
Umbilicaria,580
Umbilicus,127
Umbra,22
Umbrella,19
Umbria,4
Una,11
Unadilla,13
Unas,5
Uncinus,9
Ungula,11
Unica,1
Unico,1
Unicorn,8
Union,1
Upa,9
Uraeus,15
Urana,3
Urania,41
Uranus,1
Uredo,2517
Uruguay,2
Urus,3
Usia,86
Usita,1
Uta,77
Utah,3
Ute,22
Utica,15
Utopia,3
Uva,82
Uvea,2
Uxa,2
Vaccinia,1
Valdivia,31
Valencia,10
Valenciennes,1
Valentines,2
Valera,2
Valerius,3
Valgus,89
Valkyria,2
Valla,2
Valletta,3
Vallisneria,66
Valonia,56
Valpara,3
Van,1
Vancouveria,15
Vanda,282
Vanilla,294
Vanni,8
Vara,2
Varia,4
Varicella,175
Variola,10
Varix,2
Varna,3
Varuna,13
Varus,8
Vas,3
Vasco,2
Vasculum,2
Vateria,38
Vedalia,6
Vega,4
Vela,5
Velamen,2
Velasquez,1
Velocipede,1
Velum,1
Vena,1
Ventana,2
Ventania,2
Ventriculus,5
Venus,1340
Veo,2
Vera,2
Verbascum,1629
Verbena,978
Verger,23
Verma,5
Vermis,3
Veronese,1
Veronica,2330
Verruca,115
Vertebral,1
Vertex,7
Vertigo,516
Vertumnus,7
Verum,30
Vesica,3
Vesper,7
Vesta,80
Vestibulum,3
Veto,2
Vex,2
Vexillum,719
Via,2
Viator,3
Vibrio,275
Viburnum,1028
Victor,1
Victoria,62
Vide,1
Vieja,28
Vigil,1
Vigilius,2
Vila,17
Villa,411
Villanova,18
Ville,1
Vimen,28
Vinculum,5
Vinnius,8
Viola,4020
Viper,4
Vir,9
Virago,2
Vireo,249
Virga,18
Virginia,10
Virgo,9
Virilia,6
Vis,1
Visaya,3
Vitalis,1
Vitellus,5
Vitria,1
Vitta,43
Viva,1
Vivaria,2
Vivi,3
Viviparous,3
Vix,3
Vizcaino,2
Vladimir,1
Voglia,2
Volga,1
Volva,38
Volvox,176
Volvulus,48
Vomer,35
Vortex,130
Vorticella,464
Vossius,15
Votyak,2
Vox,2
Vulpanser,3
Vulpecula,15
Vulture,1
Vulva,1
Wak,7
Waki,2
Wakulla,2
Waldo,6
Wallace,3
Wam,1
Wanderer,2
Warrumbungle,2
Wei,1
Weigela,84
Williamsonia,36
Winona,2
Wisteria,81
Withania,76
Woodsia,195
Wulfila,52
Xanthippe,3
Xanthomonas,68
Xanthoura,12
Xanthus,5
Xavier,1
Xema,31
Xenarthra,14
Xenia,129
Xenophanes,4
Xenopsylla,122
Xerus,57
Xia,2
Xim,2
Xuthus,1
Xya,87
Xylocopa,772
Xyo,7
Xyster,3
Yak,1
Yama,2
Yamada,1
Yan,3
Yarra,3
Yea,1
Yhi,2
Yia,2
Yin,1
Yno,2
Ynx,1
Yoruba,3
Ytu,26
Yua,7
Yucca,498
Yukon,1
Yulong,2
Yuma,1
Zaa,2
Zacatecas,2
Zacynthus,6
Zagreus,20
Zama,8
Zamboanga,1
Zamenis,99
Zamia,314
Zamora,4
Zanthoxylum,870
Zapata,4
Zaphrentis,197
Zby,2
Zea,155
Zebra,68
Zebu,1
Zelkova,38
Zella,2
Zen,4
Zenobia,26
Zephyranthes,308
Zephyrus,156
Zeta,29
Zeugma,18
Zeus,59
Zeuxis,42
Zev,1
Zia,17
Ziminia,3
Zinnia,94
Zoantharia,5
Zoe,3
Zoila,97
Zola,19
Zomba,4
Zoochlorella,4
Zoogloea,9
Zoroaster,51
Zu,4
Zua,30
Zygosis,6
Zyx,2