Accepted,1
Aerophobia,1
Affine,1
Affines,1
Agglomerate,1
Agraria,1
Albi,1
Alder,1
Algae,1
Alpine,1
Ammonite,1
Amphibians,1
Amphipod,1
Amygdaline,1
Anastasia,1
Andesine,1
Andrew,1
Animals,1
Annual,1
Anta,1
Apes,1
Aphids,1
Aplasia,1
Appendage,1
Araneida,1
Around,1
Arthropods,1
Ascomycetes,1
Atlantic,1
Bald,1
Banded,1
Bandicoots,1
Beaker,1
Bear,1
Bearded,1
Beb,1
Bel,1
Belvedere,1
Bigot,1
Birch,1
Bivalve,1
Blanca,1
Blanchard,1
Blc,1
Bleeker,1
Bot,1
Bouche,1
Brachiate,1
Brachycephali,1
Brasiliae,1
Brazil,1
Breves,1
Brumalia,1
Buhus,1
Bulbul,1
Bunion,1
Bushy,1
But,1
Canadense,1
Canara,1
Candelabra,1
Cantharides,1
Capelin,1
Carmelia,1
Carnet,1
Casey,1
Castorina,1
Caterpillar,1
Caudate,1
Cave,1
Chlorate,1
Chronic,1
Chry,1
Cochleate,1
Cod,1
Colombo,1
Communes,1
Conference,1
Contribution,1
Conundrum,1
Coprolite,1
Corda,1
Cougar,1
Create,1
Crete,1
Crispi,1
Ctenophore,1
Cup,1
Cute,1
Cycad,1
Dazu,1
Decidua,1
Deep,1
Delaware,1
Dentate,1
Detritus,1
Devon,1
Dharma,1
Dianthe,1
Diatoms,1
Dice,1
Dicot,1
Dicyclica,1
Diena,1
Dismal,1
Doles,1
Don,1
Donna,1
Droga,1
Dum,1
Dunedin,1
Duplicate,1
Dupont,1
Durra,1
Dutra,1
Eagle,1
Edinburgh,1
Elastica,1
Elegant,1
Elegantissima,1
Elisabeth,1
Emarginate,1
Endotheca,1
Enterocoela,1
Eocene,1
Epis,1
Eulachon,1
Eurasian,1
Eureka,1
Excavates,1
Exiles,1
Fasciculi,1
Filamentous,1
Filices,1
Fish,1
Flagellate,1
Flamenco,1
Floating,1
Flue,1
Foram,1
Fragile,1
Geese,1
Genuine,1
Geophyte,1
Germania,1
Gracile,1
Gran,1
Grandes,1
Gray-headed,1
Grooved,1
Guayaba,1
Gwf,1
Hawkins,1
Hayward,1
Heath,1
Hebrides,1
Hedley,1
Held,1
Hepatic,1
Herbaceous,1
Herbivores,1
Hesperides,1
Heterocercal,1
Highland,1
Hock,1
Hojas,1
Hola,1
Hopefully,1
Horned,1
Horntail,1
Horticultural,1
Hot,1
Hun,1
Hyphomycete,1
Ihl,1
Ilama,1
Incunabula,1
Indici,1
Indicum,1
Inordinate,1
Insectivore,1
Insignes,1
Interior,1
Italiae,1
Iya,1
Jacoba,1
Jno,1
Jua,1
Judith,1
Jura,1
Kaki,1
Kappa,1
Kayseri,1
Kedah,1
Kieffer,1
Kirby,1
Koh,1
Kri,1
Kwangtung,1
Laeti,1
Lambert,1
Lampyrid,1
Lan,1
Laos,1
Lat,1
Latini,1
Latticed,1
Lav,1
Least,1
Lei,1
Leon,1
Lepidopterous,1
Lept,1
Leptospirosis,1
Lettuce,1
Liassic,1
Liberia,1
Lichens,1
Light,1
Lightfoot,1
Liguria,1
Lingcod,1
Lingua,1
Linne,1
List,1
Llamas,1
Lode,1
Logia,1
Lorca,1
Loricates,1
Loveridge,1
Lubbock,1
Ludlow,1
Lunae,1
Macrochires,1
Magnum,1
Manatee,1
Marquis,1
Matador,1
Mau,1
Maxima,1
Mcz,1
Measles,1
Melancholia,1
Melitis,1
Mice,1
Microsporangium,1
Mine,1
Minima,1
Minimi,1
Monkshood,1
Monocot,1
Monocots,1
Montero,1
Moon,1
Mountain,1
Mycenae,1
Natant,1
Nearctic,1
Nelson,1
Nemertea,1
Nil,1
Nova,1
Nuculacea,1
Nudibranch,1
Null,1
Okinawa,1
Oleo,1
Oregon,1
Osculum,1
Other,1
Otros,1
Overview,1
Palmate,1
Paragraphia,1
Parasite,1
Parasitic,1
Parentage,1
Pecora,1
Pectoralis,1
Pelecypod,1
Per,1
Philadelphia,1
Photographer,1
Piano,1
Pinnate,1
Pisces,1
Pla,1
Plankton,1
Plastic,1
Point,1
Poland,1
Pollen,1
Polyanthi,1
Possibly,1
Praus,1
Predentata,1
Protist,1
Psocid,1
Pteridophyte,1
Puget,1
Pulchia,1
Putative,1
Pycnogonid,1
Pyralid,1
Quito,1
Ravia,1
Reeve,1
Regales,1
Religio,1
Reptile,1
Rice,1
Robina,1
Robust,1
Rock,1
Root,1
Rorqual,1
Rothschild,1
Rta,1
Rubella,1
Rubens,1
Ruberta,1
Rubini,1
Sabre,1
Saguaro,1
Sar,1
Sarcolemma,1
Sardo,1
Scalares,1
Sdb,1
Semenov,1
Sendai,1
Senegambia,1
Serpentes,1
Setula,1
Shale,1
Silvery,1
Simple,1
Simplex,1
Slc,1
Slim,1
Smelt,1
Snail,1
Sno,1
Soredium,1
Southeast,1
Spanish,1
Spectacled,1
Spectra,1
Spermatozoon,1
Spicules,1
Springer,1
Squamipinnes,1
Stanley,1
Stickleback,1
Str,1
Stream,1
Striges,1
Stromatolite,1
Sub,1
Suetonius,1
Sulphur,1
Sumac,1
Sunset,1
Superb,1
Suricate,1
Tai,1
Tall,1
Tenues,1
Tertiary,1
Testudines,1
Textiles,1
Thistle,1
Thrush,1
Titi,1
Toad,1
Tola,1
Trails,1
Trees,1
Triangle,1
Tsar,1
Unctuous,1
Undefinable,1
Undefined,1
Unk,1
Vagabond,1
Vagus,1
Variation,1
Vascular,1
Vea,1
Vestiti,1
Vibrion,1
Wader,1
Wadi,1
Wall,1
Warbler,1
White-eye,1
Wigeon,1
Wild,1
Wnv,1
Woodland,1
Wtl,1
Xeroderma,1
Yno,1
Zabrina,1
Zermatt,1
Ziegler,1
Zooplankton,1
Zoster,1
Zygomycetes,1