Sphagnum,3534
Hypnum,4130
Uredo,2119
Litsea,806
Verbena,903
Boletus,1995
Langaha,9
Pedioecetes,8
Lantana,555
Anguilla,153
Mnium,640
Anthurium,1986
Chela,50
Taraxacum,3428
Astragalus,8384
Calamus,781
Alyssum,787
Iulus,277
Acacia,3762
Reseda,374
Idea,182
Aster,2935
Potentilla,3101
Viola,3261
Croton,2851
Sorghum,734
Elapsoidea,49
Crocus,734
Crinum,463
Cimex,504
Rosa,4307
Hibiscus,1490
Calathus,392
Solanum,5820
Orbiculoidea,56
Setophaga,130
Tubulipora,97
Scopula,1373
Abraxas,397
Ranunculus,4777
Hippopotamus,41
Turnera,343
Caecum,367
Culex,1411
Maba,201
Antirrhinum,530
Ips,228
Tandilia,24
Lycosa,376
Eupatorium,2734
Odontia,287
Chlamys,379
Campanula,2791
Dentalium,389
Cancer,596
Tillandsia,1794
Septoria,2821
Nosema,337
Veronica,1830
Selaginella,1892
Lo,5
Ixia,433
Ceiba,73
Cereus,1452
Trifolium,1574
Symploce,181
Murex,1166
Phallus,150
Dasya,206
Phos,91
Abutilon,715
Parosela,360
Deutzia,304
Acrostichum,871
Rhododendron,3060
Coccus,344
Thymus,1880
Chamaerops,81
Anabas,67
Vexillum,703
Lexis,5
Miconia,2004
Echinus,246
Lethe,332
Begonia,3093
Delta,119
Liquidambar,43
Curculio,2051
Bursera,245
Corydalis,1354
Platypus,1030
Robinia,228
Galba,61
Euphorbia,5350
Agra,648
Elizabetha,21
Nymphon,346
Cyclops,611
Echinocereus,600
Joppa,190
Penicillium,1205
Leptosphaeria,1579
Convolvulus,1654
Platysma,166
Cytherea,279
Fimbristylis,1059
Bacteria,198
Pecten,764
Dahlia,126
Hydrangea,393
Alchemilla,1373
Nicotiana,395
Clematis,1690
Aspidium,1777
Pteris,1341
Linum,811
Agama,312
Penstemon,1022
Geum,333
Pero,396
Euonymus,754
Mars,6
Satsuma,104
Arius,255
Tibia,32
Lichen,1078
Carpodacus,113
Geranium,2096
Asplenium,3266
Iris,1477
Ambrosia,136
Peridinium,722
Coleus,378
Cytherella,159
Delphinus,238
Fucus,907
Allium,2704
Lotus,734
Purpura,348
Smilax,924
Lacerta,754
Sceloporus,328
Eucalyptus,2122
Areca,195
Bracon,1197
Musca,1486
Aphis,1498
Oxalis,2092
Cactus,681
Nostoc,275
Ptinus,560
Opuntia,1554
Draparnaldia,29
Cotyledon,556
Sphaeralcea,279
Cola,216
Myra,45
Toluca,10
Pancratium,160
Cis,516
Nama,290
Pemphigus,174
Propolis,91
Physcia,1030
Aquila,48
Marina,54
Elater,750
Bembex,340
Gladiolus,920
Estheria,62
Stenosis,50
Mimosa,2088
Agave,1032
Mucor,634
Cynthia,213
Anemone,939
Alcides,476
Hyla,606
Egeria,26
Aspergillus,950
Enterococcus,68
Epilobium,1214
Lachesis,93
Poa,3145
Solidago,945
Jasione,238
Fer,7
Amaryllis,506
Dalla,188
Magnolia,681
Lamia,366
Sargassum,936
Ananias,19
Drosophila,2663
Canna,247
Sedum,2111
Gardenia,522
Tulostoma,256
Tuber,303
Anthrax,1006
Dodona,77
Mantis,350
Bacillus,839
Mutisia,232
Citrus,576
Constantia,13
Septa,22
Strophanthus,157
Didymium,276
Bison,55
Dalbergia,671
Anabaena,423
Anarthria,15
Cora,100
Electra,90
Chalcis,393
Chimaera,68
Castalia,108
Dioscorea,1630
Ichneumon,1479
Aglaia,554
Astarte,259
Narcissus,841
Ceratodus,48
Lecanium,393
Chrysanthemum,722
Radix,113
Cercaria,67
Villa,465
Chama,256
Calanthe,554
Danaus,164
Dianthus,1597
Philodendron,936
Erechtites,145
Senna,591
Echinocactus,1212
Artemisia,2239
Impatiens,1711
Nasturtium,390
Primula,1846
Passer,83
Camellia,683
Cassia,1956
Pyrene,123
Cyathus,188
Trombidium,135
Miletus,226
Cotoneaster,808
Salvia,2635
Liza,81
Discus,50
Tutankhamen,4
Myall,3
Cypripedium,487
Terminalia,614
Curcuma,165
Mephitis,68
Ocypode,64
Anopheles,769
Euglena,432
Tarsonemus,334
Ligustrum,305
Triturus,46
Phlox,527
Pulsellum,24
Pandanus,1443
Thais,147
Testudo,470
Cetonia,824
Chalina,67
Chiton,438
Aporia,202
Viburnum,843
Bacterium,153
Syngnathus,244
Erebus,92
Echeveria,487
Linda,61
Paronychia,434
Sphinx,244
Phoebe,297
Leander,103
Aspidosperma,257
Octopus,338
Equisetum,543
Musa,441
Buddleia,83
Phylloscopus,195
Teredo,227
Pogonia,177
Angelica,387
Trachoma,13
Lagena,706
Bithynia,132
Melanoplus,600
Puma,94
Dombeya,562
Amphora,894
Vanda,222
Claytonia,360
Phora,328
Ageratum,184
Bauhinia,1014
Icterus,115
Vateria,38
Furcula,140
Urania,25
Lobelia,1754
Lycopodium,1365
Osmunda,192
Spectrum,8
Fornax,23
Epicauta,471
Spirillum,63
Paris,137
Bucculatrix,274
Delphinium,1528
Melos,1
Nimbus,19
Mordella,713
Ilex,1749
Nectandra,440
Goniatites,307
Streptococcus,212
Portulaca,538
Circe,80
Erigeron,1886
Homo,72
Parthenope,84
Omphale,288
Dicrostonyx,29
Bignonia,583
Prunella,201
Digitalis,165
Scarabaeus,829
Thrips,283
Sepsis,310
Phytophthora,287
Clostridium,305
Ctenidium,101
Rickettsia,318
Asclepias,782
Umbilicus,124
Retina,4
Helix,1486
Cannabis,30
Pan,53
Gecko,71
Sterna,103
Mycobacterium,287
Astyanax,216
Barbara,11
Styrax,467
Inquisitor,101
Abra,101
Adonis,182
Verbascum,1337
Sagitta,88
Comedo,17
Staphylococcus,115
Xya,76
Thamnophis,158
Ampelopsis,190
Hosackia,158
Sminthurus,64
Vir,8
Lactobacillus,295
Circus,29
Amanita,1245
Petunia,108
Myiarchus,76
Pelargonium,1130
Lento,30
Grania,88
Fenestella,215
Monarda,145
Withania,74
Leda,263
Conferva,819
Crepis,1002
Aedes,1305
Thalia,71
Caracara,8
Tinea,928
Haematoxylon,5
Grindelia,321
Usia,68
Schinus,252
Labia,120
Caranx,267
Accra,12
Hippocampus,140
Glaucidium,98
Caeoma,452
Draco,172
Colchicum,432
Vallisneria,62
Freycinetia,432
Tradescantia,415
Rosenbergia,73
Betta,84
Lobularia,42
Gentianella,590
Ero,56
Medusa,46
Xylocopa,501
Aeolus,256
Asarum,306
Gaillardia,119
Aloe,1509
Azalea,298
Zanthoxylum,782
Mitra,893
Bela,185
Yucca,394
Galatea,26
Camelopardalis,1
Spirogyra,694
Cleome,609
Ambystoma,71
Terpsichore,90
Lepus,475
Arnica,359
Genista,745
Actaeon,39
Virgo,6
Agapanthus,53
Salpa,110
Spizella,28
Pitcairnia,768
Cicada,1005
Rissoa,789
Capsicum,275
Aquilegia,469
Asparagus,582
Consul,41
Hyoscyamus,93
Perla,316
Systole,37
Armadillo,270
Phyla,57
Rhus,930
Bursa,196
Daphne,572
Chamaeleon,145
Lycia,80
Vorticella,377
Irene,160
Calceolaria,925
Andromeda,246
Hesione,26
Cygnus,22
Woodsia,185
Priscilla,3
Ruellia,1057
Baptisia,112
Diogenes,94
Ferula,488
Araba,14
Monitor,41
Gelechia,519
Leucas,355
Leuctra,301
Corvus,137
Lepton,57
Margarita,294
Tarentola,109
Hamelia,74
Ciboria,170
Brechites,16
Anabasis,112
Confucius,9
Patella,447
Bromelia,235
Hartogia,122
Coreopsis,479
Plecoptera,102
Uga,8
Mongo,1
Gypsophila,419
Brassica,693
Archon,42
Zamia,278
Republica,2
Tendrac,1
Cacia,168
Radula,399
Juno,75
Cocos,211
Chermes,136
Doronicum,199
Melaleuca,632
Scleroderma,175
Clupea,303
Diacope,59
Verruca,44
Lota,25
Davilla,93
Conger,73
Oidium,458
Augusta,22
Chondria,197
Hippocratea,323
Nicolaus,26
Daphnis,41
Doria,75
Disaster,14
Arum,410
Fornix,1
Thuja,132
Cinchona,316
Sisyphus,112
Trillium,290
Vieja,25
Amorphophallus,368
Plecotus,82
Larentia,106
Psyche,131
Arbutus,116
Tetra,105
Banksia,487
Dracocephalum,250
Acicula,41
Epicrates,64
Cineraria,400
Aspidistra,133
Hades,10
Peropus,28
Fuchsia,334
Ser,2
Plasmodium,93
Mosasaurus,27
Calais,102
Arizona,24
Azteca,154
Myrica,220
Pronuba,6
Nemichthys,13
Doritis,46
Combe,5
Myosotis,638
Emesis,123
Enchodus,24
Dracaena,469
Lytta,481
Rasbora,160
Pitta,118
Trichina,38
Amboina,2
Bos,160
Mus,824
Calliope,16
Kerala,13
Gaya,72
Cattleya,671
Morula,87
Bulla,310
Fungus,223
Hecate,7
Graphium,886
Tyndareus,5
Elysia,143
Spiraea,819
Dais,29
Bellerophon,149
Ajax,109
Adrastus,47
Polypus,55
Taenia,194
Attacus,63
Narthecium,28
Tacsonia,111
Siphonaria,188
Corchorus,231
Semele,179
Columba,155
Gaultheria,469
Balanops,18
Auricula,126
Pinna,209
Cistus,489
Scintilla,111
Rhabdopleura,17
Datana,32
Cyclamen,203
Scopelus,90
Nirvana,15
Pilocereus,212
Caligula,57
Java,7
Mya,137
Uca,170
Pyxidium,42
Eucharis,140
Ganesa,30
Capua,197
Cooperia,55
Lymnaea,167
Jedda,2
Kylix,12
Ostertagia,80
Lynx,81
Actinia,382
Flabellum,178
Lyssa,36
Umbilicaria,378
Croomia,9
Alpheus,551
Lanugo,21
Volva,23
Rudbeckia,206
Caladium,318
Lychnis,293
Alectoria,403
Elops,22
Nyx,3
Philander,29
Polyphemus,10
Dardanus,71
Prionus,348
Puto,74
Vortex,101
Volvulus,36
Nemesis,21
Adama,47
Polynices,10
Oar,17
Doris,322
Murcia,54
Clavus,169
Freesia,56
Alcestis,18
Eleusis,4
Cadmus,84
Gea,28
Euphoria,243
Remus,25
Molina,46
Enchytraeus,90
Goes,30
Athanasia,141
Echidna,46
Armillaria,254
Synapsis,33
Victoria,48
Ancilla,128
Formica,418
Armada,16
Cosa,39
Cassis,168
Zelkova,26
Zeuxis,23
Charybdis,113
Gibbon,1
Marimba,7
Stentor,74
Hyperbola,13
Venus,702
Nautilus,200
Columbarium,52
Spondylus,273
Amazonia,76
Byssus,103
Pisa,47
Pappus,36
Zinnia,86
Arbela,6
Anoxia,83
Milium,195
Sus,213
Proteus,36
Silvanus,119
Colon,143
Arethusa,42
Propithecus,31
Zephyranthes,204
Pera,78
Diplodocus,7
Freya,36
Oleander,3
Raja,323
Liriodendron,30
Scilla,612
Tityus,295
Sophia,81
Csiro,11
Trogon,83
Cepheus,46
Vertigo,120
Hemileia,69
Aurelia,22
Rheum,132
Eunectes,22
Vireo,135
Libra,6
Fretum,4
Weigela,72
Castor,94
Pyrethrum,400
Aka,36
Trimeresurus,168
Lorica,8
Lucina,406
Pyramidella,119
Tantalus,2
Dagon,14
Maracanda,18
Andreaea,355
Odobenus,13
Buena,29
Datura,116
Glycine,369
Philemon,49
Nuncia,87
Trochilus,15
Modiolus,221
Sepia,221
Helianthus,525
Bixa,20
Codon,9
Uta,73
Calliopsis,105
Xanthomonas,220
Iria,134
Houstonia,160
Shorea,359
Candelabrum,29
Brontotherium,7
Colea,77
Anemia,317
Damas,11
Xenopsylla,96
Mnemosyne,54
Diastema,60
Colocar,3
Anous,18
Aleyrodes,61
Rhinoceros,59
Alocasia,228
Treponema,56
Nanna,41
Dermatobia,3
Argentina,138
Precis,127
Kermes,106
Ariadne,82
Enigma,5
Lacuna,84
Hidalgo,4
Ataxia,60
Micrococcus,109
Ayesha,4
Tamandua,32
Tabebuia,300
Purusha,5
Sumeria,4
Scoria,9
Argas,131
Aphidius,216
Cedrela,173
Aria,107
Acanthus,126
Protium,275
Nyala,1
Bucephalus,103
Aroma,6
Vanilla,228
Pipilo,89
Colobus,122
Oxus,60
Stilophora,28
Tor,52
Hybris,28
Croesus,3
Ephemera,173
Salamis,39
Azotobacter,24
Tachyglossus,28
Pupa,384
Candollea,133
Chlorella,100
Sousa,13
Peoria,38
Pluto,65
Valgus,75
Naevus,8
Lucio,17
Nauplius,32
Curio,32
Ida,69
Cecrops,12
Papyrus,26
Scorpio,117
Tupaia,153
Avicenna,4
Eos,20
Lemur,28
Accipiter,200
Hebe,261
Meloe,384
Talara,53
Beta,109
Alexia,58
Madura,9
Bubo,94
Euryale,22
Ione,50
Aloysia,120
Alectrion,42
Mazama,80
Electrophorus,3
Momotus,34
Wak,7
Grammatophyllum,43
Macadamia,27
Alaria,76
Atlantis,29
Grampus,19
Dracula,171
Cydnus,40
Syringa,228
Vibrio,242
Microfilaria,8
Phasia,216
Siliqua,25
Klebsiella,36
Oryx,34
Rhizoctonia,146
Boa,91
Automata,1
Lama,49
Lymantria,291
Paraglossa,5
Ambages,1
Ephialtes,25
Cliona,179
Devo,5
Mobula,25
Dilemma,5
Wulfila,46
Phoenix,89
Mondo,40
Zeus,40
Tiara,23
Triton,224
Zamenis,102
Chiococca,111
Anticlimax,60
Nux,4
Podium,60
Midas,56
Corbicula,92
Bactria,38
Tripos,157
Calendula,186
Cyx,5
Glaucoma,47
Cheops,8
Halter,24
Cylinder,30
Yuma,1
Plumbago,78
Iguana,40
Ocosingo,5
Agrapha,7
Quirinus,3
Sagra,11
Ammonia,88
Paramecium,105
Arcturus,83
Aloha,20
Epiphora,82
Amphisbaena,209
Volvox,132
Dendrocygna,17
Nebo,11
Arma,7
Camera,5
Xenia,82
Rhombus,51
Iva,56
Astrangia,66
Mene,5
Biloculina,74
Hyaena,50
Apis,121
Tetrahymena,50
Tharsis,4
Clio,45
Arbor,5
Mimas,58
Danio,89
Catalpa,63
Phylloxera,129
Cephalotaxus,75
Ora,13
Villanova,16
Ictonyx,59
Mastodon,13
Samoa,4
Sequoia,16
Xerus,51
Ada,24
Egesta,3
Rhizobium,122
Hevea,96
Hero,3
Osa,7
Nuttallia,62
Sanguinaria,25
Mandragora,24
Hydrophis,168
Rak,3
Amphitrite,97
Plater,3
Euphrosyne,51
Epistrophe,95
Heterotaxis,17
Achelous,32
Joanna,4
Luffa,76
Nessa,5
Demogorgon,6
Embolus,29
Hypoderma,240
Columbia,41
Empetrum,70
Stanhopea,225
Zoochlorella,4
Anchusa,273
China,2
Dic,6
Mezereum,2
Caiman,28
Stereopsis,22
Eidolon,14
Calyptra,36
Thema,21
Derris,285
Cymatium,231
Emberiza,167
Galea,26
Thoa,44
Apteryx,13
Senega,2
Marnia,1
Hyacinthus,158
Caryota,57
Gastrochaena,76
Uva,80
Orium,2
Niobe,24
Padus,136
Mazuca,12
Atrypa,73
Anaphora,11
Calimeris,16
Skimmia,61
Lewisia,72
Ola,3
Icaria,67
Euripus,83
Chrysemys,74
Procyon,81
Tylosurus,54
Andes,119
Modulus,41
Enosis,32
Brassavola,67
Marengo,19
Cithara,33
Simulator,2
Glossophaga,46
Oenone,40
Erato,56
Platyope,4
Wisteria,51
Aga,1
Collinsia,142
Souza,4
Laburnum,48
Neon,32
Arequipa,23
Locris,107
Anodontia,51
Ailanthus,71
Bombycilla,6
Marmara,26
Uchida,9
Olla,31
Avernus,10
Peridium,21
Loxodonta,28
Turrilites,36
Nesokia,25
Lepidodendron,16
Elaterium,54
Halcyon,70
Elea,5
Lia,36
Silo,25
Iga,2
Ophthalmitis,40
Glans,32
Apus,76
Biota,36
Gomphosis,1
Cosmos,117
Epeira,143
Maia,18
Gila,57
Heteromys,57
Bronchus,29
Pandora,129
Cursor,1
Endymion,20
Pygidium,72
Samuela,4
Eurystheus,28
Gyracanthus,6
Caria,41
Theseus,6
Lima,271
Cynomys,26
Nasa,143
Cephalosporium,175
Globigerina,116
Polyzoa,25
Mendoza,22
Daedalus,4
Dacelo,13
Scaphander,77
Caracal,32
Tea,12
Spinifex,16
Ibis,10
Tonga,20
Knightia,9
Actium,43
Attila,24
Diplosis,107
Cercocebus,32
Quassia,58
Theresa,2
Araucaria,98
Townsendia,96
Petula,2
Pandarus,41
Tur,8
Micrampelis,34
Catabasis,2
Cutleria,32
Dionysia,81
Aa,43
Nemopanthus,13
Eryon,19
Hesperus,23
Anchiale,22
Clarkia,115
Ixa,14
Spartacus,11
Ares,8
Nites,7
Noctiluca,7
Ambidexter,4
Telegonus,56
Conga,12
Shigella,24
Conjugate,3
Turaco,1
Placenta,8
Themis,4
Hepatica,82
Eris,22
Scopolia,70
Trivia,140
Data,16
Pomerania,2
Fabraea,39
Iron,82
Andira,115
Eros,5
Memphis,58
Clytemnestra,25
Sarracenia,127
Gama,43
Alyson,17
Osiris,32
Fenestra,10
Saintpaulia,48
Hydra,98
Methone,19
Porphyria,15
Cyrene,14
Alberta,17
Cunaxa,89
Disco,25
Vertex,2
Farrago,2
Aratinga,81
Propertius,6
Aspasia,27
Aspergillum,31
Edessa,10
Zella,3
Alligator,22
Lucifer,21
Coryphasia,19
Scala,214
Ula,39
Julius,1
Bulgaria,56
Sarmatia,30
Proteides,48
Ascidium,66
Costa,30
Galeorhinus,19
Hermes,39
Macron,9
Nonion,81
Glia,6
Ladoga,58
Paa,40
Trichomonas,76
Morea,13
Sabia,119
Cetus,3
Japonica,16
Saga,46
Grus,38
Euterpe,117
Cascarilla,45
Maes,2
Otidia,11
Moca,47
Parvati,1
Thapsus,16
Downingia,45
Zenobia,13
Conium,41
Nyaya,3
Bona,8
Gaza,17
Absalom,2
Symphonia,50
Hylomys,21
Jacaranda,143
Melpomene,62
Mea,5
Tayassu,17
Furcraea,78
Corozo,2
Theca,23
Marius,1
Junco,30
Morion,64
Ufa,12
Acarus,159
Phalanger,58
Meganthropus,3
Ixion,3
Celaeno,8
Lemniscus,1
Gloxinia,85
Geospiza,23
Sorites,8
Virginia,11
Thersites,27
Hephaestus,16
Livistona,99
Atalanta,26
Baobab,2
Ara,35
Rauwolfia,18
Melospiza,48
Hya,4
Arcos,12
Valonia,54
Antitype,28
Hasta,10
Amoeba,22
Johnsonia,50
Cnidus,14
Mammilla,19
Regulus,42
Xenophanes,6
Tamarin,1
Zea,141
Uba,1
Pterocles,46
Branchiostoma,54
Leishmania,47
Baloghia,24
Aucuba,72
Spirula,10
Suricata,17
Virga,19
Ephebe,32
Criocephalus,43
Melursus,9
Calchas,33
Tonna,83
Cryptomeria,30
Leucosticte,31
Pelias,28
Rafflesia,46
Coryza,21
Anna,17
Choragus,62
Balboa,7
Arica,6
Goniaster,45
Xanthippe,3
Penelope,42
Solarium,150
Cultus,8
Sonora,22
Ofelia,1
Pachysandra,22
Lorius,26
Umbra,12
Iphigenia,41
Triceratops,14
Cotopaxi,2
Fraxinella,3
Manta,14
Tarpon,2
Capitulum,2
Astilbe,111
Glabella,38
Zephyrus,9
Monostomum,12
Plataea,19
Lens,54
Laodicea,20
Samara,43
Poseidon,5
Suberites,183
Atlanta,56
Monas,29
Kana,14
Iso,7
Corium,6
Cima,17
Salpiglossis,37
Ita,14
Clypeus,23
Bolivia,1
Ipo,21
Seiurus,14
Scandia,10
Ladanum,9
Pemba,5
Leersia,117
Albia,50
Cyclopes,20
Dione,39
Ammocoetes,14
Catriona,24
Poinciana,42
Verger,23
Chrysophanus,31
Box,8
Filaria,83
Teleia,20
Palma,31
Lupercalia,1
Thisbe,23
Spilogale,62
Ozaena,22
Calpe,4
Prosopon,13
Prionops,26
Poinsettia,44
Anubis,48
Pae,9
Aegina,13
Mora,16
Extra,2
Zama,2
Forsythia,44
Zoila,72
Copaiba,27
Sterigma,14
Alecto,49
Calyx,17
Proetus,37
Canopus,2
Ceria,77
Ocypoda,14
Eurydice,61
Meta,59
Chelodina,40
Leucoma,58
Ala,6
Issus,151
Euhemerus,2
Acme,29
Lepidotes,34
Horus,12
Tithonus,17
Yua,7
Mydaus,13
Oa,3
Tya,2
Synecdoche,23
Calla,40
Sander,11
Regalia,17
Thyestes,7
Oedipus,11
Lycaon,49
Gambrinus,9
Pachyma,5
Stator,32
Artemis,53
Vomer,27
Rhachis,4
Palaestra,10
Cabeza,7
Circaetus,9
Citronella,32
Sais,25
Trachea,91
Leva,34
Georgia,26
Diomedes,6
Enema,7
Zebu,1
Escolar,2
Pentastomum,29
Dices,4
Philodina,63
Chilon,16
Morone,17
Papaya,49
Granadilla,17
Tragus,59
Charisma,9
Benzoin,108
Bonellia,69
Maurya,15
Sion,1
Elenchus,40
Oldhamia,3
Arapaima,5
Menander,27
Sebastodes,84
Ytu,20
Tole,15
Lista,11
Cotinga,8
Heliogabalus,3
Media,2
Tuba,39
Montana,31
Car,6
Fax,13
Ararat,2
Unadilla,12
Flaveria,54
Lampedusa,10
Lablab,33
Capella,8
Fur,4
Hydropotes,8
Dicentra,44
Briareus,1
Valencia,8
Utopia,3
Orchestia,105
Vulpecula,6
Antares,3
Alex,18
Ute,20
Dynamis,17
Phasis,30
Cerberus,18
Ipa,7
Orcus,16
Isosceles,6
Pallium,12
Parma,15
Boaedon,32
Unicorn,8
Corallus,32
Gelasia,5
Aegisthus,8
Arjuna,3
Pela,2
Alpha,4
Labium,37
Sylvanus,6
Telescopium,10
Ino,10
Cerebrum,2
Ronco,2
Loyola,6
Apulia,15
Colchis,2
Seria,1
Lituola,33
Gonium,22
Ictinus,12
Copula,2
Gale,16
Persis,12
Archaeornis,3
Monoceros,29
Phosphorus,12
Thalassochelys,12
Butomus,21
Scleroma,2
Phacochoerus,26
Scorpius,31
Ptilocercus,5
Danella,1
Trinucleus,9
Amphius,3
Neogea,8
Ancistrodon,26
Amphitryon,3
Zeta,20
Sorella,7
Hydrus,20
Triuris,13
Juba,12
Trilophodon,14
Borgia,2
Orna,9
Armilla,4
Anogra,40
Hamza,6
Cerates,2
Mylitta,10
Iguanodon,21
Obolus,12
Calvaria,23
Stupa,1
Gorilla,36
Cinderella,7
Pyxis,9
Ses,1
Tugurium,8
Asimina,45
Kerria,34
Calypso,33
Malaya,13
Gamma,9
Novia,2
Victor,1
Bahia,76
India,2
Anil,20
Acis,27
Metopon,18
Cambogia,7
Chromatium,20
Chocho,1
Medina,63
Ornithorhynchus,13
Philoctetes,27
Aracana,11
Sassafras,28
Oneida,8
Sia,14
Asper,3
Oncorhynchus,94
Carphophis,9
Cleanthes,7
Questa,12
Trapezium,37
Lanka,2
Salmonella,51
Cleisthenes,4
Solenostomus,14
Coenurus,1
Aurora,11
Manilla,1
Dialysis,23
Limulus,18
Zia,5
Cea,5
Aruba,25
Campion,12
Orthagoriscus,6
Curios,15
Siphonium,15
Mulciber,17
Haber,7
Paulownia,34
Cornea,7
Scylla,16
Mauna,16
Bza,1
Azedarach,21
Endothecium,4
Amphipleura,38
Tapir,5
Anthracomartus,23
Kandelia,6
Hymettus,2
Herpes,2
Inna,16
Thetis,8
Bernicia,1
Xuthus,1
Strobila,3
Coccyx,17
Autochton,33
Monia,21
Aeschines,1
Bola,10
Protaspis,17
Radius,6
Ceyx,59
Bak,13
Nodus,5
Minium,2
Belisarius,4
Trichonympha,29
Sistrurus,18
Tuxedo,9
Decumaria,9
Lupus,3
Ifan,2
Columella,30
Meganeura,7
Rex,2
Ungula,3
Ker,8
Cura,16
Ebo,32
Haya,3
Gladiator,1
Ducula,102
Mithras,5
Ganja,1
Aganus,1
Maria,3
Clepsydra,2
Armiger,25
Odo,30
Loris,23
Panacea,26
Helvetia,17
Ephemeron,1
Stephanotis,21
Crux,1
Arges,27
Munda,35
Simarouba,26
Acotyledon,32
Scabies,8
Charon,12
Pyrrhuloxia,5
Durga,5
Epsilon,17
Atropos,22
Hamulus,6
Carpocapsa,14
Agonostomus,19
Peplum,2
Chiromantis,20
Aphrodite,18
Amnesia,16
Lethocerus,13
Burhinus,31
Colima,6
Zomba,3
Axis,23
Accentor,3
Bucorvus,4
Oia,4
Kalmia,54
Empedocles,3
Stoliczka,3
Fossa,5
Indicator,32
Mica,3
Sio,3
Areas,17
Semen,3
Katanga,1
Conta,4
Nestor,8
Triclinium,3
Carina,1
Alias,1
Peneus,9
Malo,5
Ravenna,4
Erysichthon,1
Dioon,39
Sistrum,34
Lagostomus,30
Tanagra,6
Laser,13
Giardia,15
Gelsemium,15
Syrinx,18
Perro,6
Paeon,10
Jericho,2
Tylosis,33
Minimus,2
Gyrus,1
Thrombus,9
Mira,14
Python,65
Sapota,42
Rachis,3
Hydromedusa,10
Lophortyx,15
Delos,7
Nossa,8
Corona,11
Medium,8
Tyche,9
Tortilla,2
Isis,19
Uma,13
Liger,2
Eblis,2
Scythia,7
Livonia,17
Zygosis,3
Ua,2
Tarantula,18
Eoa,2
Anhinga,14
Alcaeus,6
Oceania,44
Ela,2
Hinnites,23
Palmyra,10
Infundibulum,14
Cardanus,13
Loja,4
Pyrameis,42
Phlebodium,44
Gracchus,2
Vix,2
Tara,15
Praxis,14
Haustellum,59
Christiania,14
Heth,42
Canella,9
Ossa,7
Plea,13
Neruda,7
Alle,4
Thoria,3
Chichester,2
Agamemnon,4
Sigma,1
Irate,1
Porta,4
Pelorus,2
Nicias,3
Geryon,18
Chiasmus,19
Pedicellaria,17
Enyo,33
Campanile,12
Pangolin,1
Orpheus,1
Soda,2
Asthenia,32
Memnonium,6
Automate,14
Saiga,14
Remora,9
Alma,20
Thor,16
Pentstemon,12
Scrinium,16
Coccidioides,9
Aeolis,21
Mara,1
Frisca,1
Brahmana,7
Unas,5
Incubus,1
Tenedos,45
Balsa,15
Capito,27
Foa,11
Waldo,6
Seleucia,4
Maana,6
Kalina,4
Pythia,19
Syncope,7
Antitragus,2
Chaco,13
Faunus,7
Glochidium,4
Greys,2
Niche,1
Latrodectus,65
Uda,2
Vesta,37
Ilia,13
Devia,4
Torpedo,63
Bia,17
Pileus,4
Schistosoma,25
Chilomonas,11
Guaco,2
Isabella,4
Parthenos,21
Chinchilla,13
Otis,11
Carnegiea,18
Baptista,3
Pretoria,4
Anguillaria,43
Chiron,21
Queria,11
Grinnellia,6
Opa,7
Siren,12
Lochia,7
Sophrosyne,16
Ashtabula,10
Babylonia,37
Leucippus,8
Onofre,4
Mola,14
Strata,1
Azana,19
Galidia,9
Odetta,14
Hua,7
Athamas,9
Anacrusis,9
Cleopatra,31
Colophon,27
Patu,20
Apocope,7
Bessarabia,1
Ate,7
Aquarius,22
Zapata,5
Litiopa,22
Anthropopithecus,20
Alcathous,3
Phaestus,7
Goliath,7
Brusa,3
Horta,2
Tachyon,7
Haida,3
Saida,12
Anglia,1
Susa,9
Hamartia,6
Mafia,1
Bigener,2
Zamboanga,1
Imperator,8
Onyx,16
Urana,3
Lampas,5
Narthex,4
Meridion,16
Oleaster,1
Entrochus,1
Ovum,5
Osteoglossum,15
Croce,23
Talia,4
Proserpina,2
Dugong,15
Schistocephalus,12
Apostrophus,3
Conuropsis,5
Laertes,1
Ligula,29
Parapodium,5
Socotra,2
Sirius,11
Parthia,2
Sybaris,29
Archimedes,9
Callisto,21
Talca,3
Aoa,2
Inca,21
Constrictor,19
Cantor,1
Scutum,1
Reinwardtia,18
Spica,6
Samba,8
Lubra,3
Fiber,21
Microsporangium,2
Ario,1
Phyllocladia,1
Variola,8
Lapsus,2
Monoclonius,13
Haruspex,43
Izanami,3
Barilla,2
Melba,16
Cachalot,1
Triptolemus,4
Teria,2
Spirosoma,20
Cannula,16
Erotesis,10
Pica,20
Chorea,2
Caesarea,12
Scalenus,15
Bema,7
Arena,4
Porter,2
Pseudo,6
Myron,6
Sulla,13
Myriotrichia,18
Apra,2
Cercus,19
Pleuropneumonia,5
Lycurgus,16
Loy,4
Microtia,8
Bonita,2
Cacao,7
Rotifer,12
Coccyzus,22
Chloe,1
Arachne,17
Elisia,4
Nes,2
Rhodesia,8
Micra,2
Mixtec,2
Lepidosiren,8
Mysia,19
Laguna,15
Ello,1
Evita,4
Tupelo,1
Cassandra,11
Crotophaga,6
Tula,5
Australopithecus,16
Pulvinus,2
Lass,20
Hernia,3
Macaco,2
Latona,6
Ja,3
Brotula,23
Candela,1
Bratislava,1
Fimbria,16
Cristina,18
Sinaloa,11
Tenrec,4
Scaphiopus,19
Peristoma,3
Phyle,16
Ix,2
Janus,11
Angina,1
Dobla,3
Belladonna,8
Plutonium,3
Uber,7
Auriga,1
Ayacucho,3
Illus,3
Clintonia,45
Orestes,4
Reo,3
Silva,1
Ondatra,33
Natalina,15
Glottis,5
Puebla,4
Ella,4
Deianira,13
Carrara,1
Peristomium,5
Pteranodon,10
Psithyrus,6
Zu,3
Schema,8
Elaphurus,4
Rostellum,2
Megaera,15
Cayuga,1
Guaiacum,24
Prolepsis,16
Dacca,1
Cyzicus,16
Chen,10
Ignatius,2
Mexicana,6
Kokia,11
Lilac,17
Nun,2
Zoroaster,44
Chaos,6
Hexagrammos,11
Jalisco,2
Pseudechis,26
Dela,1
Rea,14
Houbara,1
Imperia,1
Fibula,1
Meghalaya,1
Rhadamanthus,22
Terra,9
Philohela,2
Cordaites,4
Taonurus,3
Diaster,2
Epagoge,32
Pelops,23
Lituus,2
Fossor,4
Barsac,5
Pyrrha,3
Elis,2
Carolina,8
Velocipede,1
Sarna,3
Bishops,2
Crois,2
Hypodermis,2
Allora,25
Neogene,14
Addax,6
Spathe,5
Covillea,7
Amhara,3
Cytaster,1
Romania,3
Santiago,3
Erymanthus,3
Ethiopia,1
Peba,2
Umbria,4
Mina,5
Rubeola,6
Amieva,1
Dacosta,3
Salina,10
Saragossa,12
Procopius,15
Orbitolites,8
Galleria,10
Oman,2
Lophiomys,10
Nevada,2
Ega,20
Breda,23
Laris,6
Cayman,1
Evonymus,8
Julia,10
Squama,2
Amphioxus,7
Hypha,22
Solus,5
Paramoecium,1
Asmodeus,3
Malleus,32
Phrygia,7
Hippolytus,3
Lile,6
Aphid,3
Sabra,11
Goura,12
Plato,7
Scyphistoma,1
Branchia,4
Rio,1
Octavia,3
Agape,5
Are,3
Sardius,3
Causa,2
Circinus,3
Microtome,9
Iota,10
Psetta,7
Lusatia,8
Dorothea,5
Selene,23
Siphonaptera,7
Mexico,3
Plica,16
Princeps,2
Santonica,2
Anele,2
Carpentaria,5
Chaulmoogra,2
Hydrous,10
Area,2
Dictator,13
Sika,4
Pachydermia,3
Angara,3
Alabama,2
Doter,1
Cia,1
Laertiades,1
Rancagua,5
Plutus,1
Zoe,1
Golem,1
Ska,2
Dorcas,4
Lacinia,4
Pandemonium,2
Umbellularia,6
Ampulla,3
Negus,6
Cor,1
Touraco,1
Stramonium,14
Apocrypha,1
Trite,27
Fera,3
Ancora,4
Pudendum,2
Pampa,2
Symbion,3
Mesa,2
Roa,6
Umber,1
Ena,12
Sacculus,7
Catamenia,19
Harmonicon,5
Archaeopteryx,9
Thoron,13
Coyote,1
Pion,11
Polenta,3
Helena,9
Ba,1
Anzac,3
Colpa,9
Litchi,10
Minerva,3
Pegasus,16
Paratype,11
Onega,11
Queda,4
Ranis,3
Hypsiprymnus,5
Melanesia,10
Kali,33
Cnemidium,3
Gehenna,5
Appalachia,4
Ego,2
Anda,5
Arriva,2
Axolotl,1
Ventania,1
Argusianus,5
Velamen,2
Samaria,5
Par,2
Polybius,13
Nia,5
Sala,2
Vitta,25
Eurymus,1
Pika,1
Cachexia,6
Milne,3
Sartor,6
Hydrops,15
Jaya,8
Clyster,11
Curitiba,4
Asoka,3
Naiades,8
Deucalion,7
Saiva,17
Dido,1
Parabola,2
Limon,5
Utica,13
Mantra,2
Cyrano,4
Corcyra,8
Tenor,2
Aza,1
Ginkgo,15
Hypnos,4
Clyde,2
Elates,8
Cilicia,3
Aegaeon,8
Stoa,5
Lamina,6
Enos,6
Corolla,7
Epenthesis,5
Kronos,2
Artesia,3
Achaea,13
Mandola,5
Loa,6
Tehama,5
Tumor,2
Larva,1
Mei,2
Onus,10
Nina,21
Priapus,11
Dis,2
Vermis,2
Kalidasa,11
Ova,7
Sedilia,6
Ceux,1
Sol,4
Churinga,2
Problema,7
Diploma,6
Bites,1
Zamora,4
Prima,2
Bora,2
Argon,6
Meniscus,3
Gnus,5
Cuba,6
Apostasis,1
Buffo,4
Laius,8
Hea,3
Nucleolus,2
Phalarope,1
Agnosia,4
Mariola,2
Bambara,3
Trona,8
Laura,7
Boltonia,43
Nona,3
Archilochus,3
Hestia,6
Manaia,2
Auxesis,3
Mamma,1
Kerbela,2
Pella,16
Sinica,4
Hosea,4
Somateria,14
Stromboli,2
Segura,2
Jarra,8
Piccola,6
Amo,1
Zoogloea,8
Gena,13
Vinculum,5
Yak,1
Facula,1
Paxton,2
Echo,8
Soa,9
Tamera,1
Malacobdella,14
Gemma,11
Perea,1
Matabele,4
Vimen,26
Betelgeuse,4
Apodosis,2
Pontanus,6
Vitellus,10
Sudra,5
Beluga,10
Zagreus,2
Vigil,1
Edema,1
Lydia,7
Titus,2
Polynesia,5
Leila,7
Sagittarius,2
Dingus,1
Yea,1
Navasota,9
Lempira,4
Eratosthenes,2
Matilda,2
Ona,3
Diplococcus,9
Leviathan,1
Ophiuchus,8
Akihito,3
Cochlea,5
Micromelus,8
Talitha,2
Allo,2
Nesta,5
Tympanites,1
Cerium,2
Vulture,1
Jabiru,3
Depressa,4
Pavo,8
Kanaka,2
Parilia,6
Pons,3
Robbia,8
Acadia,2
Cornu,4
Stella,7
Ngoma,2
Pharsalus,2
Thrace,1
Atlas,1
Kinkajou,1
Sumba,8
Precursor,1
Virilia,5
Fascista,8
Indiana,5
Lysias,9
Diplex,2
Chorus,5
Gigantopithecus,3
Antaeus,1
Galicia,4
Somalia,4
Nebula,14
Hispaniola,1
Clara,7
Tartarus,5
Goel,1
Patroclus,3
Rhode,10
Agouti,3
Amygdala,3
Canicula,1
Fuentes,3
Hydrastis,7
Dagda,5
Trichoplax,3
Peloria,6
Herma,1
Rhea,17
Formosa,8
Scissor,2
Zacatecas,2
Marcelia,2
Dysphoria,2
Lazarus,1
Zeugma,16
Antiphon,4
Apsis,4
Rebecca,3
Pithecanthropus,5
Penthestes,1
Lepidosis,2
Potoroo,1
Anadiplosis,5
Cholula,13
Onager,6
Xema,6
Proglottis,1
Serpens,2
Jia,2
Anchises,3
Baucis,2
Aulea,3
Aras,1
Cypsela,5
Rhesus,4
Gonzaga,10
Glossa,1
Diaphone,13
Endamoeba,4
Inpa,2
Norumbega,2
Ichthyornis,12
Niger,1
Spandex,1
Iza,6
Pua,2
Stegodon,12
Viviparous,1
Proboscis,7
Investigator,2
Ciliata,8
Caltrop,1
Cheirogaleus,19
Osteolepis,6
Vancouveria,15
Thos,1
Lado,1
Sesquialtera,5
Persona,4
Antistrophe,8
Polycrates,13
Cresson,5
Justitia,10
Ca,3
Togo,4
Ion,3
Hanno,2
Cincia,3
Grison,1
Aline,1
Rota,3
Almeida,2
Macedonia,3
Sardinia,4
Triplex,13
Proconsul,7
Spatula,11
Regina,16
Sutra,1
Hong,2
Puck,2
Camacho,4
Barba,2
Doa,6
Cabrilla,2
Koala,1
Natator,5
Delilah,3
Uraeus,7
Zebra,1
Fleta,3
Magog,2
Iona,2
Iti,2
Electron,9
Hertha,2
Paladin,12
Maki,3
Coryphaeus,1
Via,2
Tana,5
Gradus,1
Maraca,4
Una,5
Geisha,7
Guan,1
Laches,6
Crimea,2
Tyro,6
Alcyone,2
Leucifer,6
Chevron,3
Diana,11
Dicta,1
Vara,1
Phaedra,4
Assessor,5
Helios,3
Tristan,1
Stylus,4
Lyde,3
Cyclos,1
Hollandia,3
Centrum,1
Nephrosis,2
Hippocrene,11
Gaea,6
Duma,6
Caucasia,1
Diprotodon,9
Anamnesis,2
Phrixus,7
Acharya,3
Patagium,3
Lusitania,2
Helicon,1
Varuna,6
Struma,1
Hetaera,2
Mongolia,2
Theta,12
Hekate,2
Mojo,2
Cilia,2
Helle,4
Rao,2
Cilium,2
Floribunda,3
Masuria,4
Gnu,1
Macao,1
Zaa,2
Rhaetia,1
Corydon,7
Perse,2
Serena,4
Orion,10
Galax,6
Salamandrina,4
Here,7
Ulysses,1
Aron,3
Sicilia,1
Gonococcus,2
Viator,2
Theodora,8
Xanthoura,1
Tragopan,10
Abulia,2
Erosion,4
Tripura,1
Cedilla,2
Schizotrypanum,1
Tisiphone,14
Diplois,5
Smyrna,8
La,6
Goya,5
Bipinnaria,1
Winona,1
Camanchaca,3
Vertumnus,2
Antigone,10
Curare,1
Elate,4
Praia,3
Aix,3
Pariah,2
Centaurus,1
Triskelion,1
Jones,3
Gibber,11
Callimachus,3
Pinta,1
Aphonia,1
Calma,3
Concertina,2
Tarsalia,9
Herodias,1
Hilsa,11
Semiramis,2
Boca,7
Spherula,1
Oops,2
Eva,3
Boanerges,1
Sofia,2
Tormentum,2
Fares,1
Roger,1
Usita,1
Pia,2
Uganda,5
Brasilia,3
Hemophilus,5
Laocoon,3
Hyades,1
Ezo,2
Radium,2
Athanasius,3
Iberia,1
Aidoneus,2
Blephara,1
Neobalaena,2
Ufo,3
Sapajou,2
As,3
Bim,1
Tolono,1
Ge,2
Genesis,2
Herrera,13
Rachycentron,4
Climax,4
Bilharzia,2
Indra,1
Cyme,2
Ija,2
Panda,5
Cysticercus,4
Jonas,8
Nipa,6
Siberia,1
Zua,3
Algol,1
Cheiron,1
Williamsonia,7
Cuca,2
Gallia,2
Estrus,1
Douma,2
Podia,1
Daimon,2
Akea,2
Musica,1
Acropolis,2
Uncinus,5
Siva,1
Papilloma,2
Potamogale,4
Ignavia,5
Tia,3
Cybele,21
Sanctum,1
Cacumen,2
Lena,1
Tagalog,5
Nardo,1
Hibernia,2
Sora,3
Kua,2
Eurus,1
Eulogia,3
Diophantus,2
Pamplona,5
Ops,16
Gaius,3
Multiplex,1
Phoebus,2
Obsoletes,7
Thuya,5
Kari,1
Anx,1
Almeria,4
Cochise,3
Acetabulum,9
Phidias,1
Catalonia,1
Metaplasia,4
Randalia,6
Hiatus,2
Pagoda,1
Anaximander,2
Texas,1
Hyrax,2
Apache,5
Prosthesis,1
Thoth,6
Hydria,13
Swan,2
Godiva,8
Vitria,1
Parisis,13
Onondaga,1
Paura,3
Passa,2
Plautus,2
Dio,2
Libido,3
Asa,3
Cycadeoidea,2
Emeus,2
Damocles,3
Reticulum,2
Xavier,1
Procrustes,1
Minos,1
Argolis,1
Dias,9
Mines,1
Cloaca,2
Cathexis,5
Dulia,1
Yama,2
Aries,1
Bastia,4
Thalamus,1
Citharoedus,2
Ascanius,1
Dives,9
Fatima,3
Colusa,1
Eliana,1
Lucullus,2
Rigel,2
Magma,2
Zev,1
Trypa,1
Cista,1
Basuto,4
Yhi,2
Gordon,2
Ide,1
Calcar,4
Clotho,6
Scena,4
Mathesis,1
Omura,5
Feria,3
Raffia,1
Xanthus,3
Alcmene,2
Braga,9
Tereus,2
Hyena,1
Lagos,1
Florida,3
Auster,2
Situla,9
Aristes,1
Aegir,2
Creon,6
Malleolus,1
Amelus,2
Mathura,1
Folia,6
Jardine,2
Heraclea,3
Alisa,2
Lar,4
Scolex,5
Anaemia,1
Hegira,2
Catalina,1
Asmara,4
Martyr,3
Abadia,1
Euboea,1
Montezuma,5
Ionia,2
Opossum,2
Desman,1
Loki,2
Scipio,4
Bavaria,2
Classis,1
Speculator,2
Momentum,1
Ricine,1
Colugo,1
Bias,6
Catis,2
Telleria,3
Lyda,6
Jim,2
Kara,2
Kairos,2
Cobus,1
Gastritis,1
Galbanum,8
Macrobius,1
Beria,4
Bla,2
Minutia,2
Argyroneta,5
Funiculus,2
Chameleon,6
Dia,2
Polyanthus,2
Caudex,1
Tacitus,2
Piscator,2
Severus,2
Tiresias,5
Cirrus,2
Susanna,4
Francesca,3
Carolus,10
Tenia,1
Hydrocephalus,3
Hera,2
Comus,3
Monica,1
Saba,9
Emu,1
Cryptonema,3
Perseus,4
Kuala,7
Sultana,1
Saki,1
Metalepsis,7
Raphiolepis,3
Zen,4
Illyria,5
Liana,2
Mneme,1
Pantheon,1
Lala,1
Trips,1
Mombasa,1
Para,1
Nystagmus,1
Berea,5
Mirza,3
Acinus,3
Mangle,1
Cythera,2
Dentale,2
Cyclostome,1
Sporades,4
Nara,2
Sardis,3
Anatolia,1
Procne,1
Rodina,1
Simpulum,11
Tuscarora,1
Madera,2
Inu,3
Odysseus,2
Delius,3
Atreus,2
Satellite,1
Fedora,5
Unico,1
Stigma,5
Ceto,2
Citta,2
Patina,3
Libia,1
Galla,1
Lingo,1
Nevis,1
Flaminius,3
Virago,2
Corvo,1
Alga,5
Chalaza,2
Aor,2
Araucania,7
Pollux,4
Niobrara,1
Pydna,4
Lucilius,3
Terminus,2
Australia,2
Borer,1
Thorax,3
Cacus,1
Shiva,1
Colas,2
Aristaeus,3
Kochi,1
Catiline,4
Adria,1
Jalapa,7
Baku,2
Petta,5
Nidus,4
Tenuis,1
Retiarius,3
Araxes,1
Erbia,2
Condominium,3
Eteocles,2
Amadus,3
Miranda,1
Umbrella,4
Mikado,4
Wanderer,2
Altona,1
Creator,2
Penguin,1
Xyo,6
Dictyonina,2
Eohippus,4
Otitis,1
Varia,3
Homunculus,4
Ense,1
Cas,1
Elemi,1
Crista,3
Idomeneus,1
Salpinx,9
Pontus,1
Polygnotus,3
Cardea,1
Eider,2
Phaedrus,1
Botha,1
Laverania,1
Allodium,6
Baione,2
Cobra,4
Hysteria,2
Jota,1
Zacynthus,5
Novella,2
Bucranium,6
Sarasota,4
Icarus,4
Gamba,1
Sao,3
Hathor,1
Qii,1
Titan,1
Keitloa,1
Ioa,2
Hyperion,3
Romulus,2
Ibarra,2
Persephone,1
Albatros,1
Delenda,3
Cyrenaica,4
Actinometer,1
Theresina,3
Manna,5
Mala,5
Alceste,2
Orizaba,2
Lea,5
Moly,4
Olin,2
Telemachus,1
Pious,1
Jerboa,1
Scotia,4
Yan,3
Haleakala,1
Thyrsus,4
Hectocotylus,1
Karelia,2
Glarus,1
Age,2
Paean,1
Amphiaster,2
Ira,2
Acedia,1
Paramo,4
Sima,1
Mycelia,1
Obia,2
Nephridia,2
Lois,1
Bella,1
Nix,2
Noda,4
Guanaco,1
Gambetta,1
Veo,2
Moravia,3
Casco,2
Basilica,2
Lemma,3
Alexandria,2
Cerous,1
Isabel,4
Jason,2
Pseudaxis,1
Cochabamba,2
Tunisia,2
Corcovado,4
Calculus,2
Proton,1
Eua,5
Myopia,1
Eridanus,1
Canasta,4
Dorisa,1
Taenidia,3
Nicoya,2
Ive,3
Lamella,3
Magallanes,3
Argus,8
Argo,2
Tasmania,2
Tulip,1
Miliaria,3
Heteromya,1
Stemma,3
Pastor,2
Marginalia,2
Ennius,1
Daza,3
Annapolis,2
Cestus,3
Cleland,2
Epimenides,2
Phyllode,1
Mediator,1
Kyphosis,2
Falcon,1
Sabula,2
Bdellium,2
Styria,2
Petasus,6
Aeschylus,3
Talus,1
Protozoon,1
Pentheus,2
Vigilius,2
Cremona,2
Scales,2
Boreas,3
Oceanus,1
Tisa,1
Ilocano,3
Favus,3
Apollo,1
Glauce,2
Espera,3
Cauca,3
Ama,1
Parka,1
Ia,5
Giraffe,1
Alsatia,3
Erotomania,2
Inhambane,1
Megalocardia,1
Vis,1
Warrumbungle,2
Haga,2
Alexandra,3
Lira,1
Tiberius,3
Labrum,1
Curiosa,2
Uxa,2
Syria,1
Colombia,6
Dies,3
Cholera,1
Crine,2
Marolda,1
Pais,1
Azar,1
Haematozoon,1
Medea,4
Bua,1
Dabba,2
Elide,2
Voglia,2
Protonema,4
Speculum,2
Gallium,1
Scopas,2
Chondrites,5
Camarilla,2
Trigon,2
Mike,2
Napoleon,1
Atila,1
Prostheca,1
Subclimax,1
Moron,2
Epirus,2
Nigeria,2
Io,3
Cama,1
Lysis,3
Induna,1
Libya,1
Unica,1
Seta,1
Coa,1
Patagonia,3
Styx,2
Juliana,1
Drachma,2
Therium,1
Fimbrilla,2
Caledonia,3
Gutta,1
Apex,1
Typhoeus,1
Enceladus,3
Kaya,1
Hidrosis,1
Remex,2
Rox,1
Gog,3
Arium,2
Bonus,3
Convector,1
Pennon,3
Ventriculus,2
Aurelius,2
Haustorium,1
Ancilia,1
Entellus,1
Chile,2
Alula,3
Apia,2
Foveola,1
Andrea,5
Insula,2
Apostrophia,1
Viva,1
Lua,3
Oralia,1
Biafra,1
Australasia,2
Guereza,2
Parce,1
Aristippus,1
Magus,1
Vela,4
Catena,5
Abea,1
Bentonia,1
Iru,2
Pauline,3
Otina,4
Pyrosis,2
Anagoge,1
Aon,2
Epithalamium,3
Questo,2
Ynx,1
Themistocles,1
Tessera,2
Anosmia,2
Moa,1
Gluma,4
Cleon,1
Spinoza,2
Fortuna,2
Transcaucasia,3
Elder,1
Sogdiana,1
Sava,1
Impostor,1
Lux,3
Angas,1
Perinea,2
Senator,1
Cornucopia,1
Omega,2
Nucleus,1
Tua,1
Taxes,4
Satan,2
Rata,3
Anoa,1
Tacoma,3
Arno,1
Chroma,1
Hematites,3
Latium,1
Russia,1
Kiwi,1
Heterophaga,1
Toma,1
Pendragon,1
Clitellum,2
Epitasis,2
Ambo,4
Zyx,2
Daniela,1
Ambala,1
Henna,1
Ruthenia,2
Rivera,2
Ani,1
Mama,2
Karsten,2
Tanoa,1
Parabasis,3
Serval,1
Phaeton,3
Biramous,1
Baroda,1
Clavicornia,2
Demeter,1
Psalter,1
Kola,1
Oreopithecus,1
Sacandaga,3
Pignus,4
Adana,2
Numidia,1
Babirusa,1
Emphasis,1
Primavera,1
Orontes,1
Rhonchus,1
Insignia,2
Zaphrentis,4
Filum,1
Edo,2
Camila,1
Lucania,6
Gol,1
Aha,3
Aye-aye,1
Linea,2
Codex,1
Tanga,1
Cana,1
Cinura,2
Admetus,3
Lunula,1
Idolum,2
Prana,1
Mormon,1
Barca,2
Inermia,2
Epiglottis,1
Telamon,1
Magdalena,2
Sporangium,2
Megara,1
Ra,1
Loro,1
Morris,1
Shako,2
Kenema,1
Margay,2
Stoma,1
Tumulus,1
Angola,2
Microsauria,3
Mandrill,1
Neurasthenia,1
Alveolus,1
Cafeteria,5
Nalepa,1
Mania,2
Cisco,1
Cambria,1
Moloch,2
Brome,2
Citron,1
Tintinnabulum,1
Phillis,1
Rad,1
Savina,2
Monongahela,1
Paralysis,1
Exedra,2
Daemon,1
Vex,2
Hoa,1
Glomerulus,2
Elia,3
Ale,2
Olympia,2
Nea,4
Typhus,1
Diva,1
Forma,1
Alhambra,1
Galena,1
Litotes,2
Fasciculus,3
Vestibulum,2
Crus,1
Ulna,2
Spadix,2
Goe,1
Llama,1
Potto,3
Erigenia,2
Cyprus,2
Duvalier,1
Columbus,1
Iba,3
Rama,6
Vera,2
Norma,2
Angelus,2
Tampa,2
Coletta,2
Iridium,1
Anaximenes,1
Yukon,1
Calix,1
Radiolaria,1
Chema,1
Seena,1
Adversaria,1
Stratus,1
Podagra,2
Garcia,4
Oda,1
Cotyle,1
Diaspora,1
Fructuarius,1
Gros,1
Panama,1
Hamster,2
Tyz,1
Hora,2
Planula,1
Marsupium,1
Augur,1
Ithaca,2
Himalaya,2
Behemoth,1
Schipa,1
Arcadia,1
Pycnidium,1
Pudicitia,2
Dionysius,1
Drinker,2
Dysthymia,1
Serapis,1
Catalexis,2
Pindus,1
Quagga,1
Asia,1
Pontifex,1
Aura,1
Lio,1
Nerva,1
Auletris,1
Semolina,2
Leto,3
Isa,2
Agricola,1
Sparta,2
Ennomus,1
Ababa,2
Vedalia,2
Rosario,1
Saturnalia,2
Merganser,1
Daman,1
Mexia,1
Quathlamba,2
Corsica,1
Diastole,4
Hierofalco,1
Maya,1
Arsis,2
Entozoon,1
Nutria,1
Sponsor,1
Pola,1
Boudicca,1
Manana,1
Papillon,1
Nexus,2
Acheron,6
Linsang,1
Ellipsis,1
Hermosa,1
Propylaea,2
Papa,1
Manaos,1
Penza,1
Buna,1
Crato,1
Parana,2
Valkyria,1
Fala,2
Todos,1
Redivivus,1
Gargantua,1
Lithium,5
Evora,2
Sama,1
Horologium,2
Telson,3
Varicella,1
Kaffraria,1
Antelope,1
Scyphus,1
Iquitos,1
Raptor,1
Cela,1
Hepatitis,1
Brachyurous,1
Proctor,1
Atahualpa,1
Pena,1
Titania,3
Vulva,1
Letia,1
Nympha,1
Mandala,1
Achates,1
Oma,1
Jaxartes,2
Servitor,1
Ido,1
Attica,1
Aia,1
Casa,1
Dichasium,3
Uvea,1
Holocephala,3
Vega,1
Pseudochrysalis,1
Quechua,2
Dux,1
Micro,2
Beryllia,1
Israelites,1
Hys,2
Tucana,1
Andromache,1
Palestrina,1
Gavial,1
Ankylostoma,1
Rabirubia,2
Phaeacia,1
Cava,1
Conidia,2
Mantissa,1
Kalpa,2
Batista,1
Amma,2
Trepang,2
Alcheringa,1
Tayra,1
Cadiz,2
Polyphone,1
Phila,2
Ginseng,3
Amanuensis,1
Oceana,1
Martha,3
Lyra,1
Leo,1
Amar,2
Calandria,1
Cecilius,1
Mantua,2
Urus,2
Hipparchus,1
Corinthus,3
Cassius,2
Thermes,1
Americana,1
Gloria,2
Autolycus,1
Pannonia,1
Nessus,1
Socorro,2
Pyrope,1
Cecilia,1
Cyma,1
Hieronymus,2
Kabylia,1
Miura,2
Herophilus,1
Sita,1
Gonidium,1
Batman,2
Tarsia,1
Ommatidium,1
Deva,1
Vulpanser,1
Cara,1
Fistula,1
Sarpedon,1
Plata,1
Caracalla,2
Bellona,1
Mucha,2
Limma,1
Pelion,1
Veronese,1
Anus,1
Nisso,1
Rosetta,1
Cassiopeia,1
Sokotra,1
Vasculum,1
Menes,1
Memnon,1
Tectrix,1
Lentigo,4
Turus,1
Resto,1
Meleager,1
Oberon,2
Sheba,1
Aymara,2
Anu,2
Sara,1
Teucer,1
Vena,1
Bucella,1
Roscius,2
Epa,1
Narwhal,1
Coccidia,1
Bates,1
Xyster,2
Arabia,1
Nerites,1
Nacelle,1
Rasia,1
Bria,1
Albania,3
Ictus,1
Lenticularis,1
Monopteros,1
Eka,1
Linnaeus,1
Papua,1
Dvina,1
Cotta,3
Upa,1
Tutor,1
Anacostia,2
Ainu,1
Pater,1
Eba,2
Coma,2
Diplopia,1
Athena,1
Nephron,1
Morpheus,1
Armenia,1
Naos,1
Hecuba,1
Ty,1
Chromonema,2
Capibara,1
Paramatta,1
Gallion,1
Buccinator,1
Boadicea,3
Saavedra,2
Pabulum,1
Anamosa,1
Festa,1
Basta,1
Ima,2
Vesica,1
Catlas,1
Gopher,1
Rya,1
Talipes,1
Fama,1
Calx,1
Androgyne,1
Trompe,1
Uranus,1
Lars,1
Benedictus,1
Camellus,1
Dodo,1
Laconia,1
Kamala,1
Persia,3
Lade,1
Momus,1
Cares,1
Coati,1
Kaluga,2
Anthodium,1
Cephalonia,1
Polyadelphia,1
Esthonia,1
Eumenides,2
Nereus,1
Didus,2
California,2
Gnomon,1
Burma,1
Menis,1
Tinamou,1
Reticella,1
Sierra,1
Murmur,1
Perugia,2
Apodes,1
Robert,1
Bechuana,1
Ganesha,3
Loella,1
Metacercaria,1
Nicolina,1
Courlan,1
Chimera,1
Curricula,1
Mesopotamia,1
Carta,1
Taurus,1
Primus,1
Myrmidon,1
Nicaea,2
Apelles,1
Nele,2
Miscellanea,1
Neoptolemus,1
Selon,1
Varus,2
Palmar,1
Nox,2
Calamite,1
Exon,1
Dulcinea,1
Limas,1
Europa,1
Velum,1
Vaccinia,1
Protasis,1
Typhon,1
Argali,1
Spermophile,1
Penna,1
Pyramidon,1
Phu,1
Varna,1
Lenka,2
Panel,1
Nat,1
Auge,1
Cyclotron,1
Oculus,1
Elatia,1
Hama,1
Qu,1
Chine,1
Ibex,2
Centralia,1
Brachiolaria,1
Amphithecium,1
Siphon,1
Aconcagua,1
Gastrotricha,1
Triga,1
Ulema,1
Jumbo,1
Dendrites,1
Durban,1
Maecenas,1
Ceres,1
Xenarthra,1
Ammon,1
Laurasia,1
Elicia,1
Tartare,1
Ampelis,1
Fascia,1
Torna,1
Hymenium,1
Pretorius,1
Necrosis,1
Gondola,1
Linter,1
Gorgon,1
Hyrcania,1
Sarcorhamphus,1
Nisus,1
Mais,1
Drongo,1
