apus,75
bicolor,5477
affine,894
galba,35
loewi,114
mitra,73
orpheus,63
tortile,77
arbela,7
plenum,46
agitator,9
antarctica,1305
maia,56
mali,256
mira,400
americana,2493
lysis,14
lydia,85
minor,8963
aurora,363
stigma,284
safari,3
montana,3911
petechia,83
minimum,492
calcar,111
major,5585
dubia,2443
bella,1037
serpens,567
filum,225
ichneumon,29
nona,21
sara,60
tepee,1
basilica,54
senna,32
apollonius,18
aphrodite,109
trochanter,6
comma,148
shan,10
siren,14
roseola,145
alba,3455
zamia,7
thapsus,17
marina,728
discolor,2199
fluviatile,148
phaedra,39
candelabra,19
spadix,153
minima,2484
tricolor,1597
medium,366
argus,422
marsupium,28
romania,3
mexicana,2880
normale,133
pauper,310
formosa,1483
simplex,4748
destructor,151
ferula,17
coryphaeus,20
varia,928
minus,1571
rostrum,28
simile,341
multicolor,306
julia,75
japonica,4566
madonna,4
corsica,295
bison,47
hyacinthus,31
tenuis,3506
regina,336
asper,618
frater,353
hercules,136
isis,70
depressa,1456
thetis,103
upsilon,37
niger,1722
ilia,110
dorcas,85
barba,16
carioca,74
melaleuca,174
album,944
munda,386
vile,28
maxima,1355
clematis,20
catalina,42
vexillum,56
bursa,44
psi,18
lineate,1
florida,479
veracruz,9
regulus,128
pita,17
eureka,40
naevus,17
zapata,6
solidus,204
aurum,11
triste,214
lepidus,533
adventitia,9
saba,37
hepatica,124
media,1238
sultana,47
phocaea,6
calypso,104
vibrissa,5
desiderata,37
crassus,855
clara,471
delta,142
lethe,21
pecten,71
cereus,53
pandora,95
mucro,6
aquila,161
titan,120
erato,87
saida,6
luna,101
anna,115
crista,48
gracile,1860
gateway,4
mitis,499
maior,254
patella,115
digitalis,187
commodus,34
duce,1
furcula,69
visite,3
cor,40
ciliata,2030
tartarus,46
semen,51
fascinator,13
ins,1
gill,64
cannae,27
maximus,696
thai,60
ancora,94
rhesus,18
pollux,70
fenestra,35
argentina,597
san,14
bolivar,9
calendula,21
epirus,14
aspasia,56
mucosa,171
rhinoceros,130
indra,44
imperator,219
josephus,20
carib,7
dives,347
versicolor,1975
viaticum,5
norma,32
floribunda,1370
centaurus,34
achates,46
rotunda,633
nevada,29
candia,5
extensor,12
minimus,1207
calamus,55
margarita,233
mani,6
diabolo,2
pro,28
syn,24
inca,251
volta,4
ligula,54
sol,85
devia,90
sinica,673
wadai,19
martini,615
salina,442
cultivar,87
tener,295
lemur,59
draco,120
aesculapius,9
excelsior,231
rubens,622
penelope,86
gecko,13
white,5
virgo,204
pendulum,343
pectoralis,588
nexus,37
hesione,31
inferior,52
regulator,5
primus,160
mimas,20
colorado,34
exile,182
vixen,4
polaris,332
crucifer,153
pensa,10
breve,197
levis,603
ursula,57
daedalus,48
actaeon,32
gallia,3
mignon,4
repeater,1
gorgon,29
atalanta,35
sagitta,173
placenta,104
spectrum,121
cougar,3
pyrrha,59
conversa,34
proteus,283
presa,1
bastille,2
phrygia,94
thulium,1
aureus,655
cincia,3
complex,234
fossor,129
lus,86
meteor,9
tumor,2
sarracenia,4
zeuxis,17
par,55
rectus,267
tuber,33
cysticercus,2
pais,8
sinister,18
forceps,115
karttikeya,1
blanca,47
commune,312
incus,106
litotes,11
labe,3
nucleolus,14
vacua,42
miranda,304
integer,246
ziska,6
nova,232
louisiana,29
hetaera,11
daphne,84
stella,151
thalia,92
princeps,835
anubis,40
vortex,29
textile,42
kama,11
aegis,10
agile,65
sorella,16
ephemera,51
scamander,7
rex,351
iota,104
lou,1
caper,5
testudo,119
cassandra,49
cara,76
neu,5
viator,92
shillong,2
mayo,6
here,4
confucius,42
annulus,63
zeus,29
penna,24
prima,281
maya,151
sarcophagus,9
hermosa,43
galatea,48
tiberius,15
phaeton,29
lumbricalis,43
calyx,56
perplex,3
certa,57
taurus,152
fides,6
alecto,98
niobe,105
callisto,27
maximum,332
leda,56
azteca,181
edb,1
alabaster,20
amrita,8
neuter,23
sagittarius,91
jacobi,108
miles,140
bonsai,5
tripos,69
augustus,78
ochrea,105
zur,108
serena,148
triplex,110
moxa,7
abaca,6
bucephalus,97
vorticella,18
lysias,14
aviator,6
suave,53
persephone,78
pluto,202
mindanao,14
lota,42
urus,15
scorpio,49
volans,98
pyramidella,2
aegyptus,5
fortis,323
aba,8
mnemosyne,82
jaguar,5
magi,2
aegina,25
hector,52
uka,3
dis,17
grande,392
cyrenaica,108
caesium,172
koi,14
eo,2
armiger,135
zoe,18
barbara,236
caesarea,75
elate,2
sanguinaria,53
pennate,1
vagus,162
ontario,27
ino,59
sigma,100
bulla,103
hortense,48
ambiguous,4
dux,169
abu,3
colossus,91
flocculus,4
janus,151
radula,314
aza,10
luta,6
naga,35
gore,4
viola,111
rachis,5
vau,36
tao,14
fornax,18
spiculum,24
ecclesiasticus,8
parte,9
skeleton,5
eucharis,54
index,45
ht,43
tantalus,53
selene,120
titania,70
cyclops,184
veliger,5
caucasia,25
charon,83
samba,9
jumna,2
bacillus,49
iona,14
yei,11
faunus,70
iris,350
ou,3
cygnus,52
omasum,3
pastor,19
megaera,33
palma,27
agricola,127
tacitus,33
hesperus,171
novella,53
lichen,9
bruno,9
sogdiana,112
erebus,91
ali,14
apache,93
fera,92
ultima,156
sarai,14
myrica,15
alpha,189
kochi,307
caesar,44
ovum,134
multiplex,214
cua,2
alveolus,33
melpomene,111
anguilla,32
alone,2
scarlatina,66
partita,161
vista,6
medusa,122
pappus,9
ophiuchus,12
boabdil,4
abyss,1
kanaka,16
cornea,180
manca,140
rosetta,33
verruca,43
lyra,152
kazak,7
discus,143
socrates,15
opuntia,57
rhachis,5
sapota,28
agraria,78
max,16
olivaceous,10
boreas,38
rabia,1
flexile,68
torrens,13
diana,229
clavus,167
rete,10
possum,2
paisa,7
mari,4
rama,49
sima,73
croesus,100
carina,37
nicoya,5
indigo,20
una,39
tetra,31
orestes,96
mara,40
zebra,419
deva,20
guggenheim,1
musa,24
chloe,47
rhea,46
titus,25
aglaia,95
irene,63
sessile,207
granadilla,2
agama,34
alberta,69
montezuma,81
enigma,69
alceste,15
exiles,1
fragile,331
cadmus,17
gemma,173
rosa,78
li,12
theta,22
natator,52
cluster,5
cassaba,14
nid,54
folium,72
helix,134
banzai,3
cordillera,22
aries,73
anabas,2
lunula,104
mercator,19
philo,7
jog,2
venus,91
esau,41
congener,181
venter,12
glauce,14
dracula,20
amici,11
toluca,11
area,8
rea,9
minerva,66
capito,203
fur,38
helle,34
mediator,26
minutes,8
testator,10
solus,81
sanctus,107
scrutator,52
musica,41
minotaur,3
quagga,43
acanthus,58
le,50
quiche,2
belladonna,37
scintilla,42
chlorella,32
guatemala,14
nurse,7
subtile,217
pinta,11
pavo,84
biceps,113
facies,7
sierra,61
ione,22
androcles,16
limbus,24
famulus,29
pauli,150
lepus,22
minos,62
ita,10
dea,26
oedipus,112
rude,88
nicolai,62
sus,36
babylonia,15
pileum,7
ranunculus,22
nil,11
hui,70
apollo,129
cardinal,2
yuma,27
aria,68
podagra,7
flabellum,124
lampas,36
pagoda,66
dorothea,70
varus,53
div,6
gama,5
gladiator,173
lucifer,115
dicta,6
iki,5
helena,203
calvaria,12
clemens,40
oleaster,10
amphora,89
pubes,19
quadriceps,65
lens,86
scopula,55
habitus,4
kumquat,2
awa,17
myosotis,85
jacobus,6
ida,60
medius,491
pupa,77
sorghum,167
peti,1
aporia,10
vicki,1
remex,17
orion,89
nestor,42
glabella,258
novus,109
malaya,79
illyricum,85
epicurus,3
bertha,23
linea,74
rhadamanthus,47
maori,37
spica,56
severini,129
duplex,377
sioux,4
stratus,19
cimon,3
umbra,107
acre,60
araxes,18
monoceros,115
rajah,37
phidias,19
microcline,1
hyaena,30
neogaea,22
manaos,8
elgon,2
excavate,2
hyperion,21
sia,4
miliaria,35
pali,5
isolde,10
miser,136
impatiens,116
vulpecula,84
ima,29
lamella,57
rhinarium,1
ibex,42
sic,10
davao,7
polycrates,7
karakorum,6
campanula,84
manes,5
boer,5
nauplius,5
sienna,8
acetabulum,63
antaeus,20
wapiti,4
maria,88
cerebrum,17
sphinx,105
sacellum,7
convolvulus,37
sacrum,7
latona,45
geisha,23
flora,87
matthias,3
columbia,50
atropos,104
lanka,32
rarotonga,2
alma,42
gorilla,23
marduk,2
colima,18
ajax,85
rubella,540
briareus,46
puebla,23
prosper,20
favus,53
ellipsis,25
magnum,301
constrictor,57
superior,61
eso,3
amica,110
spermatozoon,5
rata,18
urania,72
philippi,98
xenophanes,4
vera,241
platypus,125
teredo,7
lamia,42
victoria,97
theophilus,3
ladanum,41
adonis,132
corona,118
janina,2
decidua,133
alameda,15
leucoma,20
aggressor,5
mica,77
jura,4
humerus,7
meta,38
attica,92
trifolium,63
ceres,84
taste,1
fimbria,33
hera,68
mu,7
hebe,72
nero,47
tiresias,27
canberra,2
otto,7
lenis,172
albata,146
lenticularis,222
sepia,34
citronella,23
tyche,39
nikko,2
appendix,11
pyi,3
goral,9
carpi,9
tuna,24
nec,41
chino,43
pentheus,12
calliope,69
gibber,131
rectum,138
otis,22
peloria,21
dingo,15
goliath,137
bacchus,42
phrixus,6
anding,1
pileus,37
ixion,33
leucas,28
soli,120
erro,29
algae,24
monte,3
monitor,23
eoa,50
oceana,18
mite,49
lacerta,51
utile,52
indiana,72
cepheus,16
flagellum,103
guanaco,2
varuna,34
radix,37
nox,99
pax,55
lucretius,13
speculum,98
papua,143
galea,63
madeira,13
infundibulum,112
pomona,46
solon,26
symphonia,2
stupa,8
cornucopia,48
exanthema,11
moly,15
aristaeus,9
oryx,54
uda,50
cadaver,2
priapus,54
raptor,78
borges,2
dianthus,45
leviathan,9
capelli,4
foraminifer,15
ojibwa,4
error,3
cobra,13
cora,70
congo,7
gyrus,9
alligator,15
wui,111
hiram,3
fen,1
malagasy,33
arenicolous,6
acheron,23
avis,30
arawak,24
mysia,12
cineraria,95
caja,18
ariel,59
cursor,143
vara,24
orthodox,4
onega,7
atlas,65
finita,20
gua,2
arjuna,16
eldorado,28
dejecta,65
gnu,14
cana,470
unknown,23
navigator,23
eurydice,55
nara,18
passer,9
warrumbungle,1
selangor,6
mobile,26
juliana,76
uranus,22
unica,211
festa,33
axi,27
cynthia,81
scopas,20
rol,1
orcus,28
cercus,2
quamash,17
cinderella,33
taenia,107
anta,9
alexandra,43
euphrosyne,67
durra,22
lima,197
custos,27
idea,41
taxi,96
phoenix,106
siva,48
gemini,18
zella,4
moi,13
anathema,12
lofty,1
kris,2
gluon,1
cordova,2
petra,13
template,2
azalea,4
assessor,5
osiris,59
buccinator,25
axilla,2
morelos,5
nidus,48
chaco,5
oculus,44
banana,15
campeche,5
ain,1
auster,20
elia,9
rostellum,31
lupus,82
macula,119
pains,1
mete,2
applicable,11
uvula,7
menander,12
primula,38
columba,49
ming,3
yui,82
raphael,5
sassafras,48
elisabeth,8
mormon,39
padus,28
ilex,141
tutta,1
carolina,242
zia,5
phila,14
brassica,31
persis,6
spectator,17
chama,17
dulce,50
bivalve,26
alter,57
alcestis,29
tuba,109
murex,51
cleanthes,11
materia,2
thermae,9
alberti,256
poseidon,34
subg,136
curiosa,115
mala,32
roscius,4
ota,1
forte,20
mammilla,20
thor,16
horologium,13
tangelo,1
pui,11
crux,146
gypsophila,88
ulu,6
seta,16
bali,10
isa,14
omega,58
sui,11
pythagoras,6
oja,1
aruba,6
ganesa,22
antigone,46
khaki,3
ancilla,96
praetor,35
isabella,113
aeneas,24
pori,36
arius,18
shah,5
minna,20
eupatorium,7
simulator,213
given,3
beryl,1
enki,3
heraclea,16
flagella,12
simla,17
cura,5
polychaete,11
ebo,5
lama,89
iritis,1
vigil,49
penguin,7
guano,7
vistula,4
altamira,8
serum,15
mangle,18
ephialtes,64
chi,21
gutta,69
lotus,63
lingua,191
largo,3
severus,67
lycia,42
cassia,41
tupi,19
caligula,31
acromion,2
tau,91
seminole,35
doria,21
himalaya,11
rota,46
madras,3
tonga,12
cassis,34
difficile,73
anoa,6
dido,43
cannabis,39
hafiz,2
pegasus,38
castalia,24
chiasma,7
violaceous,7
egeria,31
cocoa,6
porphyria,51
vanilla,6
fibula,102
naomi,8
mudra,2
denarius,12
icaria,7
megara,6
eos,156
taiga,12
ora,24
hiatus,32
senile,42
trochilus,48
acicula,81
cyrene,30
detritus,63
terror,4
apis,46
callicrates,2
circe,87
alpaca,1
mikado,64
alcyone,29
iphigenia,39
ucayali,18
caledonia,21
adr,8
armilla,28
nancy,1
hagar,7
mazda,2
taxa,8
echidna,66
lucina,52
tarantula,14
cesta,9
hydrocephalus,10
ira,19
midas,103
binary,10
connote,1
torpedo,23
ocosingo,6
jason,45
scabia,2
aurelia,69
reata,1
confine,85
rhombus,53
ladon,19
xuthus,14
lepton,15
excellent,1
stuart,1
retiarius,18
senior,27
piscator,43
abscissa,52
calabash,2
manilla,3
australasia,29
california,47
scylla,42
eogene,3
torus,25
polyphemus,85
logan,10
ammon,53
trapes,1
tango,9
somali,18
baja,25
kiowa,13
scilla,8
isosceles,21
oceanus,22
euboea,20
arethusa,55
banting,1
oti,9
medea,50
chimaera,61
inutile,8
calchas,9
echinus,166
scabies,17
andromeda,44
lynx,53
cubans,1
lia,10
virago,28
sector,24
sita,28
cordoba,5
diomedes,11
brahma,40
aberration,15
entellus,25
iulus,7
cabaret,5
necropolis,3
interior,198
phoebus,64
leo,73
ada,35
zulu,49
prosthesis,2
beta,183
pyrites,6
spatula,68
smilax,16
sutlej,1
atlantis,200
omphale,41
cleopatra,41
acacia,12
vallecula,3
griqua,10
agha,1
pallium,7
comanche,21
canicula,12
tyro,16
sinistra,44
caracal,21
artemis,101
zacynthus,1
eva,48
tisiphone,34
flores,7
clade,49
pyrethrum,10
icarus,88
clyster,1
memnon,40
dandelion,9
plica,28
num,1
ampulla,81
corvus,58
xai,1
haustellum,5
copula,6
ayacucho,4
hexapla,4
ventilator,1
arista,15
ultra,18
pubescent,2
sequence,11
godiva,2
junta,5
sera,55
tamaulipas,4
martha,41
dhyana,4
teucer,14
oasis,35
phoebe,101
florentine,1
electron,7
mirza,15
erratum,15
ganymede,7
operculum,7
faria,3
icterus,15
cum,1
receptor,2
calathus,40
io,123
feline,15
decorum,136
hermes,32
mana,28
chaos,9
celaeno,23
continua,147
deianira,14
guarani,57
generatrix,3
palmetto,14
olympia,29
thymus,15
angelus,35
mai,19
carlota,13
lachesis,53
aea,8
volvox,19
kaw,1
echo,62
sola,80
auricula,168
coahuila,6
miches,1
pictor,31
dardanus,49
croton,11
lacinia,31
phoenicia,26
papyrus,20
tanta,5
favor,2
nix,16
loki,18
subgroup,24
dicentra,5
sinai,17
mus,147
drosophila,1
core,19
branchia,3
rolland,6
versatile,24
dulcinea,22
canna,18
proserpina,98
cytherea,64
remus,28
toscana,2
lui,37
cocos,41
antilles,3
indus,64
delivery,7
clepsydra,53
ithaca,12
ena,9
galbanum,20
gut,5
cecilia,18
radius,13
fistula,37
triceps,63
spirillum,17
tana,39
corves,1
fenestella,22
philander,30
lee,1
sown,1
gamma,106
hyacinth,1
pulvinus,22
exedra,6
aloes,27
cnidus,3
aster,73
horus,20
horsa,2
demeter,36
heraclitus,4
magdalena,47
candelabrum,162
arcanum,29
achilles,58
ambrosia,34
lacuna,32
meleager,24
hake,1
cama,16
semiramis,31
dolor,2
culex,18
tinea,19
paris,43
negrito,11
onondaga,4
lyi,19
pero,10
cerberus,133
ala,19
cirrus,20
lao,17
electra,108
nike,12
uber,40
replacement,2
corium,63
apocrypha,12
iti,5
climax,9
terminator,5
chihuahua,14
rhode,9
lye,3
julius,17
virginia,17
phasis,14
boletus,9
sophia,59
gnomon,13
izmir,3
santa,17
dao,9
piranha,7
elevator,9
styx,107
onyx,39
reticulum,35
regale,73
rufous,2
sarpedon,73
liu,5
edom,1
creole,4
azedarach,17
halo,4
compatible,1
sonora,54
parma,50
cyathus,36
auge,6
aphrodisia,4
bonaventura,5
perseus,32
alumnus,9
crater,19
annapurna,7
abutilon,12
ardor,2
ella,53
ganges,2
lek,1
doris,107
stentor,21
pica,126
amaryllis,54
joanna,10
solitaire,2
zamora,16
sinon,9
castor,97
sisera,5
mantua,1
sair,3
albion,4
chica,38
chamaeleon,85
anastomosis,20
carne,5
ara,18
cithara,17
tiara,43
agave,18
bellona,58
diva,53
sachem,1
durga,22
tanga,12
kodiak,3
vaisya,2
playa,2
parvati,6
nautilus,7
terra,17
acarus,7
junior,48
nepos,57
durango,15
serval,37
laura,38
zeugma,8
benzoin,22
labellum,14
cultus,17
micrococcus,13
inquisitor,66
stylus,15
veronese,1
auriga,29
orizaba,30
cauca,20
cyma,12
formica,31
momus,21
pitanga,18
catechu,25
corydalis,18
triton,45
micron,30
caudex,15
erythema,11
noctiluca,24
mezereum,11
hiawatha,4
hei,26
lii,110
arcturus,22
utopia,1
haruspex,12
bucaramanga,1
melodia,42
harvey,1
cochlea,28
tungting,6
silvanus,61
griffin,1
cantabile,1
fatima,29
amphitrite,67
kanara,11
juno,86
anabaena,6
corroboree,2
jellaba,1
impostor,22
australia,47
ipo,2
bore,13
rifi,1
lysippus,9
hecate,102
lobelia,9
isthmus,11
guinea,11
bourbon,1
thersites,89
missile,2
jalapa,28
cancer,20
turki,21
tarpan,1
nasa,6
condor,16
indigenous,2
nux,82
alexander,12
albinus,78
caelum,2
presbyter,9
notus,19
ready,1
hero,23
lea,17
buddha,61
sari,10
clio,62
fertile,28
perla,50
beelzebub,12
chicle,4
polyanthus,90
dodona,16
bantu,9
leonidas,8
lingam,8
hamulus,34
baby,1
leaf,15
curl,12
joi,4
araroba,3
wollaston,38
neon,7
cita,15
sapor,9
mithras,19
boa,35
aurochs,4
cylindrical,1
kayseri,39
velamen,4
baguio,2
sulla,13
koto,1
stimulus,3
vitta,46
petronius,22
kriemhild,4
olympus,26
tanka,1
colon,107
semicolon,20
dei,14
oaxaca,31
olla,24
dos,98
valgus,48
gui,17
alpheus,22
post,1
acis,34
centurion,1
uva,41
sepal,1
anthrax,65
typhon,25
satan,8
uca,4
bih,1
lu,5
soma,24
oregon,11
tampa,6
damocles,23
lory,10
cent,67
nucleus,58
nootka,1
guereza,12
leve,53
elongate,4
fiber,11
posterior,19
raja,37
beni,34
curculio,5
amanuensis,6
penis,5
polypus,23
stat,22
hibernia,7
philoctetes,10
leuctra,10
amazon,13
sao,14
ter,45
struma,6
aymara,29
eskimo,2
uma,8
minium,5
gregale,8
press,30
gs,1
scotia,29
mono,50
matabele,11
adobe,2
papaya,12
leander,30
me,4
desideratum,12
cryptomeria,4
antipodes,20
passa,11
baton,20
lanai,13
savaii,1
oberon,20
ura,7
houri,5
ovipositor,5
daphnis,48
mallee,8
nama,35
melanoma,9
lena,38
scorpius,40
libya,11
spartacus,8
tormentor,3
rubeola,28
somos,1
cybele,74
ceto,17
oedema,18
augusta,158
ibis,52
pisces,2
solidago,5
mentor,13
lar,38
aliens,1
vermis,29
caucasus,4
chiron,30
vinculum,15
tympanum,16
aeolis,9
nemesis,27
nympha,134
panda,78
jupiter,25
metope,4
ate,12
silhouette,2
euryale,31
chameleon,14
imbecile,2
calico,3
masinissa,10
mult,2
bos,40
caduceus,9
xenophon,7
capella,34
tyrone,2
cunaxa,4
extra,5
antonius,11
wa,2
conifer,67
lysander,6
continuum,28
ruth,7
actinia,11
lord,2
pia,42
spectra,26
lin,4
nulla,11
aztec,17
typhus,3
tef,14
um,1
thomas,7
themis,22
regiomontanus,9
columella,45
gpe,2
sei,3
decorator,9
kinabalu,24
hermaphroditus,64
catena,48
cinerarium,42
spinifex,53
mylitta,17
uranium,1
truncation,1
assay,1
alcaeus,7
apulia,14
nelly,1
nebula,43
aden,3
cotoneaster,34
nina,36
ops,18
piso,7
chita,6
pra,1
summa,35
ten,28
redivivus,19
jugum,4
pensile,20
pareira,37
fascia,45
telamon,46
saga,63
mantinea,4
era,11
mores,2
guiana,16
maxi,17
estrada,2
cappuccino,2
fossa,39
zeta,62
decor,12
tara,17
shun,11
theodora,27
ome,1
auditor,10
nirvana,11
hesperidium,11
araucaria,16
lamina,42
agamemnon,35
panama,21
dreyfus,3
aspergillum,26
sumba,9
hannah,13
haematite,1
stapes,8
cia,12
susanna,14
madera,12
immaculate,2
futile,5
glomerulus,3
oxi,2
shoshone,30
valkyrie,2
galatia,3
uraeus,6
perse,11
silo,6
angola,13
generale,4
oneida,9
thyrsus,7
augur,60
torrid,1
pan,63
sah,1
errata,47
mojave,14
vargas,3
tufa,5
jota,16
osa,19
coma,15
naturae,2
orchestra,1
xanthus,70
jalisco,11
hua,8
reptile,14
scyphus,15
arab,2
cacus,10
projectile,1
grenada,4
cacao,49
clotho,50
palenque,16
bari,13
ryl,2
dominica,56
hecuba,53
areca,9
aeolus,24
tai,11
radiator,7
oenone,43
maddocks,1
thanatos,7
somalia,6
degli,115
consul,15
carniola,4
finis,8
judith,14
pi,11
cingulum,44
porta,8
lala,13
orleans,26
problema,12
frons,18
materfamilias,3
gel,10
band,19
sofia,11
quirinus,6
bahia,16
hibiscus,4
okinawa,8
ventriculus,12
nicaea,15
vel,3
kamala,4
norm,1
gourami,2
pre,40
tithonus,39
nessus,13
exemplum,13
zigzag,70
facula,11
dude,1
opus,6
dust,1
ayu,2
scutum,27
manaus,4
lucretia,23
llama,5
ariadne,87
hestia,12
loja,7
helios,53
corolla,29
fia,3
dilemma,9
perth,1
micra,110
calculus,20
maui,21
investigator,18
lycurgus,8
peplum,4
ios,17
lamellose,1
cythera,11
hasdrubal,8
banksia,11
persona,21
lituus,21
divisor,7
dakota,32
yun,1
septum,8
ser,7
ulna,78
aa,5
sicilia,3
asoka,17
mantissa,9
argo,21
athamas,29
mime,6
quasimodo,30
ka,1
aculeus,25
ras,7
folia,20
ocelot,3
tingle,3
chatham,1
uei,1
camus,4
genius,2
ares,35
hispania,3
cimex,31
ejecta,7
dodo,12
pella,20
mantra,15
paramo,5
syrinx,44
insomnia,1
han,3
capita,4
moravia,3
hoi,53
cuzco,4
umbrella,23
haleakala,6
ipe,11
prior,23
anemone,27
herb,7
enyo,22
gula,6
gargantua,39
nodus,26
vesta,67
oslo,1
ko,1
zamboanga,15
pop,1
larva,30
sala,12
pela,16
erigeron,6
morula,51
gloria,21
stratiformis,2
baucis,20
cuy,1
rorqual,1
quietus,35
meniscus,20
aka,14
corda,6
mantis,27
conta,12
alcibiades,10
braga,5
xenia,28
clypeus,27
liber,44
vishnu,21
pacha,8
coyote,9
bicolorous,1
mephitis,26
sartor,22
siamang,1
hades,52
kaki,32
villus,5
plumose,1
sterile,40
cos,12
ancon,10
mua,2
tibia,16
takao,4
accipiter,15
aer,3
datura,5
emeritus,27
hula,8
kai,10
gabes,1
fasces,2
aga,9
coco,9
aegeus,20
muenster,2
plexus,16
kuroshio,13
garnet,3
palmyra,19
mesopleuron,2
biretta,1
manna,4
yoni,3
oklahoma,8
solar,2
high,1
back,2
crucian,1
carp,5
magenta,5
hydrus,4
glossa,6
imago,14
musca,41
simulacrum,21
siesta,2
cascarilla,4
idomeneus,12
uta,13
terpsichore,39
epiglottis,19
information,1
aerugo,5
cincinnatus,57
aggregate,12
taxis,3
rhino,7
frio,6
conundrum,2
sulcus,16
ides,2
petasus,17
ganesha,5
esta,4
thais,27
mediocre,26
molina,19
adrastus,10
atahualpa,22
nada,10
cocytus,8
lineage,13
pelota,5
nea,15
thales,4
honshu,2
puppis,3
hengist,1
ponce,3
isfahan,1
calyptra,9
brutus,34
parana,44
tabu,6
lathy,5
pelvis,4
narva,4
ovi,7
quadruplex,25
archilochus,2
ren,3
vanda,7
canine,21
lucan,1
grus,17
acme,8
epsilon,31
gul,4
pelops,36
bonita,39
laomedon,7
villa,10
lobo,5
ascanius,24
agnes,25
peninsula,16
herder,4
sul,5
abyssinia,3
nayarit,7
maeander,11
tumulus,30
mini,14
liberia,26
styria,11
trivia,26
tres,3
ossa,17
capitulum,33
cava,71
dubai,3
raki,8
mimosa,27
kia,1
duh,1
arbutus,9
hannibal,22
lira,14
cavity,1
menorah,2
malawi,7
whaleback,2
nicotiana,11
arminius,7
confer,1
regenerator,5
aparri,1
retractile,1
sirius,38
sponsor,7
sterigma,3
jamaica,12
campania,5
helicon,13
variola,12
roma,2
gera,5
eti,2
ornate,7
house,1
genitor,3
mors,3
vostok,1
vas,18
slovakia,2
boeotia,6
toil,1
amor,12
cotyledon,21
cuba,9
bacteria,7
kiang,8
grimaldi,35
photon,1
lua,17
tutti,8
luxor,6
sylvanus,52
ulterior,8
flinders,5
zephyrus,29
hesper,4
zea,26
pelion,4
heres,11
iraqi,3
assisi,6
anacreon,18
venezuela,4
anchises,13
mui,4
uii,10
ricci,3
arbor,6
attila,19
zenobia,27
ocilla,1
electrum,13
satyr,7
hort,14
niue,1
limulus,15
nimbus,14
calix,18
curitiba,4
stans,83
franconia,11
brunei,19
vega,18
arachne,62
rhodium,23
chrysalis,31
wombat,4
dan,14
astarte,81
nanna,25
tintinnabulum,23
grave,11
abaddon,2
dharma,15
trapezium,21
hora,11
puta,33
cicatrix,14
seis,2
testaceous,5
aidoneus,5
sinaloa,22
gr,12
endymion,44
androgyne,14
iria,15
macaco,7
statius,7
hispaniola,31
psyche,51
tepic,3
illinois,5
triceratops,16
kikuyu,14
mas,41
cenis,3
caliban,6
pilatus,43
gurkha,8
alabama,17
said,2
micro,4
cosmos,3
hippodrome,2
lucca,5
tui,17
ouachita,10
arizona,28
recorded,1
tamil,10
pleiades,15
uno,3
jod,1
pyxidium,1
ruwenzori,13
intercessor,8
tempe,4
ula,18
galla,36
yama,19
mania,10
athena,22
ambala,2
dia,23
taraxacum,20
dictator,20
fungi,9
asthenia,4
talca,1
ratan,6
samara,8
horta,5
achaea,9
successor,8
thisbe,36
linda,50
ova,7
dulciana,4
boron,1
xanthippe,17
neptunium,4
spec,7
spegazzini,15
mys,6
godavari,6
articulate,3
nesta,6
johannes,8
benedictus,17
santonica,6
tapetum,12
chimborazo,9
domino,2
katanga,12
armadillo,39
stheno,16
oi,2
solfatara,4
pau,4
reporter,12
defector,9
bai,8
purpura,29
delaware,3
bubo,48
angelica,89
ata,19
replica,1
procurator,4
corbicula,22
paphos,6
coccyx,7
bau,2
sofa,5
indonesia,6
pallas,26
camelopardalis,29
mencius,5
ampelopsis,7
mombasa,3
seneca,11
linsang,5
excursus,3
real,3
tehama,8
flatus,12
kaa,2
karma,6
senegal,26
kho,1
nerva,3
cleon,10
furor,4
zomba,7
loi,13
kui,8
cestus,24
maki,9
medici,14
kea,12
kurgan,1
sambar,2
gideon,14
memphis,5
menes,11
hippocampus,15
eleusis,12
hypoderma,4
alcides,29
ballerina,4
baking,1
yeast,2
chiton,13
vertigo,3
myrmidon,27
bongo,3
tim,1
tarsier,2
alas,9
sequoia,30
mab,1
accentor,5
cornu,61
history,1
hertha,11
excalibur,4
tia,4
minutia,3
messene,5
watson,2
cannula,3
chlorosis,1
argos,6
jejunum,13
capri,6
acedia,2
lile,3
reseda,3
peri,23
balata,23
marius,13
cochabamba,8
contra,15
uwa,2
cantoris,32
pontifex,39
ephesus,2
soda,10
anastasia,23
narcissus,54
lambda,46
approximate,1
glans,78
ainu,34
muller,3
radon,3
puri,14
fica,4
charybdis,24
myra,6
cyrano,9
october,2
kappa,36
huntington,1
jackal,1
limon,10
kati,1
francis,1
fax,28
duala,5
lewis,8
africa,11
robert,4
young,4
mahratta,9
roca,1
octopus,9
sarawak,9
malleus,31
cicada,10
tephra,18
nippon,42
gus,3
curium,2
aquarius,13
mate,24
ctesiphon,3
antiphon,4
israeli,24
optimum,18
gentile,24
magma,12
cyme,6
milium,15
campus,9
kickapoo,3
marasca,3
aristophanes,7
murray,2
solo,5
sucre,3
scythe,2
conatus,10
albino,7
bovine,1
quechua,18
cassiopeia,21
tile,7
cheops,14
octavia,29
mars,36
tomato,7
pasadena,4
concha,20
gunboat,1
salvia,16
sanctum,52
hyrcania,6
stela,3
immune,4
elephantiasis,5
benefactor,11
bingo,1
laburnum,8
puerta,3
columbarium,4
versus,7
buddleia,2
rus,6
bola,13
spathe,3
rondo,3
anda,3
utah,8
guanabara,2
joropo,1
facile,16
catullus,6
malleolus,25
embolus,9
guardia,3
missus,4
pahari,5
gila,15
jaya,7
habana,5
bernina,1
milky,1
margin,1
cyrus,19
variegate,1
woolley,2
fungus,7
tales,12
boyd,1
harmonica,24
hide,9
waki,1
hasta,43
jugurtha,25
jacob,3
ingesta,3
chrysanthemum,17
noe,21
helianthus,23
alsatia,2
alyssum,9
amazonas,5
translate,1
discobolus,17
sharpie,1
ebro,1
murcia,12
siliqua,39
duma,9
rai,5
tieni,4
squama,24
jesse,3
ni,10
patina,26
galibi,5
protector,5
verditer,6
anhinga,6
lecythus,3
salamis,4
gorgias,4
cortes,8
tellus,19
semele,30
tor,7
list,1
bougainville,9
papilla,28
orbiculoidea,2
gondola,4
basuto,25
victor,64
danaus,14
vasculum,8
yulan,6
inspector,5
apophysis,6
ulysses,51
lapillus,36
algebra,3
lamarck,3
willowy,2
pelotas,1
conjunctiva,19
macron,2
tuberculosis,10
residuum,5
speculator,32
principal,1
admetus,8
java,12
kali,41
bias,9
agulhas,2
paper,5
quetzalcoatl,3
ajo,5
shawnee,5
austria,3
ulema,3
baobab,6
antoninus,9
litt,5
hathor,13
moloch,19
aposto,1
thyestes,15
barilla,2
meander,30
alle,6
kachina,4
foveola,23
xerosis,4
dyak,11
ngi,14
senega,9
ilion,2
amphiaster,2
autochthon,7
scrotum,2
alcmene,6
lycopodium,22
moderator,8
asbestos,1
dominus,18
far,8
euterpe,44
cotopaxi,11
tereus,9
valencia,4
guile,2
trilobate,2
coa,21
coca,17
ii,5
pao,1
dione,47
terminus,19
messalina,16
amo,2
colchicum,35
essequibo,2
lev,2
canaster,12
virga,31
veronica,23
stated,29
diogenes,29
clytemnestra,15
tages,14
gaucho,11
jumbo,7
gei,62
ignoramus,1
saliva,1
trimeresurus,2
fea,8
albumen,2
lemnos,6
ker,2
delle,46
farina,8
saiga,7
baal,10
cavalla,5
canella,41
kua,8
adana,22
osmunda,9
alga,6
hyrax,6
sole,1
eurus,12
stator,2
suis,44
geryon,23
sacculus,46
terrapin,11
reni,11
tenebrae,2
pinto,10
juvenal,3
eros,53
guyana,13
hama,6
tiki,9
pamphylia,3
krishna,27
lusitania,4
themistocles,9
dixie,4
noel,7
plectrum,11
lictor,41
theseus,31
abacus,9
chippewa,6
rundle,1
gigolo,4
pythia,18
caecum,40
ako,1
mare,3
scarabaeus,10
fluorescent,2
protein,4
cassette,4
carolus,16
yeti,17
zipangu,1
scala,21
ajar,4
mauritius,11
nigeria,5
schizo,1
hondo,3
rivers,4
labrum,2
aorangi,9
hollandia,7
douala,1
conciliator,10
elater,12
ferry,1
paradox,3
abo,3
vertex,14
bell,3
forster,3
kilauea,5
falcon,3
puerile,5
odysseus,11
mauretania,3
uai,4
sanitarium,1
mazama,31
vaccinia,1
aedes,8
martyr,9
gladiolus,17
tax,3
no,7
gaur,1
laurel,8
aciculum,12
kampala,3
sat,5
columbus,11
creon,15
cactus,21
lake,2
heracles,10
elsinore,2
hermana,7
goya,5
finial,1
alumna,7
noda,19
myron,17
ahriman,2
berbera,9
tenne,2
bodoni,6
means,9
havana,7
dalmatian,1
lagena,36
esperance,2
base,2
vena,6
ix,2
ilocano,2
dice,12
synonym,12
balboa,10
lil,1
contractile,10
bala,8
tenaculum,1
janitor,8
marginalia,4
hmp,7
mda,7
pilot,8
ylem,1
germen,2
rosario,7
colombia,15
daemon,22
aconcagua,5
donga,3
yucatan,8
georgia,16
lex,5
albatros,2
salpinx,16
xui,29
tragopan,2
emir,8
balsa,6
isolate,11
calisaya,8
nar,1
bani,10
camenae,13
oni,4
authors,26
capsicum,11
talus,22
ramses,5
scipio,29
magus,37
pili,1
eyra,2
toma,10
siphon,5
kafir,3
scapula,10
mauritania,7
destination,3
donor,5
mosquito,3
assyria,3
avernus,9
kino,3
gao,1
biota,6
iguana,9
eliana,8
infra,3
quintero,1
haematoma,1
philemon,21
cambodia,4
eusebius,3
laconia,10
horae,10
gaia,5
iva,16
gotama,8
arri,1
judaica,58
rotorua,2
gardenia,2
gautama,12
modigliani,23
ambulator,30
bellerophon,7
ventana,6
yu,2
christophe,3
derby,1
philippines,2
buffo,4
grandi,3
pennsylvania,7
nairobi,4
cocci,10
impress,1
leave,4
modiolus,18
barbarossa,26
miasma,3
wallaroo,2
appalachia,22
uncinus,12
lulu,4
pericles,20
pemba,5
wyandotte,6
delius,22
manta,10
okeechobee,3
mora,37
serapis,18
come,4
grampus,1
fraxinella,14
mucor,23
anus,18
wei,4
ion,20
familia,12
mae,7
egesta,8
glaucoma,37
nutria,2
accumulator,2
ceiba,8
pseudo,5
polydeuces,1
khmer,4
rabbit,1
genotype,5
liana,20
rani,11
seria,6
gaza,12
loyalty,2
eha,4
rei,5
green,1
anaphora,4
thi,2
leucoderma,27
camellia,7
origin,1
gradus,7
tahiti,2
vina,7
cavalier,2
sons,3
oquassa,3
grade,1
parabola,17
metropolis,3
assam,2
angelim,1
loa,10
pronuba,7
dayak,8
circinus,9
desperado,2
tras,2
funiculus,26
umber,9
ssp,2
tanana,9
pera,9
turin,1
tarpeia,7
avanti,2
neoptolemus,5
ro,2
sarasota,2
espera,2
edi,2
gaultheria,9
lungi,7
fresno,5
samos,5
acadia,3
aor,9
bin,4
odin,7
ide,3
ibiza,1
motto,1
idaho,8
biafra,2
ibi,1
golem,2
antigua,23
hyla,15
dutch,1
kl,1
primipara,2
presidio,3
plotinus,3
pix,11
cienfuegos,1
palmerston,2
cantor,12
univalve,3
simba,11
bolus,13
ambulacrum,4
misma,2
flamen,3
octave,1
angkor,1
aqua,6
promoter,3
probe,4
cherokee,11
binturong,10
alliance,2
abba,2
jae,5
amphisbaena,15
claro,4
lyde,10
isocrates,4
kola,6
franklin,2
lablab,13
zoster,8
urn,1
lychnis,3
ohia,1
telescopium,8
puma,17
ina,17
pater,18
strain,25
ceylon,1
joa,1
tri,6
gorge,8
fermata,4
mescal,1
tribulation,5
bam,2
rectangular,2
pyrene,8
nex,5
scissile,1
sputum,1
saltillo,1
plata,13
sakai,12
tola,17
ectopia,6
vireo,4
tula,11
stridulous,1
andrea,10
colombo,3
chimera,5
monica,20
progreso,1
styrax,12
calgary,2
lamed,16
chinquapin,3
eta,20
crimea,6
benoni,1
sprightly,1
brachypterous,1
anise,1
fasciculus,13
chiapas,25
look,3
mensa,6
saladin,5
apo,11
morpheus,20
proboscis,10
tiro,16
ega,23
perron,2
semolina,1
kangaroo,6
hone,2
keli,1
chukar,21
calamondin,1
bathos,1
polito,1
chibcha,11
moa,11
schizophrenia,1
msc,4
tachyon,1
teria,3
scimitar,13
francesca,13
phaedrus,12
edessa,7
hymen,4
otitis,3
rutabaga,1
amphioxus,7
pandanus,5
manaia,4
tatouay,1
qii,6
samaria,3
dua,4
tanoa,1
farrago,9
testa,14
symphysis,1
plebs,8
marian,3
pronta,1
agrippa,9
nisus,36
lantana,22
jocasta,8
prairie,1
emphysema,4
costa,18
maun,1
oh,1
soland,1
canopus,22
stramonium,10
tinge,1
incubus,8
nostoc,2
xan,1
kagera,3
intima,12
toga,5
yap,2
ammonia,13
chevron,2
golgotha,1
santee,1
parallax,1
mongol,10
escape,1
cronus,10
candela,10
human,1
hippocrene,3
anterior,15
hindustan,1
remora,8
colobus,5
accra,5
savanna,4
eblis,8
cassius,34
belial,1
europa,11
cambria,4
mulciber,30
ataxia,6
nereus,15
planula,17
mystic,7
trojan,2
katsuyama,1
junius,14
makassar,2
avebury,3
christina,16
melba,39
vitellus,12
quetzal,6
vision,2
plautus,29
manx,3
mina,39
smith,6
aei,5
vesica,20
agraphia,8
ori,11
bahadur,4
priscilla,15
take,7
unicorn,5
megalopolis,2
batik,1
cela,8
vigo,1
bienne,15
trujillo,6
pique,2
thule,6
phlox,13
aura,32
umbria,4
gray,5
latina,21
cochise,11
vivian,1
thuya,1
poi,3
geum,12
illyria,1
sulfur,2
nebraska,2
epidaurus,2
ubangi,3
azuero,1
petit,3
koa,14
serenata,6
tragus,29
pelias,21
ani,8
uredo,10
ungula,21
catawba,13
huambo,1
sardonyx,13
geronimo,15
equator,3
anglia,5
bora,21
propositus,2
sabadilla,4
casa,5
lapsus,17
wilde,2
sora,6
plutus,26
kenya,9
ricordi,18
dawson,1
hayer,1
ukulele,2
our,2
zyx,2
ytu,5
aisha,3
copal,12
areola,22
elaine,5
negro,8
artemisia,19
monster,2
mei,2
volatile,2
shogun,2
rampant,1
mures,1
oxalis,11
enceladus,9
david,4
allah,2
weevil,1
democritus,4
chicas,1
angl,11
tenuous,2
mamma,10
spirogyra,12
vibrio,20
mola,23
search,1
sii,23
protium,3
apparitor,3
constantia,12
henry,1
trachea,12
thumbelina,1
yi,3
vibratile,3
res,1
gigantean,4
calais,15
delphinus,29
haematoxylon,13
morgan,1
sabia,5
eteocles,8
avellaneda,1
gabriel,7
huron,13
tang,2
cyprus,3
boas,4
ocrea,6
monas,19
gould,1
laertes,23
melancholia,3
demon,6
esse,1
nepenthe,6
sabine,3
porti,3
ganda,5
cervantes,11
panay,1
stia,1
loanda,1
kuwaiti,2
cilicia,14
manchu,4
nihilum,1
leuco,1
tahoe,3
sturt,1
bast,2
vix,10
kylix,4
cii,2
milne,1
blue,7
rancho,4
kumasi,1
anacoluthon,3
socorro,3
samson,9
excerpta,3
manubrium,3
miraflores,2
indeterminate,3
uki,1
celle,3
scoria,9
lux,27
juvenile,7
asmara,5
caro,1
eurystheus,1
satsuma,7
shiva,39
lassa,19
ero,3
hallelujah,1
aquinas,1
romeo,17
achelous,13
gotha,2
ana,12
panacea,10
regalia,5
oahu,8
fornix,22
wau,21
caries,9
pequena,4
conservator,5
campo,2
parthenope,19
douro,1
dona,3
responsum,4
piper,3
nam,1
rx,1
dalla,1
pretoria,3
piccola,10
diastema,22
questa,3
genu,3
coreopsis,12
caesura,3
herophilus,6
mesa,6
furfur,7
deucalion,13
pelargonium,1
conger,4
paa,3
uphill,1
innocuous,1
laocoon,5
swainson,11
cece,1
ixia,11
insignia,11
iron,1
vulcan,18
pelorus,7
autolycus,10
duna,2
collector,1
locris,2
agrapha,9
avatar,4
keewatin,1
insula,53
dung,1
tabasco,8
emu,6
parenthesis,17
cassava,1
cadmium,2
typhoeus,8
plato,13
obo,7
yalta,2
alula,9
macao,6
solarium,5
indicator,42
kus,1
opossum,7
negus,13
mneme,12
juba,26
caracalla,10
infanta,5
antares,13
gambier,2
doronicum,17
loca,7
leith,2
toowoomba,5
rurik,1
prunella,9
cervix,7
eke,1
mexico,5
gene,10
morea,3
zagreus,12
adam,3
judas,5
adn,1
cham,2
mesquite,2
aspergillus,15
afflatus,12
oceania,9
coi,8
apelles,21
orontes,13
orth,5
diaper,1
bermejo,1
ictus,8
bax,3
arawakan,1
sahib,1
honduras,2
cylinder,5
dec,2
hipparchus,3
carpus,2
lycaon,34
numa,17
acumen,4
indecorum,25
filaria,27
rimini,1
phlegethon,6
parce,10
viburnum,2
stabile,5
alexandria,7
johor,1
talapoin,8
romano,1
excision,1
sapphira,16
fastigium,12
mayor,8
cabelo,1
tenor,6
amphitryon,6
deo,3
cumulus,15
humbug,4
asparagus,2
angel,3
arno,7
volva,16
aladdin,4
tussis,2
be,3
papa,13
cotinga,3
laos,10
todo,4
ling,2
umbilicus,8
carrera,4
chinchilla,10
khasi,4
disruption,2
thuja,15
hidalgo,13
maratha,3
intermediate,1
theca,17
neustria,8
genie,5
hippopotamus,3
retina,6
bilbo,2
ishmael,2
erotica,13
praxis,5
astrolabe,2
boomerang,10
joseph,1
borneo,14
empedocles,4
products,1
insulator,5
flax,2
silva,15
hospodar,2
aus,1
tam,4
immer,4
triptolemus,10
pallor,12
gale,10
pimento,7
ramsay,1
teresina,4
ari,26
haa,2
acton,1
oyo,1
nui,6
morta,7
vis,6
dhaulagiri,4
medulla,2
menhaden,1
surinam,2
hyaline,5
bona,35
kob,10
sake,15
malo,2
anderson,1
addendum,3
saros,1
phantom,3
spiraea,6
synapsis,1
yak,6
aku,3
hercegovina,16
malta,2
kava,4
ballista,10
vesuvius,7
manila,3
meno,3
polyhymnia,13
nicias,18
xue,2
stria,5
parthenos,4
cis,4
diastemata,2
volvulus,27
anurous,1
mindoro,11
casablanca,4
hyena,5
online,11
combination,11
castro,10
billabong,2
nella,8
aloha,9
transit,1
salvador,4
leto,21
nubia,4
stupor,2
curia,1
takin,3
amygdala,18
aruspex,3
zephyr,5
tarpon,1
hesperides,7
kii,6
fulani,6
nazarene,2
zanthoxylum,3
naos,2
oscillator,15
sparta,10
ips,17
lista,2
sabra,1
molokai,4
uganda,12
gamba,3
chico,9
sabah,18
dike,4
nimrod,12
corydon,11
scolex,3
tattoo,1
patroclus,12
moe,2
malacca,8
site,2
sey,1
habe,1
cantus,3
garbo,2
hyson,1
kisangani,6
paeon,8
jester,1
okapi,4
kerala,7
bib,2
kiosk,1
arroyo,4
inane,12
conspectus,25
voodoo,1
spirula,12
ennius,11
hea,1
anarthria,1
justitia,9
gigantes,2
labile,4
guy,8
batangas,1
goa,3
bane,7
ester,1
iloilo,2
oba,7
precisa,2
re,4
an,9
anabasis,6
rector,7
micmac,4
flp,1
tio,1
canasta,2
bigener,7
dali,6
legator,3
bezoar,4
sober,1
taxes,1
contaminant,2
cretaceous,12
hai,3
dysthymia,1
limpopo,3
strata,7
chilon,2
instructor,1
macaque,1
barracuda,7
pandarus,9
ise,2
attis,6
carpentaria,6
amri,2
au,1
guaco,8
galena,7
vacuum,5
eratosthenes,5
ocarina,6
aroma,16
primavera,6
eres,4
ona,7
bhutan,1
kandy,2
deborah,4
albedo,1
abri,11
harpy,1
milo,13
platysma,8
agar,4
pathan,3
freya,5
aquilo,20
linter,5
testis,12
sio,2
fugacious,1
sardanapalus,3
ile,3
heterochromia,1
pyramidal,1
iquitos,1
hermon,3
telemachus,15
aetna,3
viva,9
pampas,1
ladino,1
lazarus,13
balalaika,2
tengo,1
lae,5
swahili,2
ibo,7
loculus,3
propraetor,2
sundae,6
puck,3
athanasia,3
beja,1
who,1
loc,13
morion,4
china,22
sonata,3
argon,3
hephaestus,9
sabula,1
tessera,10
sagra,14
aaron,1
tuberose,4
piccolo,5
hola,1
cruces,3
marut,2
hindgut,3
protist,4
chinese,5
esoterica,8
chiococca,3
titanium,4
foramen,2
elias,6
torques,4
petrie,2
hong,1
querida,2
torticollis,5
creek,1
arb,2
ostia,10
madagascar,3
asur,2
matilda,7
kio,1
ubi,2
nasturtium,20
visor,3
viejo,3
notogaea,2
savona,9
cortex,6
esther,10
apex,16
archimedes,11
prosecutor,1
wallis,2
phosphorus,8
asa,6
gander,3
cryptic,2
rococo,3
euphrates,6
balbo,4
koala,4
sextans,3
nueva,5
orissa,11
astragalus,4
selaginella,9
alopecia,1
llamada,1
hyperbola,14
syngnathus,1
radii,10
ai,3
ecbatana,4
sine,3
niobrara,3
eritrea,2
yeh,2
cholla,7
table,6
samoa,4
sophrosyne,6
deimos,4
cobia,3
succedaneum,14
salta,15
calx,10
vertumnus,12
sumatra,2
ilam,2
troll,3
napoleon,7
peregrine,1
yean,1
alumina,2
aya,7
attar,1
genome,4
mauna,1
peru,7
rosarium,14
vomer,14
krypton,2
scalenus,6
forum,2
lubumbashi,2
roi,3
mohammed,4
sequester,5
censor,6
oporto,1
ungava,9
cerca,1
flexible,1
libra,10
procne,17
vagina,17
capybara,3
aes,2
gordon,2
toi,8
phlebitis,4
dae,1
tol,3
stirps,16
mastodon,8
bursitis,1
pars,6
gem,1
may,4
casanova,2
maculate,4
platina,10
gambrinus,2
litchi,12
philadelphia,8
los,2
pion,3
hostile,6
comus,16
catheter,1
tanganyika,5
homunculus,8
oro,8
brahui,3
black,2
selection,6
kilimanjaro,3
grandes,3
windsor,3
chaldea,1
saltus,19
percha,4
poa,19
collectanea,3
weh,1
reliquiae,1
massasoit,7
ahimsa,3
maa,2
mohave,9
peon,3
prothorax,1
caribou,6
arbiter,4
sculptor,6
leucippus,8
oui,1
circumscissile,2
bot,1
siouan,1
pindus,5
lascar,1
expense,1
joan,3
tortuga,2
alto,4
jeden,2
amadou,4
filiform,1
analogous,2
macedonia,11
primordium,1
coimbatore,1
fortuna,22
plumbago,6
scarificator,2
margherita,9
fellah,2
kalidasa,2
berber,4
motmot,5
various,6
ornithorhynchus,10
chiles,1
hopi,7
reticulate,4
antifebrile,1
calla,13
argentum,15
vedda,5
striped,2
ice,4
magallanes,6
cetus,3
sybaris,8
carlos,4
chukchi,2
aon,6
dorado,4
actinium,1
sitka,3
ais,3
bea,9
say,2
baptista,1
zirconia,1
depends,1
vetiver,2
noah,4
dacia,6
caput,6
baring,1
agonostomus,2
tamandua,10
botswana,8
oea,1
salmi,6
idolum,1
ceria,6
long,3
cappadocia,4
satrap,3
piragua,4
gala,11
amend,3
ternate,3
omaha,6
hanuman,2
solatium,1
falla,3
minnesota,8
abut,1
rainier,2
quillon,1
banda,7
oki,3
araucania,3
athos,7
apa,3
delos,10
idi,1
gypsum,1
usa,4
yao,7
gea,12
agni,10
marine,8
serb,2
polynesia,8
trimurti,2
duong,1
alamo,2
herodias,19
haida,2
nou,2
flamingo,8
dom,1
ceyx,14
mixed,7
kermes,5
sandarac,2
diplex,1
divers,1
diaspora,6
parthenopaeus,4
jai,3
meson,7
via,2
mayan,1
tardy,1
eris,13
circa,5
mons,3
oxa,2
trib,1
jui,1
demonstrator,3
undine,4
gal,1
immobile,2
adrian,2
caracara,1
zei,4
longinus,12
fibrilla,2
pinetum,1
velum,13
mozzetta,2
uro,1
branco,1
medina,8
oca,4
crispi,3
enfield,3
donatus,3
obolus,6
fafnir,3
er,2
micronesia,8
tanagra,6
efik,1
pemphigus,10
pharsalus,8
thurifer,4
signal,1
trap,6
aix,5
mattina,1
gobi,5
bia,12
nya,2
hilum,5
tacoma,15
proximo,1
ale,3
picas,1
ascus,4
rho,5
frit,9
nyala,4
present,1
rictus,5
santo,5
lichi,3
cali,4
nisi,5
gall,5
pasha,6
mamba,6
calceolaria,14
hellas,5
actor,9
astoria,3
austral,2
myall,3
golden,2
yellow,9
vein,7
monstrous,1
pydna,3
gibbon,2
namangan,1
principium,3
nue,1
jos,4
labarum,1
census,3
pres,1
ui,5
pious,1
synchrotron,1
amos,2
arena,11
causa,2
range,9
dang,1
pharos,8
anemia,1
simon,3
mccoy,1
inpa,7
bo,8
passus,2
kul,1
oriel,2
eao,1
priam,7
crus,5
cachorro,2
jaenicke,1
pocahontas,8
gerbil,1
tamatave,4
harlequin,5
sisyphus,18
jin,2
aaa,2
dem,2
pai,6
bonus,13
cristina,3
chalcis,8
plea,1
chorea,12
cato,13
domestic,1
scaliger,14
phyle,2
suetonius,2
curare,3
rui,1
ipu,2
definiens,1
bolivia,6
oxy,2
septa,16
virile,6
elba,3
kayo,2
ovo,1
edward,6
longan,13
eridanus,10
director,4
pula,3
angelo,1
resistible,1
tenrec,3
camelot,1
kmd,6
eucalyptus,10
arcadia,11
iapetus,7
farai,5
geranium,2
unadilla,1
potentilla,12
tityus,5
kandahar,2
zebu,5
veda,10
miltiades,4
herodotus,3
diorama,1
ximenes,4
eda,6
fumigator,4
herrera,2
es,6
glacier,2
bernini,1
hindu,9
og,1
tlaxcala,3
chaeronea,6
nepali,3
modulus,7
dax,1
sorus,3
robinia,2
drama,1
edda,5
pompadour,2
bechuana,14
naraka,1
benjamin,5
sri,2
sclera,7
oby,1
morti,8
glorious,4
rhododendron,12
transient,1
sherif,1
iroquois,7
mop,1
cell,1
ionia,10
idiota,9
oya,2
gnosis,3
endophyte,1
vita,11
humus,6
diadem,1
stannum,2
quanta,6
joppa,2
archon,9
pinna,24
apodosis,1
ros,3
caldera,6
sorpresa,3
brasilia,7
kin,1
sarasvati,4
lamas,1
antisthenes,1
polis,2
allo,2
leon,6
topaz,2
baker,4
carboniferous,1
kiwi,6
colosseum,4
am,1
jii,10
solomon,7
oxe,1
parry,1
estancia,2
nefertiti,2
glottis,5
generic,27
anne,6
winnebago,1
khem,1
recuperator,3
arduous,1
verona,9
nio,1
trogon,12
vesper,16
circus,10
aso,3
rhodos,2
anon,7
dica,4
adria,3
lis,5
anonymous,4
integration,7
jipijapa,3
hom,5
gether,1
tananarive,3
solicitor,1
sudra,7
para,23
bourgeois,1
song,3
dexter,14
esposa,1
bunting,2
bii,5
kohistani,1
scleroderma,12
awi,2
iberia,6
conferva,5
rad,1
latex,7
tji,1
contract,1
cleveland,3
pes,6
susurrus,4
agg,4
jia,2
leopardi,3
oruro,1
multipara,5
ulo,1
enid,1
rossini,1
eli,5
locale,2
capua,1
neva,4
centralia,5
mandragora,22
scrub,1
plane,2
phu,2
cas,1
gaea,5
kib,1
petunia,2
jean,2
nauru,1
asir,1
decorate,2
levator,1
instar,11
hainan,5
setula,12
asafoetida,2
neutron,1
lava,5
enk,1
garcia,5
pieria,5
algonquian,2
oko,1
hoopoe,1
zeppelin,1
savannah,2
bini,8
andromache,18
ewa,4
eas,3
paraba,3
ila,13
phenix,2
chela,9
eja,6
anthelion,1
nyx,17
fanny,5
celebes,3
marcellus,5
winnipegosis,2
lyse,2
axis,23
dosi,1
nom,2
nud,1
balinese,1
asclepius,2
satori,1
api,4
consensus,5
tba,1
ethiopia,3
gabon,1
kostroma,1
semana,1
thompson,1
dui,5
shensi,1
vitiligo,6
argolis,5
chilpancingo,2
quadrate,1
banka,6
anil,7
maharaja,7
auspex,7
fora,3
vid,1
ute,9
sundry,1
cardamom,2
lumen,5
astyanax,23
babi,5
lubra,8
belga,3
spence,5
judoka,1
brahmin,1
whiff,1
elan,1
tierra,2
talcahuano,2
bui,3
moro,8
ocotillo,2
britannia,3
ipy,1
lac,1
galvani,2
eu,3
mahatma,4
arid,2
aeschylus,3
equine,2
alex,7
controller,3
kar,1
tracey,1
rodent,2
mating,1
rough,2
apparatus,4
apteryx,8
tuscarora,4
gaya,6
marfa,2
india,7
ignatius,4
control,2
baryon,1
equisetum,3
maraca,7
flaminius,5
tuareg,11
pistola,2
lagunas,1
iowa,9
erroneous,1
ama,8
saphena,4
key,3
principe,5
alte,3
tea,2
putumayo,8
sambo,3
provo,6
attenuator,3
manana,4
goi,1
gaius,6
acerca,3
magnolia,6
ensemble,3
convector,2
callus,5
vizier,1
deficient,1
flu,1
chumash,5
dubious,3
yo,2
ano,2
inconspicuous,3
zoa,4
callimachus,6
bek,2
asia,5
mat,4
globigerina,4
visa,3
keitloa,3
arthritis,1
alcatraz,3
acinus,13
tripura,2
uku,5
aurelius,10
galata,3
basis,4
samurai,15
malaguena,3
ashanti,5
vedi,1
manuscript,1
alveolate,1
bremen,1
hibernaculum,1
angus,7
hydra,38
oma,2
scopolia,2
extense,1
matrix,8
sigurd,2
demosthenes,2
progenitor,11
relator,3
tunis,1
caldarium,10
nares,1
laguna,21
listed,2
atreus,10
gilbert,6
ramentum,2
peter,3
kolyma,4
exhibitor,2
anima,4
piliferous,2
meticulous,2
diplosis,5
romulus,9
african,1
trite,5
quincunx,20
adelaide,4
fuscous,4
canara,5
togo,1
jove,1
kanawha,1
mi,5
paratuberculosis,5
coccus,10
merganser,7
tancred,2
exeter,2
flaveria,1
iks,1
martinet,1
parmenides,5
subgenus,13
ictinus,6
tbc,1
camera,4
obtuse,2
judaea,10
iza,3
elaterium,8
uriel,2
incisor,8
fang,3
sing,2
hagen,1
ege,2
formula,7
incognito,2
cambyses,7
fluke,1
apollyon,9
vermilion,2
change,1
ul,2
hanno,13
cycl,1
fuji,3
asturias,1
karrie,1
quota,4
larentia,1
thunberg,2
cio,2
mya,5
sau,1
fischer,3
bunyip,3
hippo,5
kiruna,1
cayman,5
aero,1
albania,5
soredium,1
novosibirsk,1
pantheon,3
lacerates,1
evolution,1
iac,2
paura,2
prone,2
modulator,5
forsythia,4
profuse,1
cincinnati,7
xi,4
mogul,6
sal,2
quoi,2
sasin,4
hippolytus,5
hanoi,1
cai,2
torino,1
ezo,2
impi,1
fai,2
hard,1
kikongo,1
michael,3
imperium,3
bedouin,1
mahan,2
albi,4
gutt,1
lifer,1
cave,1
mandatum,1
situla,11
supernova,2
meo,4
amanita,3
caballero,2
chorion,1
lorica,10
pisa,2
hel,3
additional,1
data,4
crisis,2
tapir,3
scuta,6
pii,1
comber,1
acc,3
status,5
duplicator,3
maritime,2
linum,10
salamanca,1
orator,5
eumenides,3
kalahari,5
used,3
barca,12
bou,2
hypochondria,4
uzbek,3
wu,1
heptagon,3
kerr,1
aspidosperma,1
lois,3
kuala,5
codon,3
partisans,1
varna,7
tequila,7
cantata,2
meus,8
abraxas,8
prospectus,5
pampero,1
hellen,1
panga,2
sudan,1
thoth,5
tuatara,2
ferocious,1
joshua,4
achondroplasia,1
palmar,3
cartagena,2
xia,3
cooee,2
pei,1
severe,1
dolmen,1
ilo,3
translucent,1
gegen,6
barong,2
halmahera,9
hie,1
transfer,3
haiti,3
anzac,3
guerrero,7
holofernes,4
potto,10
farr,1
adversaria,7
epiphora,7
basidiomycete,2
navidad,3
osculum,9
rasbora,4
buck,1
ica,8
mammoth,1
moses,5
pierce,1
cabrilla,3
fan,2
ela,6
aberdeen,1
canaliculus,4
attenuate,2
cambogia,5
secretion,1
caiman,4
precursor,12
foetus,1
amy,1
anu,4
fulvous,1
gaby,2
rockaway,2
poco,17
ma,3
vermicelli,1
zoc,1
miosis,1
belmopan,2
gradatim,2
rou,1
maxilla,5
ushas,1
bambuco,1
vitoria,1
ahi,4
macropterous,1
tone,2
saguaro,2
alla,5
oin,1
heliopolis,4
millbrook,1
ophthalmitis,1
aroda,1
maros,8
obi,3
elector,3
novena,3
capricorn,1
kumamoto,1
canthus,2
lustrum,1
elizabeth,3
conquistador,5
cicero,8
nausea,3
arx,7
carnarvon,5
mephistopheles,12
rebecca,8
hinayana,2
tundra,5
acne,1
paralipomena,1
soeur,1
alva,3
schneider,1
pum,1
acapulco,5
cabezon,2
sex,6
saskatchewan,2
golconda,3
billy,1
belfort,1
sil,1
barnacle,1
femur,3
disease,7
pyxis,16
skimmia,1
mertens,1
cyzicus,3
naxos,4
exchange,2
matador,3
kaaba,2
factor,4
derma,6
heroine,3
ria,3
bengali,6
bills,1
cinchona,2
corcyra,10
novo,2
tenere,2
amber,2
marathon,4
karnak,1
rebus,6
brianne,1
gou,1
larum,2
boss,1
uha,1
myna,2
sama,4
boadicea,7
hyades,3
escopeta,1
stilton,1
corol,1
frigidarium,4
cerebellum,6
hex,4
ohne,1
beluga,4
parthenogenesis,2
curcuma,9
mbu,2
nicaragua,2
timi,1
older,1
ec,1
subspecies,3
salish,5
algol,2
voi,4
microorganism,1
procrustes,4
triocular,1
crispate,1
parvis,5
strabismus,2
elvis,2
omen,3
heliogabalus,1
polynices,5
brahmi,2
rosette,2
pae,1
ruthenium,2
mea,12
syringa,11
jade,2
cuenca,5
centro,2
modicum,17
phebe,4
jeb,1
cutis,3
aryballoi,1
colchis,3
cedilla,4
parthenon,2
karen,3
cranium,17
epos,3
jacaranda,1
herzegovina,1
silma,1
amon,4
aex,3
fetus,11
rasputin,1
verified,1
wade,4
mustang,1
apostasis,1
zero,2
piscina,7
lacunar,1
diplococcus,4
alternator,5
cagliostro,1
simarouba,1
oo,3
miletus,5
penicillium,15
za,3
dracaena,13
dentalium,2
dumaguete,1
qeshm,1
cephalonia,1
conium,2
fui,13
haga,2
zinnia,2
algor,6
mesopotamia,4
cotta,6
sang,2
rua,5
lordosis,1
sandy,1
costate,1
spittlebug,1
exterior,9
thorax,6
devi,2
clum,1
jenny,2
cada,1
salpa,7
sanguines,1
pleuron,3
amine,2
dagon,2
athenaeum,2
quantum,1
vox,5
pluton,6
ava,8
mink,2
stata,7
enam,1
world,2
boy,1
idem,1
vici,1
conversion,2
noa,5
alberich,1
domain,1
color,3
penumbra,6
badger,1
holm,1
hallux,2
larynx,5
deuterium,1
depuis,1
kashmiri,5
saline,2
pasargadae,1
succubus,1
chiasmus,1
gentianella,4
itu,3
authority,3
canula,6
menu,2
resta,2
nagana,7
alphonsus,2
eurasia,1
theresa,10
metastasis,1
cecrops,16
uru,9
kana,5
mga,1
thar,3
eboracum,1
kampuchea,1
kau,3
mimesis,4
quadrin,1
vindo,1
garota,1
mahdi,1
transversal,1
cri,1
van,3
rohan,1
ginseng,10
carroll,1
ranee,3
allium,6
softa,2
mandingo,2
fedora,4
neo,3
root,5
phosphor,3
millennium,1
aristides,6
stein,1
stratum,10
laius,13
siu,1
doi,5
lei,2
lytta,1
grp,5
shaman,3
simples,4
ibadan,4
boxer,1
hamza,4
pampa,11
mache,1
caron,1
tolu,3
sauna,1
didymium,3
praxiteles,4
malaysia,5
fraser,4
lualaba,1
chin,1
thesaurus,9
adi,3
bonito,7
potty,1
arc,1
lib,1
acroterion,1
nii,3
navaho,3
zarathustra,9
fauna,19
flagellate,3
pertussis,3
glarus,3
hypogeum,4
bent,1
ban,2
wolf,1
ilium,8
euglena,3
pyrrho,3
bates,2
maltha,5
theophrastus,6
duplicate,2
blain,2
liliaceous,1
patagonia,7
curious,1
sai,3
interrex,2
rotifer,12
interceptor,3
lucullus,12
lentigo,5
uoe,1
tagalog,6
kinata,1
cupola,5
jul,3
esa,3
camelopardus,2
kerek,1
choctaw,7
don,2
lofti,1
maharashtra,2
mavis,10
shoa,3
arica,3
pena,4
shi,3
fundus,4
cayuga,16
brava,4
woodman,2
fissile,6
duo,6
pisistratus,2
lhasa,1
koh,1
anaxagoras,4
saavedra,2
epa,3
corvo,1
opah,1
fala,1
arriba,2
marron,2
pogonia,2
calliopsis,8
iconium,2
devo,1
euripides,4
perau,1
prostates,1
bua,2
tharsis,1
shamash,3
bohemia,4
nostra,9
coriolanus,4
arhat,2
upolu,3
mongolia,3
bacchae,2
amazonia,11
altar,4
mirror,3
ageratum,3
xinhua,1
candidate,2
phyla,2
synthesis,2
hya,5
endogenous,1
ja,5
terry,2
later,2
strobila,5
gujarati,1
banian,6
talipes,4
kim,4
kronos,2
tecumseh,4
onager,6
danaides,2
protozoan,1
morone,1
talon,1
pyrope,4
brahmaputra,4
unplaced,6
sabre,1
kelso,2
dy,1
parka,2
radio,1
consideration,1
illimani,2
talaria,3
screening,1
labuan,1
bitumen,2
sheba,5
phenomenon,1
otra,3
ciborium,4
trichina,6
fucus,6
gyre,1
hypha,3
epimenides,3
quathlamba,1
tactile,1
paronychia,5
chub,3
prob,2
donna,3
syi,1
perdido,4
locus,3
burundi,4
jerboa,2
hybris,3
hippocrates,9
effendi,1
tortola,5
silencio,1
icg,7
dionysus,2
wane,1
sibling,4
phi,6
separator,2
merengue,1
stamina,2
mad,1
ik,1
zao,2
sans,1
alisa,1
buffalo,6
efe,2
filose,1
amoeba,6
anomalous,3
tua,6
set,1
operator,1
uncinate,2
ias,1
pharaoh,1
primera,1
franck,5
bee,2
fly,2
aloe,1
parthia,3
bdellium,2
amen,1
jael,1
barabbas,2
aussi,2
zek,1
poinciana,1
evvoia,1
tortilla,5
bacchanalia,1
belle,2
chattanooga,1
verde,2
citrus,18
petroleum,1
scandinavia,1
dac,1
bello,1
lucania,5
titi,5
capture,1
latium,1
morose,1
genetic,2
element,1
gaga,2
luteo,1
etna,4
azrael,8
evans,1
basal,2
deletion,2
apterous,1
ezra,7
cockatoo,3
chorus,4
somnus,10
translation,1
crinum,2
habile,3
catalpa,2
ehrlich,2
uam,1
agua,2
jun,4
sterna,4
austen,1
argali,14
hippy,3
potter,1
nan,5
trapezius,6
frustum,4
quasi,1
focus,3
diprotodon,1
agent,2
guacharo,2
zal,4
bellini,4
castellatus,2
percy,1
attu,6
joachim,1
katmai,6
tibert,1
halifax,4
bangui,1
diamant,1
naphtha,1
grace,3
pakse,2
caius,2
bemba,4
implicate,1
parola,1
alhambra,5
lilith,5
rouge,1
telegonus,5
baba,3
puk,1
terminalia,3
solanum,10
spring,3
peba,4
osage,3
eba,5
iae,2
arsis,1
mocha,1
calcutta,1
judea,2
dale,2
pylorus,6
clausius,1
propertius,2
chichi,2
sk,1
nahuatl,4
sport,2
foxe,1
xeres,2
varicella,4
masuria,2
fusion,4
choiseul,1
arapaho,7
lakshmi,4
recife,3
pachysandra,5
henna,3
caroline,1
triangulates,1
yucca,3
schistocephalus,1
bei,4
menado,11
hunan,1
gringo,2
compressor,3
mac,6
callao,4
trigon,3
maggiore,1
addon,1
coda,2
sumac,3
isabel,5
polka,2
nebo,2
palmira,2
behemoth,2
serosa,4
propia,4
santiago,12
flex,3
fz,1
ami,6
transformation,11
darien,2
hum,4
excreta,4
adama,1
dacca,3
dabber,4
betel,1
oligochaete,5
pyramidon,1
ramayana,3
barcelona,2
nansen,1
oz,3
mahican,1
arundel,1
vao,3
bela,6
elizabetha,4
dominical,1
acuminate,2
pahang,2
ganja,4
pseudocosta,1
ea,1
wuh,1
auras,1
ecuador,5
caria,3
distribution,1
dionysius,6
kaffraria,2
magnesia,1
integrator,4
dempsey,1
waist,1
kobe,3
cope,3
arnica,5
barozzi,1
memorandum,3
massey,1
muntjac,3
hyi,1
aguirre,2
dimidiate,2
iwa,2
taiwan,4
quirites,2
oleander,6
discovery,2
fon,1
mixtec,1
ratio,2
norfolk,1
min,2
ilu,5
peraea,4
marianne,3
manas,2
triclinium,1
lobito,1
korea,3
transcaucasia,3
yoga,4
garibaldi,1
sextula,1
esperanto,1
genetics,1
pusan,1
thos,1
katmandu,2
helen,3
amarillo,4
linctus,4
tillandsia,1
encia,1
torso,1
ostium,1
habanera,2
trace,1
enormous,1
squeteague,2
tonto,4
ornis,1
xus,1
chili,2
leno,2
burma,4
curator,4
orange,2
ladybird,1
kiri,2
mahayana,1
iyo,2
indium,1
unnamed,1
pose,1
ule,2
iii,2
tuxedo,3
creditor,1
daqui,1
aldebaran,1
mediterranean,1
delectable,1
apsis,2
surakarta,2
okra,3
qui,4
oec,2
rubican,1
herbarium,2
camiguin,1
marimba,3
christen,1
marconi,2
modena,2
hackman,1
gonzaga,1
projector,2
deter,1
roba,1
llano,4
dai,2
senator,14
vercingetorix,2
agra,3
viral,2
dogma,2
bronchus,1
halcyon,6
kelila,1
coriaceous,1
kure,3
timaru,1
obsidian,1
coon,5
confluence,1
hepatitis,3
ophthalmia,1
polyhedron,3
vada,2
batman,1
gentry,1
cumberland,2
parasitic,1
ninlil,1
seringa,1
rafflesia,5
drill,2
cleome,1
balder,2
marmara,2
kami,2
afuera,1
collier,1
guanabana,2
gud,2
jugular,1
corundum,1
praus,1
sika,5
cielo,1
forme,4
cambrai,3
ravenna,3
jena,1
muerte,1
procyon,9
daimyo,1
valera,5
pelargi,1
barrow,3
belize,3
calpe,2
mistassini,3
beriber,1
khat,1
padua,1
anaximenes,4
fyodor,1
caucus,4
xhosa,6
scissor,1
held,1
side,5
tis,1
puca,3
scythia,2
roa,3
wan,1
vide,1
epigone,1
pretorius,2
orthognathous,1
estes,1
bihari,2
ahu,2
hakodate,1
sartorius,2
kalimantan,4
hadron,1
avon,1
belisarius,3
steinhatchee,1
kruger,1
tocantins,4
hoa,2
sarmentum,4
gorgonzola,1
bid,1
nicodemus,1
silesia,2
jonas,4
dies,3
after,1
adolphus,1
agger,3
rhonchus,3
komi,8
ellipse,2
varro,8
catherine,3
ragazzi,3
tigre,3
mako,3
aquarium,2
yoruba,4
raven,2
zemi,1
facetious,1
lucerne,1
excl,2
biskra,1
nye,2
neutrino,1
cochrane,1
guetare,1
brasil,1
celadon,12
nabu,1
ruhl,1
crato,2
rhaetia,2
laterite,1
queda,4
mere,2
sardinia,4
praia,8
termitarium,2
pyo,1
arboretum,3
macadamia,1
spencer,1
nelson,2
alice,10
lange,2
usi,2
novara,2
keo,2
lourdes,2
sultan,9
omi,2
cabana,2
rhyton,1
bare,3
aua,2
pontiac,4
ilama,1
numidia,5
negate,1
amhara,4
textiles,1
swastika,1
istria,5
foa,1
tarsia,1
boyla,1
aegir,3
susa,5
siam,3
bex,5
cyclades,3
syllabus,3
myelitis,1
antelope,1
atlanta,9
indocile,2
her,1
arges,1
phobos,6
brimmed,1
fruit,1
dinah,2
turn,1
nates,1
mano,2
millstream,1
noble,1
skull,1
incisive,1
oto,2
simeon,1
haze,3
strigil,6
sophocles,4
vero,2
plus,2
differentia,3
jaborandi,4
cat,3
amylum,1
helper,2
afghani,3
helium,1
cox,1
nur,1
sahara,2
fecula,1
spurious,1
schmidt,2
mendelian,1
grisgris,1
penang,2
mallorca,2
origami,3
tagore,3
cassiani,1
secund,1
alias,2
italia,4
infierno,1
goby,1
rau,3
corsair,1
conway,1
generally,1
cyphosis,1
zoroaster,7
jei,1
pie,1
serene,2
ivu,2
arne,3
aky,3
lih,1
gonococcus,1
erse,5
piripiri,1
putamina,2
apian,1
riley,3
python,7
pilcomayo,1
tes,2
thrombus,1
tunisia,3
toa,3
erasmus,7
tajo,1
gay,2
western,1
constitutive,1
akbar,2
int,3
pecan,4
cm,1
inanna,1
elagabalus,3
bohol,1
ace,3
bambara,3
phalanx,6
thrips,4
febe,1
mam,2
gratis,2
tasmania,4
punt,2
latrodectus,1
frost,1
inion,1
cyprian,1
udo,1
hurley,1
yukon,3
padishah,1
trompe,2
spinose,1
quadriga,2
alarum,6
infantile,6
alexia,4
sphalm,1
aborigine,2
sublime,2
zan,2
utica,3
byssus,6
orc,2
asmodeus,2
unguentum,1
monteverdi,4
ayo,2
begum,2
guenzi,2
juju,3
parang,2
soon,1
serpentine,1
ciliate,4
incubator,4
levi,8
kara,8
asexual,1
line,2
abraham,5
viviparous,4
sindhi,2
sibelius,3
varix,5
sapodilla,2
paramecium,3
gezira,2
vicarious,1
conjunctivitis,1
victim,1
sed,1
panto,2
tapis,1
generator,10
resh,5
vigor,3
sue,2
union,1
character,1
issus,1
corcovado,2
ginkgo,4
poring,1
berea,3
ayesha,1
candy,1
armenia,6
pokorny,1
fakir,2
elis,11
curio,2
paphlagonia,2
ballata,1
soa,3
azan,2
ra,4
fully,1
mozambique,2
yuan,1
sua,3
significa,3
rubber,2
psp,1
kidney,1
organism,5
andes,3
juv,1
spn,1
canon,1
psalterium,2
emphasis,4
shu,1
selector,4
pterodactyl,1
ambages,3
murva,1
musicale,2
trauma,1
jasper,2
caltrop,2
sagittate,1
chosen,2
gong,3
simpler,1
jersey,2
putamen,2
tutu,2
superstratum,1
cl,1
edwards,1
pelas,3
churro,2
numbat,2
catania,2
carnegie,1
ambo,1
dios,1
saluki,2
bocca,2
asterisk,1
tehuantepec,2
suwannee,1
mohican,1
euonymus,5
topi,3
ohe,1
subs,2
conspicuous,4
unmarked,1
marks,1
pamplona,1
lento,1
errors,2
bir,1
systole,2
caliper,1
mou,2
kauri,1
sendai,2
cohune,4
jo,4
tra,2
eden,5
mascara,4
zande,1
mexican,2
glabrous,7
fil,7
mandarin,5
kithara,1
hue,2
entozoon,3
fume,3
sorosis,3
buna,3
macbeth,1
phallus,5
granta,1
ophir,7
sodom,3
cydnus,1
kennedy,1
cilium,9
genista,2
impossibile,2
dog,1
entebbe,1
specious,3
adeus,3
vivo,1
mytilene,3
frenum,1
hence,1
cannot,1
applied,1
anaemia,3
oda,7
numen,3
lysimachus,5
csiro,3
sicyon,4
mangrove,1
singular,1
sombrero,5
carta,2
balthazar,2
nunatak,1
cree,4
vaquero,4
tre,1
bireme,3
buccaneer,1
chroma,3
cusco,2
tungus,5
oriya,1
rhodes,1
schrader,1
volcano,8
hebrides,1
tophus,2
caballo,1
agone,3
alicante,1
almeida,4
calumet,1
enema,2
mais,3
tympanitis,2
sis,2
mesothorax,3
khan,1
alluvia,1
korari,1
crit,3
ihi,3
biak,6
buena,2
theocritus,1
hokkaido,2
agadir,1
darjeeling,2
xyster,1
naco,1
honor,2
oliver,3
cloaca,2
lacteal,1
synthetic,2
aristarchus,5
inflate,2
ukelele,1
saul,2
sedilia,2
embryo,2
pola,9
full-length,1
saki,3
scotus,7
mango,7
churinga,1
campbell,1
leyte,2
petitions,1
precious,1
rambutan,1
angina,2
jon,5
ebi,2
putative,2
baleare,1
minuti,3
auth,1
loo,2
anapophysis,1
tarim,2
izu,1
recombination,1
ello,3
sate,2
ups,1
pompeii,1
sorites,2
excavator,3
ovule,1
brumby,1
stripe,2
diablos,1
eidolon,3
onus,3
stemma,3
rajput,4
subdivision,2
silica,1
credo,1
obliterate,2
vulva,2
subfamily,2
get,1
signorelli,1
annex,1
ptolemaeus,1
sutra,1
kaffir,2
andros,3
adenitis,1
toffee,1
diga,1
arenaceous,3
curtain,1
illustrious,1
ran,1
fulgor,9
arequipa,3
estaba,1
ngai,3
thoria,7
logic,1
gate,1
siy,1
acadian,1
faro,4
alcaldia,1
melos,1
pneuma,1
montenegro,3
punjabi,3
septentrion,1
kiangsu,3
nessa,2
carrillo,1
mode,1
based,1
possibly,1
ope,1
muskogee,1
aristippus,2
papai,3
abra,1
dinka,1
stiletto,2
algonquin,2
rio,4
triangular,4
zama,6
veo,1
zen,1
muttra,1
plant,5
langur,1
plateau,1
haustorium,2
ypt,2
luffa,3
desta,1
recline,1
video,3
discriminator,1
malatya,1
labrador,1
hausa,2
titicaca,8
sungari,1
vang,4
plumbum,2
chincapin,3
pannonia,8
eniwetok,2
schenck,1
pure,1
sonne,3
omora,1
quadric,1
substitute,1
gentleman,1
plastid,2
suk,6
wreath,1
pute,1
botulinus,3
nmn,1
dentate,2
oops,2
lemniscus,6
lane,2
entry,1
blastema,2
sumbawa,3
agnosia,5
supra,2
akihito,2
ptah,3
lyssa,5
evora,3
persia,2
balaton,1
mot,1
meghalaya,3
molly,2
aq,1
solano,1
triad,1
rachitis,1
greening,1
socotra,3
cid,2
descartes,1
null,1
docile,3
bay,3
maracanda,1
sexton,2
bodhisattva,2
helles,2
sire,1
gory,3
mia,2
thema,1
aki,2
pacer,2
chalaza,5
fovea,10
datum,3
acute,1
ag,1
oblique,3
amplification,1
brune,1
erymanthus,4
ymp,1
anaximander,3
casaba,1
yokozuna,1
proa,1
haifa,1
hosanna,1
oza,1
floccus,6
leva,3
foliaceous,2
exu,1
cu,1
whim,1
portulaca,2
fini,4
humboldt,5
oa,2
urticaria,9
amalie,1
durian,1
angami,1
soi,1
kalevala,2
guevara,3
cossack,1
kannada,1
minute,1
cavallo,4
dionysia,4
hardy,1
orangutan,3
mathura,3
tarantella,1
powhatan,1
yanina,2
metathesis,3
calcium,2
circum,1
donar,2
byrrus,1
locality,1
loris,3
nipa,2
brazil,1
agnew,2
abilene,1
josefa,1
prehensile,7
fictile,1
april,1
lilliputian,1
whately,1
fundo,1
frontal,2
heike,1
zu,6
cook,1
library,5
chagres,2
elea,4
tac,1
ob,1
honolulu,1
albatross,1
wah,1
armada,1
heron,1
vieja,4
ooh,1
late,1
reside,1
vance,1
minx,2
alaska,3
riata,2
authorities,1
sidon,2
cuesta,2
erechtheus,5
dugong,1
ligneous,1
miscellanea,2
tasso,4
sub,1
salmanazar,3
positron,1
pavonine,2
orang,1
euhemerus,2
diophantus,2
lazuli,7
carlisle,1
jabin,1
ligar,1
pubis,6
breda,2
lefty,1
pyrex,2
mong,1
zion,2
jantar,1
weld,1
suevi,2
bellies,1
santayana,1
unais,1
rift,1
bedel,1
ak,1
bukavu,1
biotype,1
lyautey,1
diadelphous,1
aquilegia,2
mizar,3
hadji,1
astilbe,2
zed,1
cymatium,5
ninhursag,1
cosa,2
moth,1
abnaki,1
malefactor,2
ar,2
koppies,1
modif,3
rec,1
conceptaculum,1
influenza,2
bwana,3
convolute,1
chen,1
corrigendum,2
canada,5
baron,1
motor,2
terribile,2
po,1
palawan,3
shinto,7
academia,3
mii,2
educator,2
pea,1
crab,4
torsk,2
kwakiutl,2
pastorale,6
prolix,1
umi,2
tombouctou,1
servia,1
montgomery,1
yod,2
dolora,1
palladium,2
genoa,3
cassowary,1
main,1
sho,2
stradivarius,1
idee,1
waikiki,5
lemma,2
niobium,1
mut,2
saturate,1
rectrix,1
mortimer,1
contentious,1
carancho,1
truncate,1
rawalpindi,1
description,1
indicate,1
between,3
such,1
phenetic,1
mixture,1
reflected,1
identified,1
chaeta,2
euripus,1
epitome,2
prolepsis,2
madura,5
pizarro,4
arabia,3
vespucci,1
fae,1
casi,1
cista,1
yva,2
granicus,1
ere,2
extravaganza,1
contractor,3
einfach,1
cha,1
torres,1
stenosis,3
centra,6
paul,1
nob,2
parton,1
prostheca,1
pehlevi,2
tardi,2
clarkia,1
uri,1
carmel,2
cattleya,2
auld,1
venger,1
evaluation,1
bailey,2
cerium,3
lacewing,1
imprimis,1
pox,2
axe,1
morph,2
mun,1
bri,1
leila,1
manzanilla,3
royal,2
bavaria,1
panache,1
heath,1
plataea,2
samadhi,2
suicide,3
alar,1
simonides,2
polybius,3
romaine,1
kermanshah,2
narthex,3
perseverance,1
hio,2
lilac,3
mouse,1
cavernicolous,1
lat,1
subduction,1
cui,2
apure,2
londrina,1
venuta,1
goon,1
bharat,1
caulis,3
bilocular,1
rootstock,3
cheiron,1
fiji,6
ah,2
ennosigaeus,1
tinker,2
bikini,1
mama,1
coati,1
seras,1
haeres,5
oku,2
nagano,2
thallus,5
rufford,1
pithos,1
antithesis,2
rabbi,4
both,1
tridentum,1
encarpus,1
inamorata,1
delphi,1
tortuous,1
mycorrhiza,1
lak,2
genitalia,2
rae,2
mahal,2
muon,1
tarsus,3
colum,1
cain,3
kok,3
cercaria,3
malaria,2
boq,1
guahibo,3
bamboo,2
laches,3
err,1
shikoku,1
hance,1
glens,1
oracle,1
aegisthus,2
gabar,6
tatar,2
splendor,3
burmese,2
mss,3
octans,3
calcaneus,5
hippomenes,2
stoliczka,2
absalom,2
fei,3
carabao,1
asy,1
salem,1
avesta,4
discussion,1
liriodendron,1
sauce,1
pedate,1
hoh,1
scope,1
broca,1
gigot,2
saiva,1
colophon,5
north,1
venetia,3
subnucleus,1
iridium,1
shushan,1
capote,3
daimon,1
potoroo,2
palaestra,2
flattery,1
gewgaw,2
finale,2
oesophagus,1
angara,7
culiacan,2
natale,3
mullah,3
piebald,1
prov,2
caudate,5
poncho,1
paries,1
antrum,2
hover,1
amir,2
culion,2
accepted,3
palembang,2
nyo,1
caoutchouc,3
ake,1
uzi,1
drogheda,2
beauty,1
collator,4
travancore,1
apia,6
perro,1
winter,1
vulgus,1
corr,2
vashti,4
hb,1
halicarnassus,1
brome,2
myrobalan,1
utu,1
babel,1
paterfamilias,5
traditor,2
aguascalientes,1
opa,1
digamma,1
paine,1
juu,1
tuu,1
agape,1
saadi,3
staff,1
ishtar,2
hindi,4
auger,4
universe,1
lan,1
anoxia,1
ius,1
king,2
guayaquil,2
eb,1
microsporangium,1
kura,2
babu,6
cotton,1
mazurka,2
alf,1
warta,1
nga,1
catabasis,1
nostrum,1
gone,1
pentagon,2
zone,1
mie,1
impolite,1
nathan,1
hawaii,2
day,2
gusta,1
loyola,2
citrine,1
orientate,1
salamander,3
rocky,1
vit,1
helvetia,1
obliterates,1
adytum,2
ifni,1
fabricius,4
bogor,1
alleluia,3
davies,1
icon,1
lang,1
gazelle,1
tracery,1
corpora,1
shadow,1
buenaventura,5
hydria,2
torii,3
bulbous,2
lombok,2
col,1
cuticula,5
linden,1
thatch,1
illus,1
yco,3
tantra,4
strada,2
cuspidate,2
arborvitae,1
impala,3
propeller,1
ghana,3
amboina,2
maecenas,4
infernal,1
pentstemon,2
elmira,2
sexual,1
catiline,1
assemblage,1
exophthalmos,2
kir,1
filed,1
canton,1
thermopylae,1
cherubini,2
kadi,1
mod,1
tucana,2
tessellate,1
poster,1
logos,1
amblyopia,1
rivera,3
cauda,6
strophe,2
ars,1
magnet,1
eua,2
bulgaria,1
bluff,4
margay,1
scrofula,1
ci,1
bithynia,1
funnel,1
salami,2
herpes,5
nyi,1
loquacious,1
tropical,1
arma,4
guava,5
thaddeus,2
amargosa,1
eco,2
centrum,2
fantasia,3
oii,1
mese,4
gramps,1
abigail,1
pulque,1
nato,2
cesena,1
chatty,1
hang,2
penni,4
unisexual,3
darwin,2
bolo,3
nebulous,1
paternoster,1
peepul,1
valparaiso,3
cypripedium,1
vercelli,1
animus,3
single,1
copy,1
crocus,4
ehu,2
izquierda,1
na,1
wirra,1
dementia,1
tipo,1
thanatopsis,1
mexicali,1
fibonacci,1
ti,3
cabala,2
enoch,1
pons,5
jau,2
moca,2
simultaneous,2
serotine,2
chu,1
same,2
denticulate,2
predator,2
oxus,2
barranca,2
unidentifiable,1
moke,2
tyrannous,1
tennis,5
pore,1
pasta,1
sandakan,1
multifarious,1
eyre,2
citron,1
dolce,1
gopher,1
bermuda,4
kalgoorlie,1
os,1
grosse,1
ign,2
luzon,1
class,1
lorentz,1
hypoxia,1
star,1
light,1
ohu,1
homotaxis,1
arboricolous,1
lucid,1
coquina,2
pylos,2
tutelo,1
medio,1
uvea,2
quilmes,1
imbroglio,1
gauhati,1
lloyd,1
basilicata,2
litsea,1
antique,2
graeae,2
camaguey,1
patchouli,3
pensi,1
sericeous,1
sago,1
veld,1
oze,1
uea,1
falta,3
doppelganger,1
illuminator,2
involucrum,3
ili,2
ctenidium,1
buu,1
warte,1
tijuana,1
macabre,1
yii,1
monterrey,1
mex,1
cola,3
vida,2
mycenae,2
anile,3
robe,1
magyar,1
demogorgon,2
calabresi,1
leavis,5
infuscate,1
phantasmagoria,2
pernambuco,2
consortium,1
rigel,1
nu,2
enos,3
maranao,1
wollongong,1
teufel,1
unk,1
dimorphous,1
polo,1
cacique,1
appaloosa,1
ankara,4
quiera,1
regulars,1
finisterre,1
crucifix,3
sur,3
bulbiferous,1
ugo,1
passerine,1
spinoza,1
aneto,2
nena,1
chlamys,2
voc,2
ancona,1
passim,1
armona,1
albinos,1
nut,1
sheikh,1
harare,1
sepsis,1
burney,1
woody,1
thucydides,3
bunkos,1
ypo,1
bes,2
anisette,1
hydrangea,3
radium,1
robust,1
recuerdo,2
otu,1
nubile,1
gastropod,1
edible,1
localities,1
foliate,1
sphincter,1
annunciator,1
anatolia,2
benthos,1
dichotomous,2
tamis,2
suburbia,2
kernoi,1
bacchius,1
gilgai,2
decagon,1
contagium,2
charisma,3
bolero,1
ha,1
coleorhiza,1
ping,2
scuba,1
michoacan,1
eru,4
kelantan,1
padre,1
augustin,1
dwarf,1
whale,1
fugus,3
pat,1
roe,2
chamorro,6
ane,1
lanugo,6
paracelsus,2
cristo,1
clave,1
perp,1
marin,2
peristalsis,2
sacandaga,1
stephanotis,1
aline,1
sedan,1
diapason,1
vervet,1
expositor,2
bonbon,1
prospector,1
ballade,1
ironia,1
piccadilly,1
reval,2
interrogator,3
clark,1
tev,2
clintonia,1
maes,1
setaceous,1
solitary,1
tate,2
koran,1
lixivium,1
tryma,1
lanthanum,1
gregory,2
jix,2
odeon,1
misti,1
rigor,1
median,1
ceci,1
coquito,1
russell,2
questi,2
baluchi,3
brunet,1
cot,1
tornado,1
patmos,2
rotator,4
lomond,1
proclus,2
erigena,3
parish,1
pollera,1
culpa,1
yoi,2
uli,2
fascista,2
equuleus,2
jan,1
machete,1
kan,1
compositor,2
ibarra,1
pygmy,1
aoa,1
induna,1
bine,2
cowboy,1
wai,3
end,1
pecos,6
constant,2
conceptions,1
butte,1
cooper,1
melchior,4
cenobium,1
calculator,2
ruthenia,2
segura,3
il,2
heterotrophic,1
melon,2
kemerovo,2
arkansas,1
porsena,2
frangipani,1
vei,1
nammu,1
musette,1
cabinda,2
conductor,3
bogus,1
winged,1
morris,1
fukien,1
xeroderma,2
beatty,1
kosciusko,3
impresa,1
lodi,2
recs,1
protasis,1
sponge,2
tilla,1
immolate,1
kra,3
nadir,1
hyperaesthesia,1
narcosis,1
peggy,1
granada,2
xenocrates,5
insular,1
plasma,1
barium,1
rar,2
herschel,1
carajas,1
basta,3
aromatic,1
rac,2
vexatious,1
tee,2
addax,2
mirador,2
parasol,2
oujda,1
hobo,1
delilah,2
division,1
bak,1
exemplar,3
inukshuk,1
cilia,3
arras,1
college,1
mullion,1
viking,1
vaal,2
orbiculate,1
com,1
unicef,1
karas,1
mba,2
sangria,1
driver,1
rangoon,1
reservations,1
pueblo,1
resolution,1
any,1
gully,1
bum,1
antisana,6
fructuarius,1
multiparous,1
sanies,2
potpourri,1
broch,1
aberdare,1
candor,2
quei,1
domanda,1
psychosis,1
cyclosis,1
gaillardia,2
till,1
ua,1
fb,1
salto,4
mao,1
goal,1
cilantro,1
egmont,2
scamandrius,1
paso,1
assur,2
seu,4
raspberry,1
judi,1
prove,1
binghi,1
sequela,2
militia,1
marginate,2
batwa,1
hangchow,1
malang,1
loci,2
ev,1
ham,2
elam,1
salmin,1
valenciennes,2
mosaic,3
psoriasis,3
yogini,1
antirrhinum,2
keratitis,1
obvious,1
ame,2
terceira,1
poll,1
subalpine,1
artificial,1
chromosome,1
matsu,1
ram,2
mendoza,3
tuk,1
pole,1
thomson,2
prate,1
cea,2
boanerges,1
situs,2
moore,1
minutiae,1
cap,1
quark,1
ousia,1
somber,1
ramose,2
triplicate,1
narwhal,1
boo,1
porra,3
giraffe,1
jub,1
spinous,1
hocus,4
makalu,1
brachium,3
concertina,3
cameo,1
ho,2
picasso,1
originally,1
agma,4
roo,2
children,2
percheron,1
campanile,1
potato,1
wichita,1
kintyre,1
feria,2
opo,1
bangkok,1
toda,1
indochina,1
jordan,1
seriema,1
ninurta,2
ver,1
formes,1
papillote,1
pundit,2
vom,1
dervish,1
amphius,1
nahum,1
penstemon,2
seth,3
cento,1
spiniferous,2
dobla,2
stirling,1
kif,1
fermion,1
det,2
maroon,1
liza,4
torna,1
zircon,1
monomania,1
proconsul,2
tutor,1
syh,1
leighton,1
ju,1
spotted,1
tamarau,1
chemnitz,1
shantung,1
shoemaker,1
madre,2
cypriot,1
staccato,1
tube,1
heterogeneous,1
proper,1
oon,1
dalmatia,2
lomax,1
macrospore,1
bramante,2
bor,3
ivy,1
sudor,1
charlotte,2
refugio,1
old,2
frijoles,1
kaoliang,1
walnut,1
spirochete,1
oji,1
amygdaline,1
centum,1
horrid,1
dinoflagellate,5
rev,1
aar,1
yai,1
gap,1
repair,1
gumma,1
puli,2
tenedos,1
aussie,2
herbaceous,2
box,1
suomi,1
stanford,1
carat,1
pathogen,2
lucilius,3
recti,1
pretexta,1
cytherella,1
marengo,2
usia,1
trinidad,1
slender,1
intimidator,1
ey,2
annapolis,1
omnibus,1
vellum,1
tiger,1
kaka,2
junco,2
boca,1
poona,1
merino,1
kazbek,1
wite,2
arum,1
hammurabi,1
valuate,1
lore,1
wallaby,1
temuco,3
zapotec,1
shiv,1
came,1
nun,3
dysprosium,2
pal,1
ufo,1
quorum,1
bambino,2
velha,2
scandium,1
aphid,1
onu,1
epictetus,1
elegance,1
thyroidea,1
pataka,1
odor,1
kebab,1
omo,1
phillips,1
aphis,1
tyndareus,3
sarcoma,1
aja,4
naiades,1
loro,2
cay,2
trio,1
heo,1
bandundu,1
ype,1
das,1
samsun,1
decline,1
barbarous,1
mole,1
monoplanes,1
princes,3
cella,2
menos,1
jimenez,2
verbena,3
corrida,2
ny,2
reconciliator,1
anopheles,2
ramakrishna,1
sch,1
linares,2
nose,1
contrayerva,1
concave,4
expanse,1
majuscule,1
istanbul,1
heterotaxis,1
une,1
hawaiian,1
thy,1
taipo,1
groupe,1
hija,1
abracadabra,2
mart,1
competent,1
stromboli,1
nucleon,1
xon,1
lager,1
baggara,1
xmas,1
ndu,1
vum,1
exiguous,1
guadeloupe,2
eff,1
plutonium,1
limes,3
damit,1
maidan,1
baikal,2
paxiuba,1
loriot,1
mignonette,1
ciscaucasia,1
celesta,1
retro,1
dine,1
dahlia,1
porgy,1
pyu,1
jataka,1
tna,2
pe,1
euroclydon,1
pequeno,1
burro,1
murmur,1
pak,1
nho,1
tandem,1
strenuous,2
mol,1
papillon,2
pipistrelle,2
simone,1
enterprise,1
humber,1
weber,2
barbuda,1
ovid,1
miura,1
mute,1
protuberance,1
onassis,1
soft,1
campinas,2
josephine,1
asiatic,1
invaginable,1
newcastle,1
rockingham,1
dik,1
tya,1
niigata,1
temple,1
giant,1
scraper,1
rey,1
oriental,1
oakley,1
subtense,1
kabaragoya,1
cylix,2
schnauzer,1
daw,1
iju,1
lynn,1
wat,1
coxa,2
diao,1
zingaro,2
vae,2
literator,1
genii,2
managua,1
ibe,1
salut,1
molecule,4
quor,1
kis,3
scabrous,1
ksi,1
ola,2
tylosis,2
monadnock,1
sinal,1
xenon,2
abeokuta,1
wum,1
tudor,1
formosan,1
orris,1
munge,1
jefe,2
regarding,1
supporting,1
recognition,1
ratel,1
impedimenta,1
langer,1
capablanca,1
nia,3
derecha,1
gavial,2
nemathece,1
rakata,1
tasman,1
kabylia,1
teuton,2
pitta,2
mordecai,1
lol,1
haw,1
ambystoma,1
salmon,1
dillon,1
kuu,1
piton,2
else,1
adapa,1
dorsum,3
isidro,1
cholera,1
epaminondas,3
crocodile,1
rosati,1
femoral,1
terai,1
gramineous,1
jackson,1
ovate,1
shul,2
dyi,1
alagoas,1
obe,1
tamarin,2
shin,2
andaman,2
apothecium,1
elenchus,1
rogue,1
pelos,1
small,1
edo,1
cremona,1
fex,2
anchor,2
vivarium,2
trova,1
member,1
pseudaxis,3
delphinium,1
abuelo,2
jaffa,3
shari,2
bci,1
ricardo,1
maurya,1
chinook,1
mekong,1
elektron,1
selenium,1
vallisneria,1
gladstone,1
minim,1
bengal,2
memo,2
genys,1
buddhi,1
riga,2
turk,1
ron,1
bol,1
hox,2
drachma,1
horror,1
belvedere,1
banco,4
now,1
tonus,1
tenia,1
ningal,1
billroth,1
koodoo,1
condominium,1
mar,2
dada,1
brahmani,1
nocht,1
trivium,1
enchytraeus,1
bernoulli,2
uropygium,2
lemures,2
mongo,2
boi,2
tome,1
ife,1
incline,1
anabaptist,1
urd,1
mudfish,1
shoe,1
afu,1
aerobic,1
quondam,1
jagannath,2
eras,2
ambos,1
lagos,2
langtry,1
moo,1
bujumbura,1
pue,1
lind,1
haber,2
manse,1
analysis,1
medan,1
paragon,1
iop,2
sumach,1
blanco,2
nele,1
croydon,1
suter,1
duenna,3
rek,1
pad,1
villalba,1
dark,1
manor,1
pior,3
osy,1
brown,2
edelweiss,1
sidra,1
kao,2
mishima,1
sam,2
cunning,1
avocado,1
fonda,2
pine,1
illampu,2
heydrich,1
coleus,3
rhenium,1
zig,1
morales,1
jehovah,1
turkmen,1
hermaphrodite,1
pentecost,2
noite,1
isopod,1
ume,1
menina,1
aulos,1
publ,1
boson,1
bounty,1
picnic,1
hook,1
linnet,1
lla,1
abductor,1
sesquialtera,2
labium,1
jabiru,1
radiolarian,1
nossa,1
kyphosis,1
enteric,1
mundo,1
vent,1
whyalla,1
homer,1
paramatta,1
hii,1
hamilton,1
plethora,2
kunming,3
vela,1
fife,1
production,1
relax,2
minuto,1
parade,1
esdras,1
melanesia,2
amok,1
khamsin,1
ujo,1
storax,2
zi,1
imbricate,1
horn,1
coral,1
pinero,1
kedah,1
manini,1
farci,1
geo,1
kun,1
epigoni,1
tolowa,1
scleroma,1
potomac,1
reptilivorous,1
iao,2
nat,1
edit,2
grapefruit,1
conga,1
chickamauga,1
takyr,1
sum,1
achitophel,1
nidicolous,1
loh,1
buk,1
fisher,1
bran,1
cleobulus,1
epidermis,2
iwi,1
beagle,1
isaac,1
lyu,1
crasis,1
caritas,1
tohunga,1
sorgo,1
kamen,1
sotto,1
nature,1
relationship,1
further,1
study,1
luce,1
semaphore,2
makatea,1
hyperopia,1
specimen,1
crisp,1
mercury,1
seraglio,1
casha,1
conciliate,2
fallacious,1
eok,1
hayata,1
lammas,3
cholula,1
salve,1
trigonal,1
anandrous,1
brontotherium,1
perinde,1
muir,1
penates,2
bonanza,1
tetragon,1
perforate,1
reflector,1
lal,1
cou,1
admirable,2
conqueror,1
laird,1
pierre,1
hotspur,1
brescia,1
sem,4
topeka,1
copernicus,1
hastate,1
bordeaux,2
carro,1
quito,2
frigid,1
nicosia,1
squamosis,1
hypnos,1
cyclist,1
spectre,1
sokoto,1
fere,1
spanner,2
gull,1
vaya,1
editor,1
libertad,1
fiesta,1
jao,1
types,1
nostradamus,2
peking,1
tigon,1
guerra,2
osu,1
christ,1
macassar,1
lud,1
clipper,1
pioneer,1
princess,1
corpus,1
eastern,1
californium,1
verrucous,1
ablepsia,1
darum,1
terete,1
inge,1
lempira,2
appendicular,1
bronx,1
preoccupied,1
ws,1
ya,1
ascension,1
annam,1
fanfani,1
bisetous,1
sherry,1
anorexia,2
hunter,1
ce,1
dex,1
jinx,1
soong,1
flocculi,1
sonorous,1
genesis,1
lecanium,1
springer,1
paisano,1
uza,2
reich,1
eca,1
quatro,1
dee,2
lel,1
borax,2
assai,1
silver,1
lanner,1
dante,4
bermudas,2
dagda,1
novia,1
guernica,1
mimicry,1
virginium,1
scale,1
gre,1
harrison,1
amma,1
mammee,1
treponema,1
mau,2
lg,1
phobia,1
protease,1
ouch,1
bise,1
pooh,1
gab,1
auk,1
nevis,1
lancelot,1
eloy,1
sibyl,1
igloo,1
dogfish,1
combe,1
proton,1
glauke,1
skinner,1
nice,1
vahine,1
aho,1
pixie,1
ba,1
cabeza,2
gracchus,1
poplar,1
aphasia,1
peters,1
sesame,1
cyclamen,1
rhizobium,1
turista,1
uel,1
comp,1
talos,1
sargasso,1
smo,3
several,1
sirdar,1
antalya,3
recluse,1
mio,1
fanti,1
banyan,1
ripens,1
moldavia,1
sudd,1
taa,1
cantilena,1
hem,1
nephrostoma,1
tinnitus,1
cheyenne,1
balikpapan,1
vote,1
nipping,2
danu,1
admiral,1
knockout,1
altona,1
bifurcate,1
dreikanter,1
cameroun,1
nsp,1
oshea,1
velites,1
quetta,1
oss,1
zin,1
quella,1
diaphane,3
mitosis,1
linnaeus,1
entrochus,1
bet,1
iri,2
jesus,1
cabernet,1
iec,1
mondo,1
byzantium,1
ika,1
rescue,1
mills,1
valerian,1
walhalla,1
jocko,1
tetanus,1
cohen,1
regain,1
hieronymus,2
quale,1
beulah,1
ocher,1
sandstone,1
afghan,1
keres,1
hypsiprymnus,1
chichester,1
hung,1
perfection,1
bravo,1
turbot,1
depositor,1
zimbabwe,1
explanation,1
ez,1
sabinal,1
miami,4
havia,1
delineate,1
souza,1
improvisator,1
heian,1
dayan,1
griffith,1
lya,1
eno,1
nonpareil,1
comte,1
anni,2
duodenal,1
furness,1
jane,1
yogi,1
che,1
eelpout,1
oka,2
orvet,1
lorelei,1
tex,1
pintura,1
batista,1
fortaleza,1
tanzania,1
cult,1
cena,1
listo,1
muscogee,1
kaluga,1
malachite,1
kimberley,1
troche,1
honey,1
corrientes,1
retsina,1
peneus,1
muchos,1
bong,1
soleil,1
chickasaw,1
hirsute,1
interference,1
insert,1
ask,1
biconcave,1
zii,1
doctor,1
emendation,1
benelux,1
essa,2
amis,1
jeans,1
danielle,1
kanchenjunga,1
manisa,1
garrulous,1
tong,1
sacco,1
sorge,1
flexuous,1
caespitose,1
dragon,1
ephemeris,2
maukin,1
brahmana,1
polygnotus,2
triumvir,1
thylacine,1
elytron,1
knockdown,1
shakti,1
convex,1
sensillum,1
samosa,1
wallace,1
medico,1
inglenook,1
vars,1
nile,1
veil,1
neuritis,1
ihu,1
tus,1
ewe,1
vulture,1
skye,1
chacma,1
sc,1
perak,2
distortion,1
ananias,1
riviera,1
dashi,1
simpulum,1
opium,1
jaxartes,1
questor,1
pika,1
coadjutor,1
cuca,1
jinsha,1
waltz,1
aqueous,1
ojo,1
nok,1
kirk,1
ire,1
hubo,1
oriente,2
calm,1
armillaria,1
farolito,1
podesta,1
mogote,1
criollo,1
sardis,1
vendetta,1
gimel,1
rha,1
nig,1
cellulose,1
holotype,1
croce,1
proposed,1
eeu,1
jaws,1
striges,1
bt,1
babirusa,1
mane,1
galle,1
elephant,1
unu,1
assigned,1
elysium,1
abject,1
typika,1
atkinson,1
according,1
haworth,1
iba,1
wii,1
apron,1
urga,1
eulogia,1
solange,1
temperate,1
allen,1
querencia,1
macerate,1
cambio,2
delicate,1
mandeville,1
edz,1
bon,1
rumba,1
arapaima,2
uxi,1
europium,1
limbi,1
atli,1
telson,2
europe,1
panther,2
azotobacter,1
xli,1
lo,1
sivas,1
carbine,1
sasak,1
criseyde,1
cyaneous,1
dobby,1
nakina,1
parnassus,2
natal,1
thoa,2
harbinger,1
argillaceous,1
saturnalia,1
lindo,1
roble,1
sarsaparilla,1
hiroshima,1
tokyo,1
verte,1
involucre,1
vladimir,1
transactor,1
turkey,1
twa,1
prosector,1
kya,1
microscopium,1
features,1
rose,1
sotol,1
espavel,1
vertebrate,1
rhodesia,2
taonurus,1
rousseau,1
hun,1
ozi,1
wahkiacus,1
censors,1
quadruplator,1
oidium,1
johore,1
wie,1
urb,1
ang,1
gammon,1
gasser,1
turgid,1
ville,1
gand,1
bajo,1
contorted,1
koo,1
hastings,1
automate,1
bosnia,1
commutate,1
wadi,1
portugal,1
dinar,1
refers,1
america,1
partizan,1
cima,1
gracias,1
crane,1
curriculum,1
obsolete,1
commando,1
digital,1
demo,1
liv,1
guarda,1
jedda,1
ouro,1
visitor,1
kriton,1
ferruginous,1
antlia,1
uga,1
diaphanous,1
fever,1
upstart,1
cape,1
xanthine,1
litiopa,1
canakkale,1
nua,1
millepore,1
gandhi,1
marc,1
vulpine,1
oliphant,1
otway,1
callas,1
gia,1
barley,1
mary,1
pity,1
moia,1
hoga,1
ek,1
tholos,1
gotham,1
pulsar,1
savour,1
maharani,1
dyaus,1
koe,1
vicious,1
siphoniata,1
akron,1
thick,1
aryan,1
beetle,1
norte,1
hyphen,1
bonaparte,1
leah,1
cate,1
achernar,1
circinate,1
russian,1
ichthyophagous,1
pang,2
talmo,1
molecular,1
intergrade,1
malice,1
along,1
coast,1
uat,1
morava,1
finlandia,1
ito,1
lacerate,1
florence,1
hernia,1
febrile,1
trinucleus,1
platinum,1
iga,1
adah,1
muslim,1
tux,1
zacatecas,2
afar,1
bullock,1
edw,1
hamartia,1
euphorbia,1
rheum,1
morocco,1
amati,2
wahehe,1
tartar,1
como,1
directrix,1
pelage,1
edema,1
hippie,1
lagniappe,1
amu,1
hope,1
bijou,1
vir,1
jiva,1
mundy,1
huascaran,1
spruce,1
inactivation,1
sens,1
psittacosis,1
queensland,1
vimen,1
shorea,1
reu,1
pleura,1
proglottis,1
rajasthani,1
taub,1
quintile,1
tegucigalpa,1
sbg,1
threshold,1
jones,1
pikes,1
usu,1
moseley,1
perdi,1
percival,1
toreador,1
vulgo,1
tutuila,1
mire,1
giacometti,1
raj,1
falcate,1
unlabelled,1
canea,1
kakan,1
chapman,1
emi,1
miffy,1
igorot,1
agora,2
kei,1
gilgamesh,1
osteitis,1
vicar,1
ludicrous,1
depressor,1
cutaneous,1
ete,1
unilateral,1
ventania,1
cagliari,1
dilator,1
mox,1
none,1
caryota,1
figs,1
batavia,1
tutankhamen,1
andalusia,1
colza,1
bagdad,1
pua,1
apostrophus,1
anti,1
mojo,1
cookie,1
smyrna,1
uvs,1
sente,1
protonema,1
image,1
superb,1
mo,1
liger,1
commutator,1
gang,1
dih,1
chandler,1
