Utah,2
Bolivar,7
Vea,1
Binary,7
Pao,14
Latina,3
Granada,2
Plebs,35
Nitrobacteria,4
Sonata,11
Sarcolemma,1
Sambo,1
Ninurta,2
Tanzania,7
Quasi,2
Taiwan,2
Ian,1
Medius,2
May,5
Hydrozoa,2
Ephemeroptera,2
Vesper,7
Lassa,19
Gaga,21
Rictus,2
Aves,1
Copepoda,2
Krishna,2
America,32
Sabadilla,8
Proa,2
Kaki,1
Recognized,1
Brumalia,1
Ami,10
Pecora,1
Terminator,3
Nemertean,1
Rubes,2
Diena,1
Thaxter,1
Grandes,1
Alpine,1
Iya,1
Paraba,13
Rubella,1
Perforates,7
Bentham,1
Side,3
Castorina,1
Bovine,3
Riga,2
Conference,1
Salta,2
Luta,1
Navigator,5
Xia,1
Dorsum,2
Bacilli,6
Diabolo,2
Murine,1
Boothia,2
Guarani,1
Pallas,1
Indonesia,1
Andesine,1
Hesperidium,2
Hayata,5
Corda,1
Talos,2
Algae,1
Diaphane,3
Sinatra,2
Nihon,4
Blattoidea,10
Macula,1
Zoantharia,1
Hock,1
Berkeley,1
Blanca,1
Predentata,1
Spiculum,2
Pareira,2
Cubiculum,2
Kar,2
Oldham,1
Alice,2
Saul,4
Puri,2
Baba,2
Briquet,1
Religio,1
Elmira,1
Echinoid,1
Ravia,1
Cicatrix,2
Gaia,9
Testudines,2
Qia,2
Shaitan,2
Thanatos,1
Carajas,2
Zoster,1
Kenyatta,2
Debus,1
Jura,1
Spegazzini,1
Insignes,1
Cnidaria,2
Wiltshire,1
Breves,1
Flax,2
Rotunda,1
Sors,2
Robina,1
Cortex,1
Agraria,1
Cute,1
Hispania,2
Templar,2
Avaritia,1
Peru,2
Sclerotia,5
Comes,2
Etruria,2
Piano,1
Duplex,3
Major,2
Interior,1
Agglomerate,1
Emarginate,1
Jamaica,1
Nova,1
Halmahera,2
Guatemala,2
Caruso,1
Regales,1
Mirador,2
Nemertea,2
Hepatic,1
Trail,1
Filterable,1
Crispi,1
Oaxaca,3
Oersted,1
Endotheca,1
Textiles,1
Calisaya,2
Lomax,2
Sarsaparilla,2
Affines,1
Dentate,1
Maximus,2
Vestiti,1
Senegambia,1
Sohn,1
Urban,1
Serpentes,1
Barranca,2
Ventana,2
Sumac,1
Canon,1
Pinnate,1
Zby,2
Cvm,1
Pisces,1
Lessing,1
Scalares,1
Vas,2
Rhopalium,1
Incunabula,1
Cochleate,1
Uruguay,2
Brachiate,1
Han,1
Nil,1
Magnum,1
Guayaba,1
Dunedin,1
Gracile,1
Varix,2
Kraken,2
Melitis,1
Decidua,1
Ascomycetes,1
Zabrina,1
Lamonte,1
Des,2
Rowe,1
Talisman,2
Melancholia,1
Exiles,1
Harvey,1
Cantina,2
Mitten,1
Tenues,1
Carlota,1
Minima,1
Maxima,1
Zygomycetes,1
Setula,1
Regin,1
Lingua,1
Bunion,1
Sanctus,1
Dutra,1
Hypoxia,2
Michaela,1
Bale,1
Xylo,1
Dubia,1
Bivalve,1
Sulcus,1
Fungi,1
Xeroderma,1
Karnes,1
Alba,1
Nam,1
Vladimir,1
Fragile,1
Osculum,1
Bander,1
Hue,1
Pulchia,1
Thurber,1
Cleve,1
Tola,1
Trilemma,1
Ridley,1
Communes,1
Simplex,1
Keyserling,1
Eel,1
Crash,1
Filos,1
Tup,1
Albi,1
Logia,1
Plexus,1
Rebel,1
Reptilia,1
Hesperides,1
Germania,1
Durra,1
Carnauba,1
Morocco,1
Minimi,1
Polyanthi,1
Palmate,1
Spectra,1
