Aa,46
Ababa,3
Abaddon,2
Abadia,2
Abea,1
Abila,8
Abita,1
Abra,124
Abraxas,266
Absalom,2
Abulia,1
Abutilon,725
Acacia,3715
Acacias,2
Acadia,2
Acanthus,132
Acarus,300
Accentor,50
Accipiter,359
Accra,16
Acedia,1
Acetabulum,13
Achaea,31
Acharya,4
Achates,3
Achelous,41
Acheron,6
Acia,104
Acicula,97
Acinus,4
Acis,37
Acme,104
Aconcagua,1
Acotyledon,22
Acropolis,2
Acrostichum,878
Actaeon,141
Actinia,403
Actinometer,1
Actium,60
Ada,32
Adama,47
Adana,1
Addax,9
Adelaide,2
Ades,3
Admetus,10
Adonis,190
Adrastus,24
Adria,3
Adversaria,1
Aedes,1382
Aegaeon,8
Aegean,2
Aegina,27
Aegir,2
Aegis,3
Aegisthus,9
Aegyptus,3
Aeolis,58
Aeolus,21
Aeschines,2
Aeschylus,3
Aga,2
Agama,315
Agamemnon,4
Aganus,1
Agapanthus,54
Agape,2
Agave,1104
Age,2
Ageratum,205
Aglaia,589
Agnosia,3
Agonostomus,21
Agora,2
Agouti,10
Agra,689
Agrapha,32
Agricola,22
Ague,1
Aguila,10
Aha,4
Aia,2
Aidoneus,2
Aids,12
Ailanthus,99
Ainu,5
Aix,7
Ajax,112
Aka,46
Akea,2
Akihito,3
Ala,9
Alabama,2
Alaria,112
Alba,2
Albania,3
Albatros,1
Alberta,17
Albia,15
Alcaeus,2
Alcaldia,1
Alcathous,3
Alceste,3
Alcestis,14
Alchemilla,1331
Alcheringa,1
Alcides,483
Alcmene,2
Alcyone,25
Ale,2
Alecto,123
Alectoria,467
Alectrion,78
Alex,10
Alexandra,3
Alexandria,3
Alexandrina,11
Alexia,77
Aleyrodes,110
Alfaro,7
Alga,4
Algol,3
Alhambra,2
Alice,2
Aliens,1
Aline,1
Alisa,2
Alle,7
Alligator,54
Allium,2800
Allo,2
Allodium,11
Allora,21
Allot,2
Alma,32
Almeida,1
Almeria,2
Alocasia,242
Aloe,1572
Aloes,3
Aloha,19
Aloysia,132
Alpha,4
Alpheus,615
Alsatia,3
Altona,1
Alula,4
Alva,1
Alveolus,1
Alyson,29
Alyssum,815
Ama,1
Amadus,3
Amanita,1453
Amanuensis,1
Amapa,3
Amar,2
Amaryllis,536
Amazon,4
Amazonia,83
Ambages,2
Ambala,4
Ambidexter,5
Ambitus,3
Ambo,8
Amboina,1
Ambrosia,147
Ambystoma,167
Amelus,2
Amenta,1
America,33
Americana,2
Americus,2
Amhara,3
Ami,9
Amieva,3
Amiga,6
Amma,2
Ammocoetes,14
Ammon,1
Ammonia,208
Amnesia,19
Amo,2
Amoeba,203
Amorphophallus,402
Ampelis,75
Ampelopsis,196
Amphiaster,2
Amphibolous,1
Amphioxus,8
Amphipleura,74
Amphisbaena,228
Amphithecium,17
Amphitrite,133
Amphitryon,7
Amphius,3
Amphora,1636
Ampulla,10
Amygdala,1
Ana,1
Anabaena,531
Anabas,74
Anabasis,119
Anacostia,2
Anacrusis,27
Anadiplosis,5
Anaemia,4
Anagoge,2
Anamnesis,2
Anamosa,1
Ananas,106
Ananias,23
Anaphora,43
Anarthria,15
Anathema,1
Anatolia,1
Anaximander,2
Anaximenes,1
Anchiale,23
Anchises,1
Anchusa,272
Ancilia,1
Ancilla,212
Ancistrodon,43
Ancora,4
Ancova,4
Anda,5
Andes,121
Andira,116
Andrea,26
Andreaea,347
Androgyne,2
Andromache,1
Andromeda,250
Anele,2
Anemia,384
Anemone,945
Angara,4
Angas,1
Angelica,400
Angelus,2
Angina,1
Anglia,1
Angola,2
Angra,2
Anguilla,198
Anguillaria,43
Anhinga,25
Ani,1
Anil,35
Anion,1
Ankylostoma,8
Anna,22
Annapolis,2
Annulus,1
Ano,3
Anoa,6
Anodontia,48
Anogra,41
Anoli,2
Anopheles,935
Anosmia,2
Anous,63
Anoxia,110
Antaeus,1
Antares,4
Antelope,19
Anthodium,2
Anthracomartus,28
Anthrax,1107
Anthropopithecus,31
Anthurium,2174
Anticlimax,69
Antigone,18
Antiphon,4
Antirrhinum,522
Antistrophe,8
Antitragus,2
Antitype,37
Anu,2
Anubis,53
Anus,1
Anx,1
Anzac,2
Aoa,2
Aon,2
Aor,2
Aorta,3
Apache,5
Apelles,3
Apex,16
Aphid,3
Aphidius,326
Aphis,1750
Aphonia,3
Aphrodite,35
Apia,6
Apian,6
Apis,917
Apm,1
Apocope,14
Apocrypha,6
Apocynea,1
Apodes,1
Apodosis,2
Apollo,1
Apophysis,1
Aporia,113
Apostasis,3
Apostrophia,2
Apostrophus,3
Appalachia,4
Apra,2
Apsis,7
Apteryx,18
Apulia,15
Apus,185
Aquarius,52
Aquila,227
Aquilegia,487
Ara,59
Araba,24
Arabia,9
Aracana,11
Arachis,146
Arachne,20
Arapaima,7
Ararat,3
Aras,1
Aratinga,113
Araucania,8
Araucaria,112
Araxes,5
Arbela,31
Arbor,5
Arbutus,121
Arcadia,2
Archaeopteryx,14
Archaeornis,5
Archaic,2
Archilochus,7
Archimedes,110
Archon,15
Arcos,12
Arcturus,90
Are,2
Area,82
Areas,30
Areca,198
Arena,5
Areopagus,2
Arequipa,25
Ares,8
Aretes,1
Arethusa,49
Aretus,2
Argali,1
Argas,165
Argentina,150
Arges,41
Argo,2
Argolis,3
Argon,3
Argos,2
Argus,119
Argusianus,7
Argyroneta,9
Aria,184
Ariadne,62
Arica,5
Aries,7
Arietta,1
Ario,1
Aristaeus,4
Aristes,3
Aristippus,2
Arium,2
Arius,308
Arizona,24
Arjuna,5
Arma,23
Armada,18
Armadillo,265
Armenia,1
Armiger,35
Armilla,4
Armillaria,272
Arnica,374
Arno,1
Aroma,5
Aron,4
Arras,2
Arriva,2
Arsis,2
Art,1
Artemis,91
Artemisia,2506
Artesia,3
Aruba,25
Arum,410
As,1
Asa,6
Asarum,314
Ascanius,1
Ascidium,74
Asclepias,779
Ashtabula,10
Asia,6
Asimina,46
Asmara,4
Asmodeus,7
Asoka,3
Asparagus,595
Aspasia,30
Asper,3
Aspergillum,40
Aspergillus,1109
Aspidistra,248
Aspidium,1785
Aspidosperma,266
Asplenium,3389
Assessor,5
Astarte,789
Aster,3176
Astern,1
Asthenia,31
Asthma,2
Astilbe,121
Astoria,3
Astragalus,8248
Astrangia,91
Astyanax,243
Atacama,3
Atahualpa,2
Atalanta,27
Ataxia,63
Ate,9
Athamas,10
Athanasia,157
Athanasius,3
Athena,2
Athens,12
Atila,1
Atlanta,73
Atlantis,25
Atlas,1
Atoyac,1
Atreus,1
Atropos,30
Atrypa,556
Attacus,91
Attain,4
Attains,11
Attica,4
Attila,43
Attu,2
Auch,1
Aucuba,80
Auge,1
Augur,1
Augusta,23
Aulea,3
Auletris,15
Aura,2
Aurelia,47
Aurelius,2
Auricula,423
Auriga,4
Aurora,15
Aurum,4
Aus,2
Auster,2
Australasia,3
Australia,2
Australopithecus,14
Autochton,17
Autolycus,1
Automata,1
Automate,19
Auxesis,3
Avernus,10
Aves,2
Avicenna,1
Avion,3
Axis,32
Axolotl,1
Ayacucho,2
Aye-aye,2
Ayesha,4
Aymara,2
Aza,3
Azalea,307
Azana,23
Azar,1
Azedarach,21
Azotobacter,20
Azteca,209
Ba,2
Baba,2
Babirusa,5
Babylonia,44
Bacchus,2
Bacillus,387
Bacteria,207
Bacterium,21
Bactria,28
Bahia,78
Baione,2
Baja,2
Bak,2
Baku,2
Balanops,18
Balboa,8
Balclutha,142
Ballena,1
Baloghia,24
Balsa,13
Balsas,2
Bambara,28
Bambina,2
Banana,1
Bander,1
Banksia,484
Baobab,2
Baptisia,115
Baptista,11
Bar,1
Barabara,4
Barba,2
Barbara,8
Barbosa,3
Barca,3
Barilla,2
Baroda,4
Barranca,2
Barsac,5
Bas,1
Basilica,2
Basta,3
Bastia,4
Basuto,4
Bates,1
Bath,41
Bathos,2
Batista,1
Batistes,12
Batman,2
Baucis,2
Bauhinia,1027
Bavaria,2
Bdellium,2
Bechuana,1
Beg,1
Begonia,3633
Behemoth,4
Bela,272
Beleza,1
Belisarius,5
Bella,2
Belladonna,8
Bellerophon,544
Bellona,3
Beluga,17
Bema,8
Bembex,356
Benedictus,1
Bent,1
Benthami,5
Bentonia,1
Benzoin,110
Berea,7
Beria,4
Beringia,6
Bernard,2
Bernicia,2
Berta,25
Beryllia,1
Bessarabia,2
Beta,111
Betelgeuse,4
Betta,91
Bia,37
Biafra,2
Bias,6
Bigener,2
Bignonia,587
Bilharzia,8
Biloculina,164
Bim,1
Biota,36
Bipinnaria,21
Biramous,1
Bishops,2
Bison,96
Bites,1
Bithynia,361
Bixa,19
Bla,2
Blattoidea,40
Blephara,1
Boa,119
Boadicea,3
Boaedon,38
Boanerges,2
Boca,7
Bod,1
Bogota,2
Boheman,1
Bola,10
Boletus,2115
Bolivar,2
Bolivia,2
Boltonia,48
Bomb,1
Bombycilla,20
Bomhyx,1
Bona,8
Bonaparte,1
Bonellia,81
Bonita,2
Bonus,3
Boothia,6
Bora,2
Boreas,6
Borer,1
Borgia,2
Boris,7
Bos,237
Botha,1
Boudicca,1
Box,11
Bra,2
Brach,1
Brachiolaria,2
Brachyurous,1
Bracon,1642
Brad,2
Braga,10
Brahmana,7
Bran,1
Branca,1
Branchia,4
Branchiostoma,79
Brasilia,6
Brassavola,71
Brassica,679
Bratislava,1
Brea,11
Brechites,22
Breda,22
Bria,2
Briareus,1
Brome,4
Bromelia,244
Bronchus,29
Brontotherium,16
Brotula,30
Brusa,4
Bua,1
Bubo,178
Buccinator,1
Bucculatrix,332
Bucella,4
Bucephalus,114
Bucorvus,14
Bucranium,6
Buddleia,84
Buena,29
Buffo,13
Buho,2
Bulgaria,57
Bulla,564
Bully,2
Buna,2
Burhinus,44
Burma,1
Bursa,220
Bursera,246
Bus,2
Butco,1
Butomus,21
Byrrus,2
Byssus,110
Bza,1
Ca,6
Cabeza,7
Cabrera,2
Cabrilla,2
Cacao,9
Cachalot,2
Cachexia,6
Cacia,190
Cactus,692
Cacumen,2
Cacus,7
Cada,1
Cadiz,2
Cadmus,11
Caecum,460
Caeoma,514
Caesarea,12
Cafeteria,5
Caiman,56
Cainozoic,1
Caladium,325
Calais,42
Calamite,1
Calamus,1012
Calandria,1
Calanthe,656
Calathus,528
Calcar,31
Calceolaria,942
Calchas,34
Calculus,3
Caledonia,4
Calendula,230
Caleta,7
Calico,1
California,2
Caligula,38
Calimeris,17
Calisaya,3
Calix,11
Calla,41
Calle,1
Callens,1
Callimachus,3
Calliope,32
Calliopsis,177
Callisto,23
Callus,1
Calma,5
Caloric,1
Calotte,1
Calpe,35
Caltrop,1
Calvaria,23
Calx,6
Calypso,35
Calyptra,32
Calyx,19
Cam,11
Cama,1
Camacho,5
Camanchaca,3
Camara,60
Camarilla,2
Cambogia,135
Cambria,6
Camellia,727
Camellus,1
Camelopardalis,14
Camera,5
Camila,1
Campana,1
Campanile,49
Campanula,2847
Campanulate,1
Campion,12
Cams,1
Camus,2
Can,1
Cana,2
Canasta,5
Cancer,848
Candela,2
Candelabrum,28
Candollea,133
Canella,9
Canicula,1
Canna,262
Cannabis,31
Cannula,16
Cano,2
Canon,3
Canopus,13
Canthus,1
Cantina,2
Cantor,1
Capella,19
Capibara,1
Capita,8
Capito,96
Capitulum,4
Capris,2
Capsicum,281
Capua,217
Car,8
Cara,1
Caracal,32
Caracalla,2
Caracara,17
Carajas,2
Caranx,346
Carcinoma,2
Cardanus,18
Cardea,2
Cares,1
Caria,50
Carina,4
Carlota,1
Carman,1
Carmona,6
Carnauba,2
Carnegiea,18
Carolina,13
Carolus,10
Carpentaria,8
Carphophis,9
Carpocapsa,59
Carpodacus,157
Carrara,1
Carta,2
Caruso,2
Caryota,58
Cas,3
Casa,1
Casas,2
Cascara,2
Cascarilla,45
Casco,2
Cassandra,17
Cassia,1961
Cassine,151
Cassiopeia,8
Cassis,319
Cassius,2
Castalia,136
Castilla,21
Castor,118
Cat,1
Catabasis,2
Catalexis,2
Catalina,2
Catalonia,1
Catalpa,73
Catamenia,25
Catarina,4
Catena,7
Caterino,1
Cathexis,5
Catiline,4
Catis,2
Catlas,1
Catocola,1
Catriona,32
Cattleya,854
Cauca,3
Caucasia,2
Caucus,1
Cauda,3
Caudex,2
Caura,16
Causa,4
Cava,3
Cayman,3
Cayuga,2
Cea,7
Cecilia,2
Cecilius,1
Cecrops,17
Cedilla,2
Cedrela,178
Ceiba,73
Cela,5
Celaeno,12
Celebes,2
Celis,1
Cellula,1
Cent,1
Centaurus,1
Centra,7
Centralia,4
Centrum,2
Centrums,1
Cephalic,1
Cephaloneon,1
Cephalonia,2
Cephalopod,2
Cephalosporium,186
Cephalotaxus,76
Cepheus,46
Ceram,1
Cerates,2
Ceratodus,123
Cerberus,22
Cercaria,630
Cercocebus,46
Cercus,29
Cerebrum,2
Ceres,4
Cereus,1504
Ceria,92
Cerium,4
Cerous,1
Cestus,3
Ceto,3
Cetonia,1174
Cetus,7
Ceux,1
Ceylon,1
Ceyx,134
Chaco,13
Chalaza,1
Chalcis,353
Chalina,88
Chaline,1
Chama,369
Chamaeleon,150
Chamaerops,80
Chameleon,19
Chao,1
Chaos,21
Charisma,9
Charlton,2
Charon,12
Charybdis,140
Chaulmoogra,2
Cheirogaleus,27
Cheiron,3
Chela,74
Chelodina,51
Chema,1
Chen,21
Cheops,1
Chermes,170
Chev,1
Chevron,3
Chevrotain,1
Chiasma,13
Chiasmus,21
Chichester,2
Chile,2
Chilomonas,33
Chilon,12
Chilostomata,2
Chimaera,104
Chime,5
Chimera,3
China,2
Chinchilla,17
Chine,1
Chiococca,113
Chiricahua,3
Chiromantis,42
Chiron,29
Chiton,762
Chlamys,1064
Chloe,3
Chlorella,130
Chlorite,1
Chlronomus,3
Chocho,1
Cholera,4
Cholula,15
Chondria,182
Chondrites,10
Chondroma,1
Choragus,63
Chorea,2
Chorioid,1
Chorion,1
Choroid,1
Chorus,7
Christiania,26
Chroma,1
Chromatium,16
Chrome,1
Chromonema,1
Chrysanthemum,855
Chrysemys,81
Chrysophanus,178
Chu,1
Churinga,7
Cia,1
Ciboria,176
Cicada,1172
Cicatrix,3
Cilia,3
Ciliata,6
Cilicia,3
Cilium,2
Cima,18
Cimex,1177
Cinchona,317
Cincia,6
Cinderella,7
Cineraria,423
Cinura,2
Circa,2
Circaetus,31
Circe,102
Circinus,3
Circle,1
Circus,115
Cirella,1
Cirrus,42
Cis,289
Cisco,1
Cista,1
Cistus,576
Cithara,48
Citharoedus,2
Citron,1
Citronella,34
Citrus,576
Citta,2
Civetta,3
Clan,1
Clara,8
Clarkia,115
Classis,1
Claus,1
Clause,1
Clavicornia,2
Clavus,153
Claytonia,369
Cleanthes,8
Cleisthenes,4
Cleland,2
Clematis,1778
Cleome,614
Cleon,10
Cleopatra,95
Clepsydra,2
Climax,5
Clintonia,58
Clio,120
Cliona,227
Clitellum,1
Cloaca,1
Clonus,4
Clostridium,210
Clotho,23
Clupea,444
Clyde,2
Clypeus,64
Clyster,13
Clytemnestra,27
Cnemidium,45
Cnidus,13
Coa,2
Coati,4
Cobra,8
Cobus,17
Coccidia,2
Coccidioides,10
Coccus,388
Coccyx,54
Coccyzus,78
Cochabamba,5
Cochise,2
Cochlea,48
Cochleae,1
Coclea,2
Cocos,214
Codes,5
Codex,1
Codon,9
Coenurus,11
Cola,222
Colas,2
Colchicum,444
Colchis,2
Colea,76
Coletta,2
Coleus,610
Colima,7
Colitis,4
Colla,16
Collar,1
Collinsia,139
Colobus,162
Colocar,3
Colombia,3
Colon,253
Colophon,31
Colpa,25
Colugo,1
Columba,528
Columbarium,51
Columbia,41
Columbus,5
Columella,48
Columha,1
Colusa,9
Coma,4
Combe,5
Comedo,17
Comes,4
Comus,4
Concertina,2
Conch,1
Concha,2
Condominium,3
Condor,3
Cones,2
Conferva,956
Confucius,10
Conga,7
Conger,105
Conidia,1
Conium,41
Constancia,1
Constantia,23
Constrictor,21
Consul,17
Conta,4
Contort,2
Contra,1
Conuropsis,6
Convector,1
Conversa,1
Convolvulus,1671
Cooperia,33
Copaiba,27
Copra,2
Copula,2
Cor,1
Cora,153
Corallus,26
Corbicula,490
Corchorus,235
Corcovado,4
Corcyra,9
Cordaites,5
Cordillera,2
Core,1
Coreopsis,522
Corinthus,3
Corium,2
Cornea,8
Cornu,11
Cornucopia,1
Corolla,7
Corona,24
Corozo,2
Corsica,1
Cortex,1
Corvo,1
Corvus,437
Corydalis,1375
Corydon,14
Corymbus,8
Coryphaeus,3
Coryphasia,17
Coryza,25
Cosa,38
Cosmos,132
Costa,66
Cotinga,30
Cotoneaster,731
Cotopaxi,1
Cotta,3
Cotyle,24
Cotyledon,570
Courlan,1
Covillea,7
Coyote,1
Crash,2
Crato,2
Creator,2
Cremona,3
Creon,5
Crepis,1186
Cresson,5
Creta,2
Cretaceous,1
Crimea,2
Crine,1
Crinoid,1
Crinum,495
Criocephalus,46
Crista,8
Cristina,14
Croce,25
Crocus,832
Croesus,13
Crois,2
Croomia,9
Crosa,6
Croton,3043
Crotophaga,20
Crus,1
Crux,3
Cry,1
Cryp,1
Cryptomeria,30
Cryptonema,3
Csiro,1
Ctenidium,103
Cuba,7
Cubans,10
Cubiculum,1
Cuca,2
Cuernavaca,6
Culex,1673
Cullen,45
Culler,3
Cultus,9
Cunaxa,74
Cupola,1
Cura,18
Curare,1
Curculio,2153
Curcuma,202
Curia,1
Curio,38
Curios,1
Curiosa,2
Curitiba,4
Curricula,1
Cursor,4
Cuscula,1
Cutaneous,1
Cutleria,33
Cutout,1
Cutter,1
Cyathus,203
Cybele,60
Cycadeoidea,2
Cyclamen,214
Cyclo,1
Cyclopedia,9
Cyclopes,25
Cyclops,686
Cyclos,1
Cyclostome,1
Cyclotron,1
Cydnus,130
Cydops,2
Cygnus,82
Cylinder,46
Cyma,1
Cymatium,233
Cyme,29
Cynomys,33
Cynthia,236
Cypripedium,817
Cyprus,2
Cypsela,4
Cyrano,4
Cyrenaica,1
Cyrene,16
Cysticercus,127
Cytaster,1
Cythera,2
Cytherea,559
Cytherella,292
Cyx,5
Cyzicus,115
Czechoslovakia,3
Dabba,2
Dacca,2
Dacelo,71
Dacosta,2
Daedalus,8
Daemon,27
Dagda,6
Dagon,5
Dahlia,139
Daimon,2
Dais,29
Dal,1
Dalbergia,684
Dalla,176
Daman,1
Damas,4
Dame,1
Damn,1
Damns,1
Damocles,3
Danaus,188
Dance,2
Danella,4
Daniela,3
Danio,90
Daphne,631
Daphnis,36
Dardanus,83
Dasya,239
Data,12
Datana,25
Datura,126
Davilla,95
Daza,3
Debit,1
Debus,1
Decumaria,9
Deianira,20
Deixa,2
Dela,1
Delenda,4
Delilah,3
Delius,6
Delos,8
Delph,1
Delphinium,1565
Delphinus,314
Delta,122
Demand,1
Demeter,1
Demogorgon,7
Demos,4
Dendrites,1
Dendrocygna,32
Denim,2
Dentale,2
Dentalium,759
Denys,2
Deo,1
Depressa,4
Dermatobia,4
Derris,288
Des,2
Desman,2
Deucalion,7
Deutzia,327
Deva,11
Devia,4
Devo,5
Dia,4
Diabolo,2
Diacope,77
Dialysis,23
Diana,13
Dianthus,1675
Diaphane,3
Diaphone,10
Dias,9
Diaspora,2
Diastema,60
Diaster,2
Diastole,19
Dic,4
Dicentra,44
Dices,6
Dichasium,3
Dicrostonyx,44
Dict,1
Dicta,1
Dictator,13
Dictyonina,7
Dido,2
Didus,10
Didymium,298
Die,3
Dies,6
Digitalis,177
Dilemma,5
Dingus,1
Dio,3
Diodes,2
Diogenes,107
Diomedes,7
Dione,51
Dionysia,82
Dionysius,1
Dioon,42
Diophantus,2
Dioscorea,1663
Diplex,2
Diplococcus,1
Diplodocus,7
Diplois,4
Diploma,6
Diplopia,1
Diplosis,124
Diprotodon,8
Dis,4
Disaster,32
Disco,28
Discus,104
Diva,3
Dives,10
Doa,6
Dobla,3
Dodo,1
Dodona,68
Dombeya,565
Dorcas,7
Doria,79
Doris,427
Dorisa,4
Doritis,69
Dorn,1
Doronicum,228
Dorothea,6
Dorsum,6
Dory,1
Doter,4
Douma,2
Downingia,46
Dracaena,598
Drachma,2
Draco,159
Dracocephalum,256
Dracula,184
Dramas,1
Draparnaldia,64
Drinker,2
Drongo,2
Dubia,2
Ducula,134
Dugong,16
Dulcinea,1
Dulia,1
Duma,7
Duplex,16
Durban,1
Durga,5
Duvalier,1
Dux,1
Dvina,2
Dynamis,20
Dysphoria,3
Dysthymia,2
Eba,1
Eblis,2
Ebo,14
Ech,3
Echeveria,532
Echidna,69
Echinocactus,1237
Echinocereus,633
Echinoderm,1
Echinoid,3
Echinus,509
Echo,8
Eda,1
Edema,15
Edessa,296
Edo,2
Ega,24
Egea,10
Egeria,38
Egesta,4
Ego,1
Eider,2
Eidolon,19
Eka,2
Ela,3
Elaphurus,12
Elapsoidea,45
Elate,4
Elater,981
Elaterium,58
Elates,8
Elatia,1
Elder,3
Elea,27
Electra,131
Electro,1
Electron,11
Electrophorus,7
Elemi,1
Elenchus,48
Eleusis,255
Elia,25
Eliana,1
Elicia,1
Elide,2
Elis,119
Elisia,6
Elizabetha,21
Ella,5
Ellipsis,2
Ello,2
Elmira,2
Elops,31
Elsa,4
Elysia,167
Elytron,1
Emberiza,457
Embolus,42
Emesis,130
Emeus,8
Emilia,190
Empedocles,5
Empetrum,70
Emphasis,1
Emu,1
Emy,2
Ena,116
Enceladus,3
Enchodus,52
Enchytraeus,167
Endamoeba,51
Endothecium,5
Endothelium,1
Endymion,20
Enema,9
Eng,1
Enigma,7
Ennius,2
Ennomus,2
Ennuis,1
Enos,6
Enosis,23
Ens,1
Ense,1
Entellus,1
Enterococcus,44
Entomostraca,2
Entozoon,1
Entrochus,43
Enyo,33
Eoa,2
Eohippus,16
Eon,1
Eos,47
Epa,2
Epagoge,58
Epeira,470
Epenthesis,8
Eph,1
Ephebe,49
Ephedras,2
Ephemera,176
Ephemeron,1
Ephemeroptera,2
Ephialtes,222
Epicanthus,1
Epicauta,311
Epicrates,70
Epiglottis,1
Epilobium,1274
Epimenides,1
Epiphora,60
Epirus,2
Epistrophe,122
Epitasis,2
Epithalamium,3
Epsilon,18
Equisetum,548
Erato,139
Eratosthenes,1
Erbia,14
Erebus,84
Erechtites,174
Eridanus,2
Erigenia,3
Erigeron,2079
Eris,25
Ero,74
Eros,45
Erosion,4
Erotesis,8
Erotomania,2
Erro,3
Erymanthus,6
Eryon,41
Erysichthon,1
Escolar,2
Espera,3
Estheria,179
Esthonia,6
Estrelata,4
Estrus,2
Eteocles,3
Ethiopia,1
Etruria,2
Eua,6
Euboea,1
Eucalyptus,2114
Eucharis,148
Euglena,652
Euhemerus,2
Eulogia,4
Eumenides,2
Eunectes,32
Eungella,2
Euonymus,754
Eupatorium,3075
Euphonic,1
Euphorbia,5578
Euphoria,255
Euphrosyne,61
Eurasia,1
Euridyce,1
Euripus,39
Euro,2
Europa,1
Eurus,1
Euryale,30
Eurydice,76
Eurymus,38
Eurystheus,75
Euterpe,169
Eva,4
Evita,3
Evonymus,8
Evora,2
Exa,1
Examenes,1
Exedra,2
Exon,1
Extra,2
Exu,1
Ezo,2
Fabraea,38
Facula,1
Fala,2
Falcon,1
Fama,1
Fao,1
Fares,2
Farrago,2
Fascia,1
Fasciculus,3
Fascista,4
Fatima,4
Faunus,54
Favus,5
Fax,11
Fedora,15
Felid,1
Fells,4
Fenestella,1481
Fenestra,8
Fer,7
Fera,4
Feria,3
Ferna,9
Ferula,496
Festa,1
Fiber,28
Fibula,11
Filaria,332
Filos,1
Filum,1
Fimbria,73
Fimbrilla,2
Fimbristylis,1093
Fistula,2
Flabellum,329
Flaminius,3
Flaveria,59
Flax,30
Fleta,3
Flexor,2
Flora,2
Floribunda,3
Florida,6
Foa,14
Folia,8
Folium,1
Fontanella,2
Forma,1
Formic,1
Formica,856
Formosa,4
Fornax,231
Fornix,1
Forsythia,52
Fortuna,6
Fossa,6
Fossor,5
Fostoria,3
Fourmilion,1
Foveola,3
Fraga,4
Francesca,3
Francolin,1
Fraxinella,3
Freesia,60
Fretum,16
Freya,42
Freycinetia,443
Frisca,1
Fructuarius,1
Fuchsia,353
Fucus,952
Fuentes,3
Fulia,1
Fulton,1
Fungus,235
Funiculus,13
Fur,5
Furcraea,79
Furcula,85
Gabriella,12
Gaea,7
Gaeta,2
Gaga,20
Gaia,1
Gaillardia,124
Gaius,10
Galatea,46
Galax,6
Galba,262
Galbanum,8
Gale,15
Galea,30
Galena,2
Galeorhinus,49
Galicia,4
Galidia,13
Galla,2
Galleria,34
Gallia,3
Gallion,1
Gallium,1
Gama,43
Gamba,5
Gambetta,2
Gambrinus,7
Gamma,9
Ganesa,33
Ganesha,3
Ganja,1
Garcia,4
Gardenia,532
Gargantua,12
Garreta,34
Gastritis,1
Gastrotricha,1
Gaultheria,621
Gavial,1
Gaya,72
Gaza,17
Gazelle,1
Ge,2
Gea,30
Gecko,98
Gehenna,6
Geisha,5
Gelasia,45
Gelechia,892
Gelsemium,15
Gemma,11
Gems,2
Gen,2
Gena,32
Genesis,2
Genista,763
Genius,1
Gentianella,593
Georgia,41
Geospiza,49
Geranium,2058
Germany,2
Geryon,27
Geum,319
Giardia,39
Gibber,12
Gibbon,1
Gigantopithecus,4
Gila,64
Gimex,2
Ginkgo,126
Ginseng,3
Giraffe,1
Glabella,42
Gladiator,1
Gladiolus,951
Glans,45
Glarus,1
Glauce,2
Glaucidium,146
Glaucoma,60
Glia,6
Globigerina,607
Glochidium,6
Glomerulus,2
Gloria,3
Glossa,2
Glossophaga,57
Glottis,21
Gloxinia,94
Gluma,4
Glycine,372
Gna,1
Gnathic,1
Gnomon,1
Gnu,1
Gnus,21
Godiva,9
Goe,5
Goel,1
Goes,32
Gog,4
Gol,1
Golem,1
Goliath,5
Gomera,1
Gomphosis,1
Gondola,1
Gonga,1
Goniaster,79
Goniatites,483
Gonidium,1
Gonium,37
Gonococcus,1
Gonzaga,10
Gopher,1
Gora,1
Gordon,2
Gorgon,8
Gorgora,2
Gorilla,39
Goura,37
Goya,8
Gracchus,2
Gradus,1
Gram,2
Grammatophyllum,43
Grampus,25
Granada,2
Granadilla,17
Grania,94
Grano,1
Grant,3
Graphium,443
Gras,3
Graus,2
Gregorius,1
Greys,2
Grindelia,336
Grinnellia,6
Grison,8
Gros,3
Grus,104
Guaco,2
Guaiacum,26
Guam,1
Guan,1
Guanaco,1
Guarani,2
Guatemala,2
Guereza,2
Gulex,1
Gus,1
Gutta,1
Gym,1
Gypsophila,429
Gyracanthus,38
Gyrus,1
Haber,12
Hades,6
Haematoxylon,4
Haematozoon,1
Haga,2
Haida,8
Halcyon,203
Haleakala,1
Halmahera,2
Halter,28
Ham,1
Hama,9
Hamartia,4
Hamelia,72
Hamster,5
Hamulus,20
Hamza,6
Han,1
Hanno,2
Harena,1
Harmonicon,5
Hartogia,122
Haruspex,50
Hasta,7
Hathor,1
Haustellum,52
Haustorium,1
Haya,3
Hayata,6
Hea,4
Hebe,264
Hecate,7
Hectocotylus,4
Hecuba,3
Hegira,2
Heike,1
Hekate,2
Helena,12
Heli,1
Helianthus,548
Helices,8
Helicon,1
Heliogabalus,3
Helios,2
Helium,1
Helix,8955
Helle,4
Helvetia,17
Hem,1
Hematites,3
Hemileia,73
Hemophilus,1
Henna,3
Hepatica,82
Hepatitis,1
Hephaestus,17
Hera,4
Heraclea,4
Heracles,1
Here,6
Heres,7
Herma,6
Hermes,47
Hermosa,10
Hernia,3
Hero,4
Herodias,41
Herophilus,1
Herpes,2
Herrera,14
Hertha,11
Hesione,42
Hesperidium,2
Hesperus,261
Hestia,35
Hetaera,9
Heteranthe,1
Hetero,1
Heteromya,1
Heteromys,76
Heterophaga,3
Heterotaxis,25
Heth,20
Hevea,95
Hexagrammos,12
Hiatus,2
Hibachi,2
Hibernia,14
Hibiscus,1507
Hidalgo,3
Hidrosis,3
Hierofalco,26
Hieronymus,2
Hilsa,17
Himalaya,1
Hindu,1
Hinnites,74
Hipparchus,17
Hippocampus,154
Hippocratea,321
Hippocrene,16
Hippolytus,3
Hippopotamus,92
Hispania,2
Hispaniola,1
Hoa,2
Hoff,1
Holes,2
Hollandia,3
Hollandiae,1
Holocephala,1
Holothurian,2
Homo,97
Homunculus,10
Hong,5
Hoops,2
Hora,2
Horologium,2
Horta,2
Horus,11
Hosackia,159
Hosea,4
Houbara,8
Houstonia,161
Hra,3
Hua,22
Hya,5
Hyacinthus,161
Hyades,4
Hyaena,100
Hybris,30
Hydra,169
Hydrangea,402
Hydrastis,7
Hydria,5
Hydrocephalus,9
Hydromedusa,12
Hydrophis,173
Hydropotes,10
Hydrops,16
Hydrous,66
Hydrozoa,3
Hydrus,34
Hyena,8
Hyla,1414
Hylomys,21
Hymenium,1
Hymettus,2
Hyoscyamus,93
Hyperbola,15
Hyperion,5
Hypha,23
Hypnos,6
Hypnum,4131
Hypo,1
Hypocrite,1
Hypoderma,266
Hypodermis,2
Hypostome,2
Hypsiprymnus,24
Hyrax,33
Hyrcania,18
Hys,2
Hysteria,3
Ia,5
Iba,3
Ibarra,2
Iberia,1
Ibex,13
Ibis,105
Icaria,81
Icarus,4
Ichneumon,3322
Ichthyornis,13
Icterus,262
Ictinus,22
Ictonyx,60
Ictus,2
Ida,74
Ide,5
Idea,100
Ido,1
Idolum,3
Idomeneus,1
Idris,158
Ifan,2
Iga,2
Ignatius,2
Ignavia,11
Ignis,4
Iguana,66
Iguanodon,44
Ija,2
Ikeda,3
Ilex,1766
Ilia,15
Ilirundo,1
Illus,3
Illyria,5
Ilocano,3
Ima,4
Imagine,1
Imber,2
Impatiens,1812
Imperator,17
Imperia,1
Impostor,2
Inca,32
Incubus,2
India,5
Indiana,8
Indicator,57
Indonesia,3
Indra,2
Induna,6
Inermia,2
Infundibulum,45
Inhambane,1
Inia,17
Inna,18
Ino,37
Inpa,2
Inquisitor,122
Ins,11
Insignia,18
Insula,3
Inu,4
Investigator,2
Involucrum,1
Io,56
Ioa,2
Ion,3
Iona,2
Ione,53
Ionia,2
Ios,2
Iota,15
Ipa,7
Iphigenia,46
Ipo,17
Ips,302
Iquitos,2
Ira,6
Irate,1
Irene,178
Iria,134
Iridium,2
Iris,1600
Iron,41
Iru,2
Isa,1
Isabel,4
Isabella,5
Isis,60
Iso,7
Isosceles,6
Israelites,2
Issus,137
Ita,14
Ithaca,1
Iti,2
Iulus,403
Iva,59
Ive,3
Ix,2
Ixa,16
Ixia,450
Ixion,4
Iza,16
Izanami,4
Ja,3
Jabiru,7
Jacaranda,143
Jalapa,7
Jalisco,2
Jamaica,2
Janus,29
Japonica,20
Jardine,2
Jarra,7
Jasione,239
Jason,2
Java,23
Jaxartes,13
Jaya,9
Jedda,2
Jerboa,5
Jericho,2
Jia,2
Jim,2
Jinx,1
Joanna,4
Johnsonia,52
Jonas,9
Jones,2
Joppa,251
Jota,1
Juba,10
Julia,11
Juliana,3
Julius,3
Jumbo,1
Junco,55
Juno,105
Justitia,10
Kaala,3
Kabylia,3
Kaffraria,1
Kahua,2
Kairos,2
Kali,48
Kalidasa,10
Kalina,4
Kalmia,54
Kalpa,1
Kaluga,1
Kamala,2
Kana,12
Kanaka,2
Kandelia,6
Kar,2
Kara,8
Karelia,2
Kari,2
Karnes,2
Karsten,3
Kas,1
Katanga,21
Kaya,2
Keitloa,1
Ken,1
Kenema,2
Kenyatta,2
Ker,2
Kerala,9
Kerbela,2
Kermes,112
Kerria,58
Kikongo,4
Kinkajou,2
Kiwi,1
Klebsiella,23
Knightia,18
Knysna,6
Koala,2
Kochi,1
Kokia,11
Kola,1
Kraken,1
Krishna,1
Kronos,2
Kua,2
Kuala,4
Kukalova,3
Kut,1
Kylix,12
Kyphosis,3
La,6
Lab,1
Labia,139
Labium,34
Lablab,33
Labrum,1
Laburnum,50
Lacerta,1016
Laches,9
Lachesis,85
Lachnostema,1
Lacinia,6
Laconia,1
Lactobacillus,207
Lacuna,147
Ladanum,9
Lade,1
Lado,11
Ladoga,24
Lae,2
Laertes,1
Laertiades,1
Lagena,1332
Lagos,1
Lagostomus,59
Laguna,16
Laius,174
Lala,2
Lam,4
Lama,61
Lamella,4
Lamia,514
Lamina,8
Lamonte,1
Lamp,1
Lampas,9
Lampedusa,16
Lams,1
Lana,5
Lands,1
Lanes,3
Langaha,11
Lanka,7
Lantana,569
Lanugo,21
Laocoon,3
Laodicea,21
Lapsus,3
Lar,5
Lara,14
Larentia,558
Laris,6
Lars,4
Larva,6
Laser,13
Lass,20
Lassa,19
Latina,1
Latium,1
Latona,17
Latrodectus,112
Laura,9
Laurasia,2
Laverania,5
Lazarus,1
Lea,5
Leander,128
Lecanium,384
Leda,663
Leersia,119
Leila,10
Leis,45
Leishmania,47
Lem,1
Lema,1111
Lemma,3
Lemniscus,3
Lemoinei,1
Lemon,2
Lempira,4
Lemur,112
Lena,4
Lenka,2
Lens,53
Lenticularis,1
Lentigo,4
Lento,26
Leo,20
Lepidodendron,10
Lepidosiren,10
Lepidosis,2
Lepidotes,34
Lepidus,1
Lepto,16
Lepton,68
Leptosphaeria,1643
Lepus,658
Lethe,299
Lethocerus,40
Letia,1
Leto,5
Letups,1
Leucas,360
Leucifer,7
Leucippus,12
Leucoma,87
Leucosticte,52
Leuctra,313
Leva,31
Leviathan,3
Lewisia,76
Lexis,6
Lia,42
Liana,2
Libia,1
Libido,5
Libra,4
Libya,1
Lichen,1991
Liger,2
Ligula,62
Ligustrum,338
Lilac,21
Lile,6
Lima,849
Limas,2
Limma,4
Limon,5
Limulus,65
Linda,79
Linea,2
Lingo,1
Linnaeus,2
Linsang,4
Linter,1
Linum,827
Lio,3
Liquidambar,46
Lira,1
Liriodendron,31
Lisa,1
Lista,16
Litchi,11
Lithium,7
Litho,1
Litiopa,33
Litotes,2
Litsea,825
Lituola,88
Lituus,7
Livistona,99
Livonia,10
Liza,84
Llama,3
Lo,5
Loa,2
Lobelia,1792
Lobularia,133
Lochia,7
Locris,132
Loella,1
Lois,1
Loja,4
Loki,3
Lomax,2
Lon,8
Lophiomys,11
Lophortyx,36
Lorica,15
Loris,28
Lorius,57
Loro,1
Lota,35
Lothario,2
Lotus,747
Lou,1
Loxodonta,43
Loy,4
Loyola,6
Lua,2
Lubra,2
Luca,2
Lucania,9
Lucifer,26
Lucilius,3
Lucina,858
Lucio,28
Lucullus,2
Luffa,79
Luira,1
Lumpen,1
Lunetta,1
Lunula,1
Lupercalia,2
Lupus,8
Lusatia,1
Lusitania,2
Luta,1
Lux,3
Luzuriaga,19
Lybia,12
Lycaon,61
Lychnis,296
Lycia,35
Lycopodium,1380
Lycosa,609
Lycurgus,16
Lyda,161
Lyde,3
Lydia,11
Lymantria,399
Lymnaea,601
Lynx,95
Lyra,5
Lysias,9
Lysis,17
Lyssa,20
Lytta,344
Maana,6
Maba,204
Mac,3
Macaco,2
Macadamia,27
Macao,2
Macedonia,1
Macro,5
Macrobiotics,7
Macrobius,3
Macron,15
Macula,1
Madera,2
Maderia,5
Madura,10
Maecenas,1
Maes,2
Mafia,2
Magallanes,4
Magdalena,2
Magma,2
Magnolia,846
Magog,2
Magus,3
Maia,55
Mais,1
Major,2
Maki,5
Mala,4
Malacobdella,17
Malax,1
Malaya,14
Malleco,2
Malleolus,2
Malleus,46
Malo,6
Mama,3
Mamma,9
Mammilla,21
Mammonteus,3
Manaia,2
Manana,5
Manaos,1
Mandala,4
Mandola,6
Mandragora,24
Mandrill,1
Manengouba,1
Manes,3
Manga,9
Mangle,1
Mania,27
Manilla,23
Manipulator,2
Manna,6
Manoa,4
Manta,15
Mantis,366
Mantissa,1
Mantra,2
Mantua,2
Mara,4
Maraca,5
Maracanda,19
Marcelia,2
Marengo,9
Margarita,369
Margay,3
Marginalia,6
Maria,8
Maries,2
Marimba,8
Marina,54
Mariola,2
Mariposa,16
Marius,5
Marks,1
Marmara,28
Marnia,4
Marolda,1
Mars,6
Marsupium,1
Martha,5
Martyr,3
Mary,1
Mas,2
Mastodon,130
Masuria,31
Matabele,4
Mathesis,3
Mathura,2
Matilda,2
Matrix,2
Mauna,17
Maurya,17
Maximus,1
May,5
Maya,8
Mazama,97
Mazuca,9
Mea,5
Medan,4
Medea,8
Media,4
Mediator,1
Medina,52
Medium,8
Medius,8
Medusa,142
Meg,1
Megaera,19
Megalocardia,2
Meganeura,13
Meganthropus,2
Megara,1
Meghalaya,3
Mei,2
Meiosis,2
Melaleuca,782
Melanesia,10
Melanin,2
Melanoma,1
Melanoplus,612
Melanosis,1
Melba,43
Meleager,1
Melee,2
Meliacea,3
Melinda,86
Meloe,305
Melon,1
Melos,1
Melospiza,75
Melpomene,64
Melursus,10
Memnon,1
Memnonium,7
Memphis,49
Menander,22
Mendoza,22
Mene,15
Menes,1
Menis,2
Meniscus,42
Menton,1
Mephitis,121
Mercia,1
Merganser,20
Meridion,69
Merriam,1
Mesa,22
Mesopotamia,1
Meta,73
Metacercaria,30
Metalepsis,8
Metaplasia,7
Methane,1
Methone,10
Metope,3
Metopon,21
Mexia,2
Mexicana,6
Mexico,3
Mezereum,2
Miami,1
Miasma,3
Mica,7
Michaela,1
Michener,1
Miconia,2699
Micra,22
Micrampelis,35
Micro,8
Micrococcus,59
Microfilaria,109
Micromelus,9
Micron,3
Microphthalmia,1
Microphthalmos,2
Microsauria,4
Microtia,8
Microtome,7
Midas,88
Mikado,5
Mike,3
Miletus,167
Miliaria,15
Militia,2
Milium,200
Milne,3
Mimas,6
Mimosa,2133
Mina,42
Minerva,4
Mines,2
Minimus,2
Minion,1
Minium,2
Minos,2
Minus,1
Minutia,2
Mira,15
Mirador,3
Miranda,11
Mirza,3
Miscellanea,27
Mithras,18
Mitra,1604
Miura,2
Mixtec,2
Mneme,1
Mnemosyne,54
Mnium,639
Moa,1
Mobula,29
Moca,49
Modiolus,365
Modulus,56
Mojo,2
Mola,21
Molina,45
Moloch,3
Moly,4
Mombasa,2
Momentum,2
Momot,1
Momotus,68
Moms,2
Momus,1
Mona,3
Monarda,148
Monas,107
Mondo,40
Mongo,5
Mongolia,2
Monia,22
Monica,4
Monitor,57
Monoceros,71
Monoclonius,19
Monocyclica,2
Monongahela,4
Monopteros,2
Monostome,1
Monostomum,67
Montana,30
Montezuma,5
Moorea,12
Mora,16
Moravia,9
Mordella,297
Morea,11
Moreno,7
Morion,72
Mormon,17
Morns,1
Morocco,1
Moron,2
Morone,27
Morpheus,1
Morris,1
Morta,1
Morula,86
Mosasaurus,59
Mossman,2
Motmot,3
Moya,5
Mua,2
Mucha,4
Mucor,690
Mucus,1
Mulciber,18
Multi,1
Multiplex,1
Munda,36
Murcia,57
Murex,1918
Murmur,2
Mus,1223
Musa,492
Musca,1702
Musea,2
Musica,1
Mutate,1
Mutisia,251
Mya,243
Myall,2
Mycelia,1
Mycobacterium,169
Mydaus,18
Myiarchus,136
Mylitta,15
Myopia,2
Myosolis,1
Myosotis,640
Myra,50
Myrica,226
Myriotrichia,17
Myrmidon,1
Myron,5
Mysia,41
Nacelle,1
Naevus,8
Naiades,4
Nalepa,1
Nama,291
Namibia,7
Nan,1
Nanna,37
Naos,2
Napoleon,2
Nara,2
Narcissus,1014
Nardo,1
Narita,8
Narthecium,29
Narthex,4
Narum,1
Narwhal,1
Nasa,149
Nason,1
Nasturtium,398
Nat,3
Natalina,35
Natator,4
Nauplius,39
Nautilus,901
Navasota,10
Navigator,5
Nea,6
Nebo,14
Nebula,10
Necrosis,1
Nectandra,435
Negus,7
Nele,2
Nematodes,18
Nemesis,22
Nemichthys,16
Nemopanthus,13
Neo,2
Neobalaena,4
Neogea,8
Neogene,12
Neon,33
Neoptolemus,4
Nepal,5
Nephridia,2
Nephron,3
Nephrosis,2
Nereus,3
Nerites,3
Neruda,1
Nerva,1
Nes,2
Nesokia,38
Nessa,5
Nessus,1
Nesta,5
Nestor,18
Neurasthenia,1
Nevada,2
Nevis,1
Nexus,2
Ngoma,2
Nia,7
Nicaea,2
Niche,1
Nicias,3
Nicola,2
Nicolaus,29
Nicolina,1
Nicotiana,404
Nicotine,1
Nicoya,2
Nidus,4
Niger,1
Nigeria,3
Nihon,6
Nimbus,17
Nina,23
Ninurta,2
Niobe,67
Niobrara,1
Nipa,14
Nirvana,14
Nishida,2
Nisso,1
Nisus,57
Nites,6
Nix,2
Noctiluca,13
Noda,61
Nodua,1
Nodus,7
Nok,1
Nona,2
Nonion,415
Norma,1
Norton,2
Norumbega,2
Nosema,383
Nossa,8
Nostoc,322
Notabilia,1
Notelaea,50
Notidanus,48
Notiosorex,12
Notorious,1
Notornis,8
Notus,44
Noumea,38
Novella,18
Novia,2
Nox,2
Nucida,2
Nucleolus,3
Nucleus,1
Numerous,2
Numidia,2
Nun,2
Nuncia,84
Nutria,1
Nuttallia,90
Nux,4
Nya,1
Nyala,1
Nyaya,9
Nympha,1
Nymphon,402
Nystagmus,2
Nyx,4
Oa,3
Oar,6
Oaxaca,3
Oberon,2
Obia,2
Obolus,80
Obsoletes,44
Oceana,2
Oceania,74
Oceanus,4
Ocosingo,6
Octavia,3
Octopus,374
Oculus,3
Ocypoda,72
Ocypode,92
Oda,2
Odetta,28
Odo,28
Odobenus,20
Odontia,303
Odysseus,2
Oedema,2
Oedipus,79
Oenone,45
Ofelia,1
Off,1
Oia,5
Oidium,505
Ois,1
Ojeda,2
Okapi,1
Ola,3
Oldhamia,6
Oleander,3
Oleaster,2
Olin,2
Olive,1
Olla,32
Olus,1
Olympia,7
Oma,4
Oman,2
Omega,2
Ommatidium,1
Omphale,274
Omura,3
Ona,3
Onager,12
Oncorhynchus,130
Ondatra,42
Onega,11
Oneida,6
Onofre,4
Onondaga,1
Onus,19
Onyx,25
Oops,2
Opa,7
Ophidian,5
Ophiuchus,8
Ophiuroid,2
Ophthalmitis,44
Opossum,2
Ops,18
Opuntia,1636
Ora,74
Oralia,4
Orbiculoidea,166
Orbitolites,100
Orchestia,169
Orcus,34
Oreopithecus,2
Orestes,20
Orion,11
Orium,2
Orizaba,2
Orna,10
Ornithorhynchus,17
Orontes,2
Orpheus,23
Orthagoriscus,16
Oryx,49
Osa,7
Osaka,4
Osiris,49
Osmunda,195
Ossa,5
Osteoglossum,18
Osteolepis,18
Ostertagia,29
Otidia,11
Otina,6
Otis,83
Otitis,1
Otoliths,2
Ova,9
Ovum,6
Oxalis,2112
Oxus,29
Oyama,5
Ozaena,56
Paa,45
Pabulum,1
Pachydermia,3
Pachyma,6
Pachysandra,25
Padus,138
Pae,9
Paean,1
Paeon,11
Pagoda,1
Pais,7
Pal,1
Paladin,45
Palaestra,3
Palestrina,1
Pallas,1
Pallium,13
Palma,31
Palmar,4
Palmyra,12
Pampa,43
Pampas,2
Pamplona,5
Pan,57
Panacea,17
Panama,2
Pancratium,166
Panda,12
Pandanus,1455
Pandarus,60
Pandemonium,3
Pandora,161
Panel,1
Pangolin,1
Pannonia,1
Pantheon,1
Panther,1
Pants,3
Pao,16
Pap,2
Papa,2
Papaya,48
Papilla,11
Papilloma,2
Papillon,3
Pappus,39
Papua,2
Papyrus,27
Par,9
Para,8
Paraba,17
Parabasis,3
Parabola,2
Paracephalus,2
Paraglossa,5
Paralysis,1
Paramatta,2
Paramecium,135
Paramo,4
Paramoecium,17
Parana,6
Parapodium,5
Paratype,6
Parce,2
Pareira,2
Paria,64
Pariah,2
Parilia,7
Paris,146
Parish,1
Parisis,19
Park,1
Parka,4
Parma,16
Parnassus,1
Paronychia,443
Parosela,363
Parthenope,109
Parthenos,37
Parthia,2
Parts,1
Parvati,1
Passa,2
Passer,239
Passerine,1
Passus,7
Pastor,49
Patagium,4
Patagonia,12
Patella,1051
Pater,1
Patina,13
Patroclus,6
Patter,1
Patu,20
Paula,2
Pauline,3
Paulownia,36
Paura,3
Pavo,22
Paw,1
Paxton,2
Pay,1
Peba,3
Pecten,2464
Pectin,1
Pedicellaria,23
Pedioecetes,13
Pegasus,18
Pela,2
Pelargonium,1694
Pelias,29
Pelion,4
Pella,68
Pelops,37
Peloria,10
Pelorus,2
Pemba,10
Pemphigus,286
Pena,1
Penates,1
Pendragon,1
Penelope,101
Peneus,32
Penguin,1
Penicillium,1340
Penis,1
Penna,3
Pennon,6
Penstemon,1031
Pentastomum,41
Penthestes,17
Pentheus,2
Pentstemon,12
Penza,1
Peoria,32
Peplum,2
Pera,84
Perea,1
Pereira,1
Perforates,7
Peri,1
Peridinium,1081
Peridium,26
Perinea,2
Peristoma,6
Peristomium,5
Periwinkle,2
Perk,1
Perla,324
Pero,224
Peropus,21
Perro,6
Perse,8
Persephone,2
Perseus,4
Persia,4
Persis,14
Persona,10
Peru,3
Perugia,2
Pesotum,20
Petasus,7
Petta,10
Petula,2
Petunia,110
Phacochoerus,44
Phaeacia,1
Phaedra,7
Phaedrus,1
Phaestus,9
Phaeton,21
Phalanger,77
Phalarope,1
Phallus,169
Pharsalus,2
Phasia,239
Phasis,42
Phidias,1
Phila,14
Philae,1
Philander,41
Philemon,92
Phillis,1
Philoctetes,14
Philodendron,1025
Philodina,82
Philohela,4
Phlebodium,44
Phlegm,1
Phlox,550
Phlyctena,3
Phoebe,308
Phoebus,2
Phoenicia,2
Phoenix,89
Phora,436
Phos,187
Phosphorus,16
Phrixus,7
Phrygia,7
Phu,1
Phyla,64
Phyle,15
Phyllocladia,1
Phyllode,1
Phylloscopus,324
Phylloxera,152
Physcia,1735
Physic,4
Phytophthora,302
Pia,2
Pic,1
Pica,122
Picas,1
Piccola,9
Piccolo,2
Pieria,3
Pignus,4
Pika,2
Pilbara,3
Pileus,6
Pilocereus,220
Pima,11
Pina,1
Pindus,2
Pinero,2
Pinna,406
Pinon,1
Pinta,1
Pion,11
Pious,1
Piper,5122
Pipilo,120
Piras,3
Piricularia,14
Pisa,66
Piscator,3
Pit,2
Pita,2
Pitanga,1
Pitcairnia,782
Pithecanthropus,5
Pitta,219
Pixie,1
Placenta,16
Plan,2
Plana,6
Planula,2
Plasmodium,189
Plat,3
Plata,1
Plataea,12
Plater,3
Plato,10
Platy,2
Platyope,31
Platypus,1120
Platysma,510
Plautus,6
Plea,49
Plebs,35
Plecoptera,92
Plecotus,95
Pleuropneumonia,1
Plexus,2
Plica,18
Plumbago,82
Pluto,68
Plutonium,3
Plutus,1
Poa,3263
Podagra,2
Podia,2
Podium,70
Pogonia,181
Poinciana,42
Poinsettia,47
Pol,1
Pola,1
Polenta,2
Polio,3
Polities,5
Pollux,2
Poly,1
Polyadelphia,1
Polyanthus,2
Polybius,13
Polycrates,15
Polygnotus,47
Polymorphic,2
Polymorphism,2
Polynesia,5
Polynices,36
Polyphemus,29
Polyphone,1
Polypus,76
Polyzoa,35
Pom,1
Pomerania,4
Pons,3
Pontanus,6
Pontes,3
Pontifex,2
Pontus,1
Poole,1
Porphyria,66
Porta,5
Porter,2
Portulaca,547
Poseidon,5
Post,1
Potamogale,4
Potentilla,3060
Potoroo,1
Potos,33
Potto,3
Prague,1
Praia,2
Prajna,2
Pram,1
Prana,1
Praxis,13
Precis,134
Precursor,7
Pretoria,4
Pretorius,2
Pri,1
Priapus,12
Prima,4
Primavera,1
Primula,1944
Primus,3
Princeps,46
Prionops,40
Prionus,420
Priscilla,3
Pristine,2
Pro,4
Proa,2
Probative,1
Problema,6
Proboscis,4
Procne,1
Proconsul,8
Procopius,17
Procrustes,105
Proctor,1
Procyon,93
Products,21
Proetus,506
Proglottis,1
Prolepsis,23
Prom,1
Prometheus,7
Pronuba,8
Prop,1
Propertius,4
Propithecus,40
Propolis,100
Propylaea,6
Proserpina,25
Prosopon,71
Prostheca,1
Prosthesis,1
Protasis,2
Protaspis,38
Proteides,116
Proteus,125
Protium,303
Proton,2
Protonema,6
Protozoon,2
Prunella,229
Psalter,1
Psetta,9
Pseudaxis,2
Pseudechis,36
Pseudo,12
Pseudochrysalis,2
Pseudonymous,1
Psithyrus,515
Psoas,2
Psyche,211
Pteranodon,20
Pteris,1379
Pterocles,80
Ptilocercus,6
Ptinus,234
Pua,3
Puce,1
Puck,2
Pudendum,2
Pudicitia,2
Puebla,3
Puff,2
Pulsellum,27
Pulvinus,3
Puma,100
Punta,2
Pupa,1298
Puri,2
Purpura,601
Purusha,7
Puto,77
Pycnidium,1
Pydna,30
Pygidium,83
Pyrameis,104
Pyramidella,217
Pyramidon,2
Pyrene,147
Pyrethrum,446
Pyrope,1
Pyrosis,12
Pyrrha,6
Pyrrhuloxia,10
Pythia,80
Python,100
Pyxidium,48
Pyxis,10
Qia,2
Qii,1
Qu,1
Quagga,1
Quasi,2
Quassia,58
Quathlamba,2
Quechua,9
Queda,4
Queria,11
Quesada,4
Questa,11
Questo,2
Quirinus,1
Ra,3
Rabirubia,2
Rachis,59
Rachycentron,6
Rad,1
Radiolaria,8
Radium,2
Radius,10
Radix,210
Radula,400
Raffia,2
Rafflesia,55
Rai,1
Rail,1
Raja,416
Rak,3
Rama,11
Rana,1671
Rancagua,5
Randalia,7
Ranis,4
Ranna,2
Ranunculus,4912
Rao,2
Rapa,20
Raphiolepis,2
Raptor,2
Rasbora,179
Rasia,3
Rata,3
Rauwolfia,16
Ravenna,8
Rea,16
Rebecca,3
Rebel,1
Redivivus,1
Regalia,17
Regin,1
Regina,20
Regulus,114
Reinwardtia,20
Remex,2
Remit,1
Remora,10
Remus,10
Reo,3
Republica,4
Reseda,371
Resto,1
Retiarius,5
Reticella,3
Reticulum,9
Retina,10
Rex,1
Rhabdopleura,25
Rhachis,31
Rhadamanthus,22
Rhaetia,1
Rhea,27
Rhesus,5
Rheum,138
Rhinoceros,181
Rhizobium,58
Rhizoctonia,146
Rhode,11
Rhodes,1
Rhodesia,8
Rhododendron,3189
Rhombus,96
Rhonchus,1
Rhopalium,1
Rhus,938
Ricine,1
Rickettsia,29
Rictus,1
Riga,2
Rigel,2
Rila,1
Ringaringa,2
Rio,2
Rioja,2
Rissoa,1128
Rita,18
Rivera,1
Roa,8
Robbia,8
Robert,3
Robinia,230
Roche,2
Rodina,1
Roger,3
Rogers,1
Roma,1
Romania,3
Romulus,2
Ronco,2
Roraima,2
Rosa,4094
Rosalia,148
Rosana,1
Rosario,2
Roscius,19
Rosenbergia,78
Rosetta,3
Rosinante,1
Rostellum,2
Rot,4
Rota,4
Rotifer,30
Rotunda,2
Rox,2
Rubeola,6
Rubes,2
Rudbeckia,208
Ruellia,1068
Russia,1
Ruthenia,8
Rya,2
Saavedra,2
Saba,9
Sabadilla,8
Sabia,119
Sabra,8
Sabula,2
Sacandaga,8
Sacculus,7
Saga,47
Sagitta,155
Sagittarius,2
Sago,1
Sagra,105
Saida,16
Saiga,17
Saintpaulia,47
Sais,24
Saiva,17
Saki,1
Sala,5
Salamandrina,5
Salamis,34
Salaries,3
Salina,101
Salmonella,30
Salpa,141
Salpiglossis,37
Salpinx,27
Salta,2
Salvia,2738
Sama,2
Samara,43
Samaria,7
Samba,13
Samoa,4
Samuela,4
Sanctum,1
Sanctus,2
Sanda,1
Sander,12
Sandrocottus,1
Sanguinaria,25
Santa,2
Santiago,3
Santonica,2
Sao,6
Sapajou,4
Sapota,41
Sara,2
Saragossa,9
Sarasota,4
Sarcorhamphus,12
Sardinia,11
Sardis,2
Sardius,3
Sargassum,954
Sarmatia,23
Sarna,3
Sarpedon,4
Sarracenia,160
Sarsaparilla,2
Sartor,4
Sas,4
Sasa,801
Sassafras,31
Sat,2
Satan,2
Satsuma,182
Saturnalia,2
Saul,4
Sava,3
Savina,2
Say,1
Scabies,11
Scala,375
Scalenus,15
Scales,3
Scandia,12
Scandium,2
Scaphander,124
Scaphiopus,57
Scapula,19
Scarabaeus,1314
Sceloporus,338
Scena,3
Schema,8
Schinus,265
Schipa,1
Schistocephalus,19
Schistosoma,20
Schizotrypanum,8
Scilla,620
Scintilla,117
Scipio,5
Scissor,2
Sclerodema,1
Scleroderma,224
Scleroma,2
Scolex,27
Scopas,2
Scopelus,132
Scopolia,80
Scopula,1020
Scorcher,1
Scoria,13
Scorpio,152
Scorpion,1
Scorpius,32
Scotia,139
Scrinium,19
Scudder,1
Scutum,8
Scylla,27
Scyphistoma,4
Scyphozoan,1
Scyphus,1
Scythia,7
Sebastodes,122
Sedilia,6
Sedum,2149
Seena,2
Segura,2
Seiurus,29
Selaginella,1919
Selene,24
Seleucia,1
Sells,1
Selon,1
Semele,212
Semen,4
Semiramis,2
Semolina,2
Senator,1
Senega,2
Senna,597
Sepia,295
Sepsis,345
Septa,28
Septoria,3039
Sequoia,21
Ser,2
Serapis,2
Serena,4
Seria,1
Serious,1
Serpens,2
Serval,1
Servitor,1
Ses,2
Sesquialtera,5
Seta,1
Setophaga,181
Severus,2
Shaitan,2
Shako,2
Sharon,1
Sheba,1
Shigella,5
Shiva,1
Shorea,359
Sia,8
Siberia,2
Sic,1
Sicilia,1
Side,3
Sierra,1
Sigma,2
Sign,1
Sika,47
Silesia,2
Siliqua,47
Silo,36
Silures,1
Silva,1
Silvan,1
Silvanus,78
Sima,65
Simarouba,25
Simla,2
Simo,11
Simpulum,21
Simulator,2
Sinaloa,11
Sinatra,2
Sinica,4
Sio,3
Sion,1
Sipes,1
Siphon,1
Siphonaptera,8
Siphonaria,246
Siphonium,18
Siren,28
Sirius,9
Sistrum,50
Sistrurus,26
Sisyphus,162
Sita,2
Situla,9
Situs,2
Siva,36
Ska,2
Skimmia,61
Slater,1
Smarts,3
Smilax,955
Sminthurus,297
Smyrna,10
Soa,9
Socorro,2
Socotra,2
Soda,17
Sofia,9
Sogdiana,1
Sokotra,1
Sol,2
Solanum,6034
Solarium,344
Solatium,1
Solenostomus,19
Solidago,994
Solus,13
Somalia,4
Somateria,42
Sonata,11
Sonora,35
Sophia,84
Sophrosyne,15
Sora,25
Sorella,9
Sorer,2
Sorghum,732
Sorites,15
Sors,2
Sousa,15
Souza,3
Spadix,3
Spandex,2
Sparta,1
Spartacus,11
Spathe,5
Spatula,25
Spectrum,24
Speculator,2
Speculum,1
Speos,1
Spermophile,1
Spex,1
Sphaeralcea,280
Sphagnum,3522
Spheroids,3
Spherula,1
Sphinx,621
Spica,7
Spiculum,2
Spilogale,70
Spin,1
Spinier,1
Spinifex,16
Spinoza,3
Spiraea,830
Spirillum,29
Spirogyra,844
Spirosoma,8
Spirula,23
Spizella,42
Spondylus,438
Sponsor,138
Sporades,12
Sporangium,1
Spree,1
Squama,4
Stanhopea,244
Staphylococcus,91
Stator,16
Stegodon,34
Stella,10
Stemma,3
Stems,5
Stenosis,88
Stentor,90
Stephanotis,22
Stereopsis,23
Sterigma,12
Stern,1
Sterna,318
Sternal,1
Stigma,5
Stilophora,30
Stoa,5
Stoliczka,3
Stoma,2
Strabo,3
Stramonium,13
Strata,2
Stratus,6
Streptococcus,133
Strobila,10
Stromboli,2
Strong,3
Strophanthus,155
Struma,1
Stubble,1
Stupa,1
Stylus,4
Styrax,480
Styria,1
Styx,3
Sua,2
Subclimax,1
Suberites,217
Sudra,5
Sulcus,2
Sulla,14
Sultana,22
Sumatra,2
Sumba,8
Sumeria,5
Suricata,18
Sus,314
Susa,8
Susanna,4
Sutra,1
Sva,2
Swan,2
Sybaris,3
Sybr,1
Syllepsis,1
Sylvanus,16
Symbion,3
Symphonia,49
Symploce,191
Synapsis,35
Syncope,9
Synecdoche,23
Syngnathus,306
Synopsis,3
Syria,19
Syringa,273
Syrinx,31
System,3
Systole,47
Tabebuia,300
Tachyglossus,34
Tachyon,1
Tacitus,2
Tacoma,2
Tacsonia,112
Taenia,485
Taenidia,12
Tagalog,5
Tagua,2
Taita,4
Talara,56
Talavera,24
Talca,4
Talia,7
Talipes,1
Talisman,5
Talitha,5
Talos,2
Talus,1
Tamandua,42
Tamarin,1
Tamera,1
Tampa,3
Tan,4
Tana,7
Tanada,1
Tanagra,278
Tandilia,24
Tanga,1
Tanoa,1
Tantalus,53
Tanzania,7
Taonurus,4
Tapajos,2
Tapir,11
Tar,1
Tara,14
Tarantula,30
Taraxacum,3605
Tarentola,108
Tarka,2
Tarpon,3
Tarsalia,16
Tarsia,1
Tarsier,2
Tarsonemus,51
Tarsus,1
Tartar,1
Tartare,4
Tartarus,5
Tasmania,2
Tat,3
Tau,1
Taurus,4
Taxes,1
Tayassu,31
Tayra,11
Tea,13
Tectrix,1
Tehama,3
Telamon,1
Telegonus,119
Teleia,44
Telemachus,3
Telephone,4
Telescopium,16
Tella,1
Telleria,7
Telson,3
Templar,2
Tendrac,1
Tenedos,46
Tenia,3
Tenor,2
Tenrec,7
Tenuis,1
Teredo,294
Tereus,2
Teria,2
Terminalia,658
Terminator,3
Terminus,2
Terpsichore,89
Terra,9
Tessera,2
Testudo,685
Tetra,38
Tetrahymena,51
Teucer,7
Texas,2
Thais,228
Thalamus,2
Thalassochelys,19
Thalia,76
Thamnophis,204
Thanatos,1
Thapsus,16
Tharsis,11
Theca,28
Thema,4
Themis,4
Themistocles,1
Theodora,8
Theresa,2
Theresina,3
Thereupon,1
Therium,1
Thermes,1
Theron,2
Thersites,67
Thesaurus,3
Theseus,3
Theta,12
Thetis,22
Thisbe,19
Thoa,50
Thor,20
Thorax,3
Thoria,21
Thoron,11
Thos,14
Thoth,6
Thrace,1
Thrips,637
Thrombus,10
Thuja,133
Thuya,5
Thyestes,6
Thymus,1970
Thyrsus,3
Tia,3
Tiana,2
Tiara,58
Tiberius,3
Tibia,47
Tiger,3
Tillandsia,1889
Tinamou,1
Tinea,1624
Tintinnabulum,1
Tiresias,11
Tisa,2
Tisiphone,21
Titan,1
Titania,5
Titanic,1
Tithe,5
Tithonus,17
Titus,2
Tityus,284
Tobias,20
Todos,1
Toga,7
Togo,4
Tole,16
Tolono,5
Toluca,9
Toma,2
Tonga,21
Tonna,94
Tor,55
Tormentum,3
Torna,1
Torpedo,77
Tortilla,2
Touraco,4
Townsendia,101
Trachea,114
Tracheitis,4
Trachoma,23
Tradescantia,432
Tragopan,16
Tragus,60
Transcaucasia,3
Trapezium,44
Trepang,6
Treponema,29
Tri,1
Triceratops,27
Trichina,37
Trichomonas,176
Trichonympha,44
Trichoplax,5
Triclinium,3
Trifolium,1608
Triga,4
Trigon,4
Trilemma,13
Trillium,295
Trilobites,70
Trilophodon,49
Trim,2
Trimeresurus,208
Trinucleus,112
Triplex,16
Tripos,214
Trips,3
Triptolemus,6
Tripura,2
Triskelion,1
Tristan,1
Trite,27
Triton,533
Triturus,216
Triuris,13
Trivia,217
Tro,2
Trochilus,462
Troglodyte,1
Trogon,180
Trombidium,230
Trompe,2
Trona,15
Tru,1
Try,2
Trypa,1
Tsukada,2
Tua,1
Tuba,51
Tuber,347
Tubulipora,208
Tucana,1
Tugurium,15
Tula,5
Tulip,1
Tulostoma,275
Tulsa,5
Tumor,2
Tumulus,2
Tunis,8
Tunisia,4
Tupaia,172
Tupelo,1
Tur,8
Turaco,2
Turnera,344
Turns,3
Turrilites,120
Turus,1
Tuscarora,7
Tutankhamen,4
Tutor,3
Tuxedo,9
Ty,2
Tya,2
Tyche,11
Tylosis,34
Tylosurus,60
Tympanites,2
Tyndareus,3
Typhoeus,8
Typhon,1
Typhus,1
Tyro,9
Tyson,2
Tyz,1
Ua,2
Uba,2
Uber,31
Uca,219
Uchida,4
Ucla,4
Uda,2
Ufa,5
Ufo,1
Uga,8
Uganda,5
Uinta,2
Ula,42
Ulema,2
Ulna,2
Ulysses,1
Uma,16
Umbellularia,12
Umber,1
Umbilicaria,552
Umbilicus,123
Umbra,20
Umbrella,18
Umbria,2
Una,9
Unadilla,9
Unas,5
Uncinus,7
Ungula,10
Unica,1
Unico,1
Unicorn,8
Union,1
Upa,1
Uraeus,14
Urana,3
Urania,35
Uranus,1
Uredo,2422
Urus,3
Usia,86
Usita,1
Uta,76
Utah,3
Ute,22
Utica,13
Utopia,3
Uva,81
Uvea,1
Uxa,2
Vaccinia,1
Valdivia,30
Valencia,9
Valenciennes,1
Valera,2
Valgus,96
Valkyria,2
Valletta,3
Vallisneria,59
Valonia,54
Valpara,2
Vancouveria,15
Vanda,231
Vanilla,250
Vara,2
Varia,4
Varicella,168
Variola,9
Varix,2
Varna,3
Varuna,13
Varus,8
Vas,3
Vasco,2
Vasculum,2
Vateria,38
Vedalia,4
Vega,4
Vela,4
Velamen,2
Velocipede,1
Velum,1
Vena,1
Ventana,2
Ventania,2
Ventriculus,5
Venus,1301
Veo,2
Vera,2
Verbascum,1388
Verbena,932
Verger,23
Verma,5
Vermis,2
Veronese,1
Veronica,1840
Verruca,74
Vertebral,1
Vertex,4
Vertigo,433
Vertumnus,7
Vesica,3
Vesper,7
Vesta,78
Vestibulum,2
Veto,2
Vex,2
Vexillum,615
Via,2
Viator,3
Vibrio,186
Viburnum,858
Victor,1
Victoria,50
Vide,1
Vieja,27
Vigil,1
Vigilius,2
Vila,11
Villa,376
Villanova,16
Ville,1
Vimen,26
Vinculum,5
Viola,3387
Viper,4
Vir,9
Virago,2
Vireo,222
Virga,17
Virginia,10
Virgo,6
Virilia,5
Vis,1
Visaya,3
Vitalis,1
Vitellus,4
Vitria,1
Vitta,28
Viva,1
Vivi,3
Viviparous,3
Vix,3
Vizcaino,2
Vladimir,1
Voglia,2
Volga,1
Volva,39
Volvox,171
Volvulus,46
Vomer,33
Vortex,121
Vorticella,448
Votyak,1
Vox,2
Vulpanser,3
Vulpecula,15
Vulture,1
Vulva,1
Wak,7
Waki,2
Wakulla,2
Waldo,6
Wallace,3
Wam,1
Wanderer,2
Warrumbungle,2
Wei,1
Weigela,75
Williamsonia,6
Winona,2
Wisteria,60
Withania,72
Woodsia,184
Wulfila,52
Xanthippe,1
Xanthomonas,41
Xanthoura,10
Xanthus,4
Xavier,1
Xema,34
Xenarthra,3
Xenia,117
Xenophanes,4
Xenopsylla,121
Xerus,56
Xia,1
Xim,2
Xuthus,1
Xya,77
Xylo,1
Xylocopa,641
Xyo,1
Xyster,2
Yak,1
Yama,2
Yamada,1
Yan,3
Yarra,3
Yea,1
Yhi,2
Yia,2
Yin,1
Ynx,1
Yoruba,3
Ytu,21
Yua,7
Yucca,476
Yukon,1
Yulong,2
Yuma,1
Zaa,2
Zacatecas,2
Zacynthus,6
Zagreus,1
Zama,3
Zamboanga,1
Zamenis,90
Zamia,281
Zamora,3
Zanthoxylum,813
Zapata,5
Zaphrentis,158
Zby,2
Zea,148
Zebra,30
Zebu,1
Zelkova,26
Zella,2
Zen,4
Zenobia,24
Zephyranthes,295
Zephyrus,108
Zeta,22
Zeugma,16
Zeus,57
Zeuxis,30
Zev,1
Zia,16
Ziminia,3
Zinnia,88
Zoantharia,5
Zoe,3
Zoila,88
Zomba,4
Zoochlorella,4
Zoogloea,8
Zoroaster,51
Zu,4
Zua,24
Zygosis,4
Zyx,2
