aa,5
aaa,2
aar,1
aaron,1
aba,10
abaca,6
abacus,13
abaddon,3
abba,3
abbe,1
abbot,1
abdominis,4
abductor,1
abeokuta,1
aberdare,1
aberdeen,1
abiathar,1
abietis,286
abigail,2
abilene,1
abita,4
abject,1
ablepsia,1
abnaki,1
abnormal,1
abo,3
aborigine,2
abra,3
abracadabra,2
abraham,6
abraxas,8
abri,11
absalom,3
abscissa,62
abu,5
abuelo,2
abut,1
abutilon,12
abyss,1
abyssinia,3
acacia,12
academia,3
academiae,2
acadia,3
acadian,1
acanthus,69
acapulco,5
acarus,10
accentor,5
accipiter,18
according,45
accra,5
accumulator,2
ace,3
acedia,2
aceite,1
acerca,3
acetabulum,67
achaea,9
achates,61
achelous,16
achernar,1
acheron,26
achilles,78
achitophel,1
achondroplasia,1
acicula,124
aciculum,16
acidum,17
acinus,15
acis,41
acme,11
acne,1
aconcagua,6
acre,61
acrobat,1
acromion,3
acrostolium,1
acroterion,1
acta,12
actaeon,44
actinia,11
actinium,1
acton,1
actor,10
aculeis,2
aculeus,36
acumen,7
acuminate,2
acute,1
acutes,1
ada,42
adah,1
adam,3
adama,1
adams,1
adana,24
adapa,1
addax,3
addendum,5
addon,1
adelaide,4
aden,3
adenitis,1
adeus,3
adi,4
adiana,1
adirondacks,1
aditus,5
admetus,12
admirable,2
admiral,1
adn,1
ado,1
adobe,2
adolphus,1
adonis,191
adrastus,14
adria,5
adrian,2
adventitia,11
adversaria,7
adytum,2
aea,7
aedes,8
aegaeon,1
aegeus,29
aegina,28
aegir,3
aegis,13
aegisthus,3
aegyptus,5
aei,5
aeneas,31
aeolis,9
aeolus,34
aer,3
aerator,1
aero,1
aerobic,1
aerugo,5
aes,2
aeschylus,3
aesculapius,15
aetna,3
aex,3
af,1
afar,1
affectum,1
affine,1030
affines,3
afflatus,13
afghan,1
afghani,3
africa,11
africae,9
african,1
africanum,577
africanus,1689
afrikander,1
after,2
afu,1
afuera,1
aga,10
agadir,2
agama,34
agamemnon,41
aganus,3
agape,1
agar,4
agata,5
agave,22
agent,2
agents,1
ageratum,3
agger,3
aggregate,12
aggressor,7
agha,1
agile,73
agitator,10
aglaia,110
agma,4
agnes,26
agnew,2
agni,14
agnosia,5
agon,1
agone,3
agonostomus,2
agora,2
agra,4
agrapha,9
agraphia,12
agraria,80
agricola,172
agrippa,10
agua,6
aguascalientes,1
aguila,3
aguirre,2
agulhas,2
ah,2
ahi,5
ahimsa,3
aho,1
ahriman,5
ahu,2
ai,4
aidoneus,8
aii,1
ain,4
ainu,37
ainus,2
ais,3
aisha,3
aix,5
aja,5
ajar,5
ajax,110
ajo,5
aka,18
akbar,2
ake,1
aki,2
akihito,2
ako,1
akron,2
aku,3
aky,3
ala,24
alabama,19
alabaster,26
alabastrum,17
aladdin,4
alagoas,1
alameda,16
alamo,3
alar,1
alarum,7
alas,9
alaska,3
alatau,3
alba,3732
albania,6
albata,158
albatros,2
albatross,1
albedo,1
alber,1
alberich,1
alberta,71
alberti,323
albi,5
albino,7
albinos,10
albinus,94
albion,4
albo,8
album,1001
albumen,6
alburnum,3
albus,950
alcaeus,8
alcaldia,1
alcathous,2
alcatraz,5
alceste,18
alcestis,29
alcibiades,12
alcides,40
alcmene,7
alcyone,39
aldebaran,1
aldo,1
ale,3
alecto,126
alex,8
alexander,23
alexandra,47
alexandria,10
alexia,4
alf,1
alfieri,1
alga,8
algae,28
algarum,36
algebra,3
algeria,1
algol,2
algonquian,2
algonquin,2
algor,6
alhambra,5
ali,18
alias,2
alicante,1
alice,12
aliens,2
alii,92
alimentum,1
aline,7
alis,20
alisa,2
alita,1
aliud,1
alius,81
alla,5
allah,2
allantois,1
alle,11
alleluia,3
allen,1
alliance,2
alligator,21
allii,84
allium,6
allo,2
alluvia,1
alluvium,1
alma,50
almeida,4
aloe,1
aloes,32
aloha,9
alone,2
alopecia,3
alpaca,2
alpha,302
alpheus,28
alphonsus,4
alpi,1
alpine,3
alpium,16
alsatia,2
altamira,8
altar,8
alte,4
alter,67
altera,108
alterius,1
alternator,7
alterum,12
alto,4
altona,1
alu,1
alula,9
alumina,2
alumna,8
alumnus,14
alva,3
alveolate,2
alveolus,47
alyssum,9
am,2
ama,8
amadou,5
amalie,1
amanita,3
amanuensis,6
amargosa,1
amarillo,4
amaryllis,57
amati,3
amazon,14
amazonas,9
amazonia,12
amazonian,1
ambages,3
ambala,2
amber,2
ambidexter,1
ambiguous,6
ambitus,12
amblyopia,1
ambo,2
amboina,3
ambos,1
ambrosia,41
ambulacra,1
ambulacrum,11
ambulator,42
ambystoma,1
ame,2
amel,1
amen,1
amend,1
amenta,1
america,1
americae,2
americana,2816
americus,5
amhar,1
amhara,4
ami,7
amica,137
amici,17
amigo,1
amine,2
amir,2
amis,1
amma,2
ammon,71
ammonia,21
amo,2
amoeba,6
amok,1
amon,4
amor,20
amos,3
ampelis,1
ampelopsis,7
amphiaster,2
amphioxus,7
amphisbaena,41
amphitrite,65
amphitryon,7
amphius,1
amphora,125
amplification,1
amplificator,1
ampulla,110
amri,2
amrita,8
amu,1
amy,1
amygdala,39
amygdaline,1
amylum,1
an,13
ana,14
anabaena,5
anabaptist,1
anabas,2
anabasis,7
anacoluthon,3
anaconda,1
anacreon,20
anaemia,3
anal,1
analecta,9
analogous,2
anambra,1
anamosa,2
ananas,71
anandrous,1
ananias,1
anaphora,4
anapophysis,1
anarthria,1
anastasia,23
anastomosis,25
anathema,12
anatolia,2
anatomia,1
anaxagoras,4
anaximander,3
anaximenes,4
ancestor,1
anchiale,2
anchises,19
anchor,2
ancilla,115
ancon,10
ancona,2
ancora,107
anda,3
andalusia,1
andaman,4
anderson,1
andes,3
andhra,1
anding,1
andium,19
andrea,12
androcles,19
androgyne,14
andromache,24
andromeda,55
andros,3
ane,1
anemia,2
anemone,31
aneto,2
angami,1
angara,5
angel,3
angelica,111
angelim,2
angelo,1
angelus,36
angina,2
angkor,1
anglia,6
angliae,12
angola,13
anguilla,36
anguli,1
angulis,2
angus,7
anguste,2
anhinga,7
ani,11
anil,8
anile,3
anima,4
animalcula,2
animus,4
anise,1
anisette,1
ankara,4
ann,1
anna,126
annam,1
annapolis,1
annapurna,7
anne,6
annex,2
anni,2
annulus,87
annunciator,1
ano,2
anoa,7
anomalous,4
anonymous,4
anopheles,3
anorexia,3
anoxia,1
ans,27
anta,12
antaeus,27
antalya,3
antananarivo,1
antarctica,1485
antares,15
antefixa,1
antelope,1
antenna,2
antennae,2
antennarum,3
antennis,2
anterior,21
anthelion,3
anthera,8
antherarum,13
anthrax,77
anthurium,2
anti,1
antifebrile,1
antigone,56
antigua,27
antilles,3
antiphon,4
antipodes,26
antique,3
antirrhinum,2
antisana,5
antisthenes,1
antithesis,2
antlia,1
antoninus,11
antonius,11
antrum,3
anu,5
anubis,48
anurous,1
anus,23
any,1
anya,1
anzac,3
aoa,1
aoi,1
aon,6
aor,10
aorangi,12
apa,3
apache,98
aparri,1
apelles,26
apertura,18
apex,25
aphasia,1
aphid,1
aphis,1
aphrodisia,5
aphrodite,121
api,5
apia,7
apian,1
apis,57
apo,14
apocrypha,13
apodes,1
apodosis,1
apollo,152
apollonius,21
apollyon,9
apophysis,9
aporia,10
apostasis,2
aposto,1
apostrophus,1
apothecia,1
apothecium,1
appalachia,23
appaloosa,1
apparatus,4
apparitor,3
appendicular,1
appendix,12
applicable,9
approximate,1
april,1
apron,2
apsa,2
apsis,3
apterous,1
apteryx,10
apulia,14
apure,3
apus,87
aqua,7
aquae,9
aquarium,2
aquarius,19
aquarum,17
aquatic,1
aqueous,1
aquila,196
aquilegia,2
aquilo,22
aquinas,1
ar,2
ara,21
arab,3
arabesque,1
arabia,4
arabiae,8
arachis,10
arachne,70
arake,1
arapaho,7
arapaima,2
araroba,3
araucania,4
araucaria,17
arawak,25
arawakan,1
araxes,20
arb,2
arbela,9
arbiter,5
arbol,1
arbor,7
arboretum,3
arboricolous,1
arborvitae,1
arbutus,9
arc,1
arcadia,12
arcanum,33
archeus,1
archilochus,3
archimedes,16
archipelagus,4
archon,10
arcturus,21
ardor,1
ardra,1
arduous,2
area,8
areca,9
arena,14
arenaceous,3
arenicolous,6
areola,29
arequipa,6
ares,44
arethusa,71
argali,17
argentiferous,1
argentina,685
argentum,19
arges,2
argilla,5
argillaceous,2
argo,28
argolis,6
argon,3
argos,9
argus,574
arhat,2
ari,26
aria,93
ariadne,96
arica,3
arid,2
ariel,73
aries,94
arista,15
aristae,3
aristaeus,11
aristarchus,5
aristides,8
aristippus,2
aristophanes,7
arius,19
arizona,29
arjuna,20
arkansas,1
arma,5
armada,1
armadas,1
armadillo,42
armatura,8
armenia,6
armiger,162
armilla,31
armillaria,1
arminius,9
armona,1
arne,5
arnica,5
arno,7
aro,1
aroda,1
aroma,17
aromatic,1
arras,1
arri,1
arriba,2
arroyo,4
ars,1
arsis,1
artemis,113
artemisia,24
arthritis,1
articulate,3
articulus,3
aruba,6
arum,1
arun,1
arundel,1
arusa,1
aruspex,3
arv,1
arx,11
aryan,1
aryballoi,1
asa,6
asafoetida,2
asbestos,1
ascanius,37
ascension,1
asclepius,4
ascus,5
asexual,1
asha,2
ashanti,10
asia,5
asiae,5
asiatic,1
asir,1
askari,1
asmara,5
asmodeus,2
aso,3
asoka,18
asparagus,4
aspasia,99
asper,739
aspergillum,27
aspergillus,20
aspidosperma,1
assai,2
assam,2
assemblage,1
assessor,5
assisi,7
assur,2
assyria,3
astarte,87
aster,86
asterisk,1
asthenia,4
astilbe,2
astoria,3
astragalus,4
astrolabe,2
asturias,1
astyanax,30
asur,2
asy,1
asyndeton,1
ata,20
atabalipa,1
atahualpa,28
atalanta,49
ataman,1
ataxia,6
ate,12
athamas,32
athanasia,3
athena,22
athenaeum,2
athenaeus,1
atheroma,1
athos,7
atkinson,1
atl,2
atlanta,12
atlanticum,359
atlantis,221
atlas,86
atli,1
atreus,11
atropos,136
attar,1
attenuate,3
attenuator,5
attestor,2
attica,99
attila,21
attis,7
attu,8
au,1
aua,2
auctor,11
auditor,10
auge,14
auger,1
augur,91
augusta,180
augusti,98
augustin,1
augustus,97
auk,1
auld,1
aulos,1
aura,38
auras,1
auratum,115
aurelia,76
aurelius,14
aures,3
aureus,783
auricula,204
auriculae,11
auriga,31
aurochs,4
aurora,446
aurore,2
aurum,13
aus,1
auspex,8
aussi,2
aussie,2
auster,24
austral,2
australasia,37
australia,55
australiae,175
australie,1
austria,4
austriae,4
austrine,1
autem,1
authors,9
autochthon,8
autolycus,12
automate,1
autumnale,129
ava,8
avalon,2
avanti,2
avatar,5
avebury,3
avellaneda,1
avernus,11
avesta,4
aviator,6
avis,31
avium,103
avo,1
avocado,1
avon,1
awa,20
awi,2
axe,1
axi,27
axilla,3
axis,24
axolotl,2
aya,10
ayacucho,6
aye,1
ayesha,2
aymara,32
ayo,2
ayu,3
aza,10
azalea,4
azan,2
azedarach,17
azores,1
azotobacter,1
azrael,11
aztec,18
azteca,203
azu,1
azuero,1
ba,1
baal,12
baba,2
babel,4
babi,5
babirusa,1
babu,6
baby,1
babylonia,16
baccae,8
bacchae,2
bacchanalia,1
bacchius,1
bacchus,65
baccillum,1
bacillus,63
back,2
bacteria,7
badger,1
bagdad,1
baggara,1
baguio,2
bah,1
bahadur,4
bahamas,1
bahia,17
bai,10
baikal,3
bailey,2
baja,30
bajo,1
bak,1
baker,2
baking,1
bala,9
balalaika,2
balata,23
balaton,1
balbo,4
balboa,14
balder,4
baleare,1
bali,16
balikpapan,1
balinese,1
ballade,1
ballata,1
ballerina,6
ballista,20
baloo,1
balsa,6
balsamum,11
balthazar,2
baltimore,5
baluchi,3
bam,3
bambara,4
bambino,2
bamboo,2
bambuco,1
bamian,1
bamus,2
ban,2
banana,17
banco,4
band,13
banda,7
bandanna,1
bandicoot,1
bandundu,1
bane,7
bangkok,1
bangui,1
bani,10
banian,5
banka,6
banks,1
banksia,17
bann,1
banshee,1
banting,2
bantu,17
banyan,2
banzai,3
baobab,8
baptista,3
barabbas,2
barba,18
barbara,300
barbarossa,31
barbarous,1
barbiton,2
barbuda,1
barca,13
barcelona,2
bare,4
barge,1
bari,13
barilla,2
baring,1
barium,1
barks,1
barley,1
barlow,1
barnacle,1
baron,1
barong,2
barozzi,1
barracuda,8
barranca,2
barri,87
barrii,10
barrow,3
baryon,1
basal,1
base,1
basi,4
basidiomycete,2
basilica,64
basilicata,2
basis,4
basra,1
bast,2
basta,4
bastille,2
basuto,28
batangas,2
batavia,2
bates,3
bathos,1
batik,2
batista,1
batman,1
baton,22
batwa,2
bau,2
baucis,30
bavaria,1
bax,5
bay,3
bci,1
bdellium,2
be,2
bea,9
beagle,1
beati,1
beatty,1
beaufort,1
bechuana,20
bedel,1
bedouin,1
beedi,1
beelzebub,12
beet,1
begum,2
behemoth,3
bei,2
beja,1
bek,2
bela,7
belfort,1
belga,3
belgii,1
belial,5
belisarius,3
belize,3
bell,3
bella,1261
belladonna,48
belle,2
bellerophon,11
bellidis,25
bellies,1
bellini,4
bello,1
bellona,71
belmopan,2
beluga,5
belvedere,1
bemba,5
bembex,3
benedict,1
benedictus,20
benefactor,12
benelux,1
bengal,2
bengali,6
beni,36
benjamin,5
benoni,1
bent,1
benthami,27
benthic,1
benthos,1
benzoin,22
berber,4
berbera,14
berberidis,171
berea,3
beriber,1
bermejo,1
bermuda,4
bermudas,2
bernina,1
bernini,1
bernoulli,2
bertha,23
beryl,1
bes,2
bet,1
beta,360
betel,1
beulah,2
bex,5
bey,1
bezoar,8
bharat,1
bhavani,1
bhl,1
bhutan,1
bi,1
bia,6
biafra,2
biak,8
biali,1
bias,12
bib,1
biblus,1
biceps,156
bicolor,6391
bicolorous,2
biconcave,1
bienne,15
bifurcate,1
biga,1
bigener,11
bih,1
bihari,2
bii,6
bijou,1
bikini,1
bilbo,3
billabong,2
billroth,1
bills,1
billy,1
bilocular,1
biloculina,1
bin,2
bine,2
binghi,1
bingo,1
bini,11
binturong,12
bio,1
bios,1
biota,8
biotype,1
bir,1
bireme,2
biretta,1
birma,1
bise,1
bisetous,2
biskra,1
bison,64
bites,1
bithynia,2
bitumen,3
bivalve,31
bixa,2
bizarre,1
black,1
blain,2
blanca,49
blanco,2
blastema,2
blear,1
blue,7
bluff,4
blumei,281
bo,9
boa,42
boabdil,5
boadicea,8
boanerges,1
boas,7
boca,1
bocca,2
bodhisattva,3
bodoni,7
boeotia,6
boer,5
bogor,2
bogus,2
bohemia,4
bohol,2
boi,2
boj,1
bol,1
bola,13
bolero,1
boletus,15
bolivar,11
bolivia,8
bolo,3
bolti,1
bolus,14
bom,1
bombycilla,3
bon,1
bona,55
bonanza,1
bonaparte,4
bonaventura,5
bonbon,2
bong,1
bongo,3
bonita,42
bonito,10
bonjour,1
bono,1
bonsai,5
bonus,24
boo,1
boomerang,11
boott,2
booz,1
boq,1
bor,3
bora,24
borax,2
borboniensis,6
bordeaux,2
bore,18
boreas,43
borges,2
boris,7
borneo,14
boron,1
bos,53
bosa,1
bosnia,1
boson,1
bosque,1
boss,1
botanica,26
botanicorum,5
bothrium,1
botswana,8
botulinus,3
bou,2
bougainville,9
bounty,1
bourbon,1
bourgeois,1
bove,1
bovine,1
box,1
boxalli,4
boxer,1
boy,1
boyd,1
boyla,1
bozo,1
brachium,4
brachypterous,1
bracteae,1
brag,1
braga,5
brahma,49
brahman,1
brahmana,1
brahmani,1
brahmaputra,6
brahmi,2
brahmin,1
brahui,3
bramante,2
bran,1
branca,7
branchia,3
branchiarum,9
branco,1
brasii,1
brasil,1
brasilia,10
brasiliae,18
brassica,42
brava,7
bravo,2
brazil,1
breda,2
bremen,1
brescia,1
breve,224
brevissime,1
breviter,1
bri,1
brianne,1
briareus,50
brimmed,1
britannia,3
broca,1
brome,3
bromelia,1
bronchus,3
brontotherium,1
bronx,1
brown,2
brumby,1
brune,1
brunei,19
brunet,4
bruno,9
brutus,38
bua,2
bubo,54
bucaramanga,1
buccaneer,1
buccinator,31
bucella,1
bucephalus,128
buck,1
bucorvus,1
bucranium,1
buddha,71
buddhi,1
buddleia,2
buen,1
buena,3
buenaventura,6
buffalo,6
buffo,6
bui,5
bujumbura,2
buk,1
bukavu,1
bulbiferous,1
bulbous,1
bulbul,1
bulgaria,1
bulla,149
bullock,2
bum,1
buna,3
bundu,1
bunkos,1
bunodonta,1
bunraku,1
bunting,2
bunyip,4
burka,1
burleigh,1
burma,4
burmese,1
burney,1
burro,1
bursa,54
bursitis,1
burton,1
burundi,4
bushido,1
buta,4
butomus,1
butte,1
buu,1
bwana,3
byron,1
byrrus,1
byssus,6
byzantium,2
cabala,2
caballero,5
caballo,1
cabana,3
cabaret,5
cabelo,1
cabernet,1
cabeza,2
cabezon,2
cabinda,3
cabrilla,4
cacao,54
cachorro,2
cacique,5
cactus,28
cacus,10
cada,1
cadaver,6
cadmium,2
cadmus,21
caduceus,21
caecum,44
caelum,2
caesar,56
caesarea,77
caesium,233
caespitose,1
caesura,3
caffraria,20
cagliari,1
cagliostro,1
cai,3
caiman,5
cain,3
caius,2
caja,30
calabash,2
calabresi,1
calais,20
calamine,1
calamondin,1
calamus,67
calandria,2
calathus,44
calcaneus,6
calcar,161
calceolaria,14
calchas,9
calcium,2
calculator,4
calculus,28
calcutta,4
caldarium,9
caldera,6
caledonia,21
calendula,30
calgary,2
cali,6
caliban,7
calice,3
calicis,6
calico,3
california,55
californium,1
caligula,35
caliper,1
calisaya,8
calix,30
calla,14
callao,4
callas,1
callicrates,2
callimachus,6
calliope,99
calliopsis,10
callisto,33
callus,5
calm,1
calpe,2
caltrop,2
calumet,1
calvaria,14
calx,11
calycis,2
calypso,142
calyptra,13
calyx,63
cama,16
camaguey,1
camanchaca,1
cambio,2
cambodia,4
cambogia,5
cambrai,3
cambria,8
cambyses,7
came,1
camellia,8
camelopardalis,33
camelopardus,2
camelot,1
camenae,13
cameo,3
camera,5
cameron,1
cameroun,1
camiguin,1
campania,6
campanile,4
campanula,101
campbell,1
campeche,6
campinas,2
campo,2
campus,11
camus,4
cana,537
canada,5
canadense,363
canakkale,1
canaliculus,7
canalis,134
cananea,1
canara,5
canasta,2
canaster,13
canberra,3
cancer,21
cancri,8
candela,13
candelabra,21
candelabrum,167
candia,5
candidate,2
candor,2
candy,1
canea,1
canella,45
canicula,17
canine,21
canna,23
cannabis,40
cannae,31
cannula,6
canon,3
canopus,24
cantabile,1
cantata,2
cantharidis,3
canthus,5
cantilena,1
cantina,2
canton,1
cantor,19
cantoris,32
cantus,3
canula,6
caoutchouc,3
capablanca,1
cape,1
capella,40
capelli,5
caper,5
capita,4
capite,5
capitis,32
capito,257
capitula,7
capitulis,2
capitulum,18
capote,3
cappadocia,4
cappuccino,2
capri,6
capricorn,1
capsicum,13
capsulae,2
captor,1
capua,1
caput,7
capybara,5
cara,99
carabao,1
caracal,21
caracalla,10
caracara,4
carajas,8
caramel,1
carancho,1
caras,1
carat,1
carbine,2
carboniferous,3
carcajou,1
cardamom,2
cardiac,1
cardinal,2
cardo,2
carena,1
caria,4
carib,7
caribou,8
caricis,244
caries,9
carina,48
carioca,83
caritas,1
carlisle,1
carlos,4
carlota,13
carmel,2
carnarvon,11
carne,5
carnegie,1
carniola,4
caro,1
carolina,282
caroline,2
carolinian,1
carolus,16
caron,1
carp,4
carpentaria,6
carpenter,1
carpi,11
carpophorum,4
carpus,2
carrera,4
carrillo,1
carro,1
carroll,1
carta,2
cartagena,2
cartilago,1
caruncula,6
caryota,2
cas,2
casa,6
casaba,1
casabianca,1
casablanca,4
casanova,2
cascarilla,4
casha,1
casi,1
cassaba,14
cassandra,63
cassava,1
cassette,4
cassia,47
cassiani,1
cassiopeia,21
cassis,57
cassius,40
casson,1
cassowary,1
castalia,29
castellatus,3
castor,124
castorina,1
castro,11
cat,2
catabasis,1
catalina,42
catalogus,1
catalpa,3
catania,2
cataphylla,3
catawba,14
catawbiense,9
cate,1
catechu,25
catena,76
catherine,3
catheter,1
catheti,1
catiline,1
cato,16
cattleya,3
catullus,8
cauca,21
caucasi,8
caucasia,26
caucasus,9
caucus,6
cauda,6
caudalis,95
caudate,3
caudex,27
caudle,1
caule,1
caulescent,1
caulis,6
causa,2
cava,96
cavalier,2
cavalla,5
cavallo,4
cave,2
cavernicolous,1
cavity,1
cavum,21
cay,3
cayman,6
cayuga,18
ce,2
cea,2
cece,1
ceci,2
cecilia,20
cecrops,19
cedilla,5
ceiba,8
cela,9
celadon,13
celaeno,29
celebes,4
celesta,1
cella,4
celle,3
celli,1
cellula,4
cellulis,2
cellulose,1
cena,1
cenis,3
cenobium,1
censor,8
censors,1
census,3
centaurus,42
centennial,1
centifolia,12
cento,1
centra,6
central,1
centralia,4
centro,2
centrum,2
centum,1
centurial,1
centurion,1
cephalonia,1
cepheus,18
cera,11
cerberus,151
cerca,1
cercaria,4
cercus,2
cerebellum,6
cerebrum,22
cereris,21
ceres,104
cereus,68
ceria,6
cerium,3
certa,71
cervantes,12
cervicalis,67
cervisia,1
cervix,8
cesena,1
cesta,9
cestus,30
cetera,6
ceto,23
cetus,3
ceylon,1
ceyx,16
cha,1
chacma,1
chaco,5
chaeronea,6
chaeta,2
chagres,3
chalaza,5
chalcis,12
chaldea,1
cham,3
chama,19
chamaeleon,95
chameleon,20
chamorro,6
change,3
chanty,1
chaos,12
chape,1
chapman,1
character,1
charisma,3
charlotte,3
charon,98
charpentier,1
charybdis,29
chatham,2
chattanooga,1
chatty,1
che,1
cheet,3
cheiron,1
chela,11
chemnitz,1
chen,1
cheops,13
chermes,1
cherokee,12
cherubini,2
chevron,2
chewie,1
cheyenne,1
chi,27
chiapas,28
chiasma,10
chiasmus,1
chibcha,15
chica,45
chicas,1
chichester,1
chichi,3
chickamauga,1
chickasaw,2
chicle,4
chico,12
chihuahua,16
children,2
chiles,1
chili,2
chillo,1
chilon,4
chilostomata,1
chilpancingo,2
chimaera,74
chimborazo,10
chimera,7
chin,2
china,28
chinan,2
chincapin,3
chinchilla,12
chinese,5
chino,44
chinook,1
chinquapin,3
chiococca,3
chippewa,6
chippy,1
chiron,37
chita,6
chiton,17
chlamys,4
chloe,59
chlorella,33
chlorosis,1
choctaw,8
choiseul,1
cholera,1
cholla,7
cholula,1
chorea,16
chorion,1
chorus,5
chosen,2
christ,1
christi,24
christiania,1
christina,17
christofer,2
christophe,4
chroma,5
chromium,2
chrysalis,67
chrysanthemum,20
chrysochrous,1
chrysophanus,2
chu,1
chub,3
chuff,1
chukar,23
chukchi,3
chumash,5
churinga,1
churro,2
ci,1
cia,14
ciborium,4
cicada,16
cicatrix,20
cicero,9
cid,3
cielo,1
cienfuegos,1
cii,2
cil,1
cilantro,1
cilia,4
ciliata,2140
ciliate,5
cilicia,14
cilium,9
cima,1
cimex,37
cimon,3
cinchona,2
cincia,3
cincinnati,7
cincinnatus,64
cinderella,37
cineraria,111
cinerarium,43
cingulum,42
cio,2
circa,5
circaetus,1
circe,114
circinate,1
circinus,13
circum,1
circumflex,1
circumscissile,2
circus,13
cirri,2
cirrus,31
cirsii,106
cis,5
ciscaucasia,1
cista,2
cita,15
cithara,24
citrine,1
citron,1
citronella,25
citrus,25
ciu,1
clangor,1
clara,563
clark,1
clarkia,1
claro,4
class,1
clausius,2
claustrum,2
clave,1
clavicornia,1
clavis,23
clavus,196
cleanthes,14
clematis,25
clemens,52
cleobulus,2
cleome,1
cleon,13
cleopatra,51
clepsydra,48
cleve,1
cleveland,3
climax,11
clintonia,1
clio,81
cloaca,2
clotho,67
clum,1
clupea,1
cluster,3
clypeus,46
clyster,1
clyte,1
clytemnestra,16
cnidus,3
coa,26
coadjutor,1
coagulum,2
coahuila,6
coati,1
cobia,3
cobra,18
coca,16
cocci,10
coccus,9
coccyx,7
cochabamba,11
cochise,12
cochlea,40
cochleae,2
cochrane,1
cockatoo,3
coco,12
cocoa,7
cocos,42
cocytus,10
coda,2
codex,1
codon,4
coenurus,2
coetus,1
coffee,1
cohen,1
cohune,4
coi,10
coimbatore,1
cola,3
colchicum,40
colchis,3
coleorhiza,1
coleus,4
colima,23
collare,93
collator,5
collectanea,3
collection,3
collector,3
college,1
colli,1
collier,1
collum,4
colobus,6
colombia,15
colombo,3
colon,142
colophon,4
color,3
colorado,34
colosseum,4
colossus,115
colum,2
columba,64
columbarium,4
columbia,50
columbian,1
columbus,15
columella,77
columnae,119
colza,1
coma,19
comanche,22
combe,1
comber,1
combination,11
come,4
comedo,1
comma,177
commando,1
comminute,1
commodus,38
commune,322
commutate,1
commutator,1
como,1
comp,1
competent,1
complex,366
compositor,2
compressor,4
comte,1
comus,23
con,1
conatus,12
concave,4
conceptacula,1
conceptions,1
concertina,3
concha,27
conchiferous,1
conciliate,2
conciliator,12
condominium,1
condor,21
conductor,5
condylus,13
confer,1
conferva,6
confetti,1
confine,87
confluence,1
confucius,49
conga,1
congener,240
conger,5
congo,9
conifer,79
conium,2
conjunctiva,21
conjunctivitis,1
connote,1
conqueror,1
conquistador,6
consensus,6
conservator,5
consortium,1
conspecies,1
conspectus,30
conspicuous,3
constance,1
constant,2
constanta,1
constantia,17
constrictor,68
consul,18
conta,12
contagium,1
contaminant,2
contentious,1
conti,2
continua,197
continuum,26
contorted,1
contra,19
contract,2
contractile,10
contractor,4
contrayerva,1
controller,1
conundrum,2
convector,2
conversa,41
conversi,1
convex,1
convolute,1
convolvulus,39
conway,1
cooee,2
cook,1
cookie,1
coon,11
cooper,1
copal,14
cope,1
coper,1
copernicus,1
copula,7
coquina,2
coquito,1
cor,57
cora,93
coral,1
coralliform,1
corbicula,27
corcovado,2
corcyra,11
corda,6
cordillera,25
cordoba,5
cordova,2
core,20
coreopsis,14
coriaceous,1
corinthus,2
coriolanus,6
corium,57
corn,1
cornea,230
cornu,62
cornucopia,65
corolla,34
corollae,12
corona,158
coronae,11
corozo,1
corpora,1
corporis,7
corpus,2
corpuscula,5
corrida,2
corrientes,1
corrigendum,2
corroboree,3
corrugator,2
corsair,1
corse,1
corsica,326
cortes,8
cortex,7
corundum,1
corves,1
corvo,1
corvus,70
corydalis,21
corydon,23
corymbus,6
coryphaeus,32
cos,14
cosa,2
cosmos,3
cossack,1
costa,26
costae,172
costanoan,1
costate,1
cot,1
cotinga,4
cotoneaster,36
cotopaxi,12
cotta,9
cotyledon,24
cou,1
cougar,3
cowboy,1
cox,1
coxa,3
coyote,9
coypu,1
crab,3
crane,1
cranium,23
crasis,1
crassus,1101
crater,22
crato,2
craw,1
creator,1
creditor,2
credo,1
cree,4
creek,1
creel,1
cremona,1
creole,4
creon,20
crepitus,1
crescendo,1
creta,24
cretaceous,16
creticum,138
cretin,2
cri,1
crimea,9
crinum,3
criollo,1
criseyde,1
crisis,2
crispi,3
crista,62
cristina,7
cristo,1
croce,1
crocodile,1
crocus,6
croesus,122
cronus,11
croton,11
crotophaga,1
croydon,1
cruces,3
crucian,1
crucifer,198
crucifix,3
crus,8
crusta,10
crux,162
cryptic,2
cryptomeria,5
crystalline,1
csiro,3
ctenidium,1
ctesiphon,4
cu,1
cua,2
cuba,14
cubans,1
cubicula,1
cubitus,18
cuca,1
cuenca,7
cuesta,2
cui,4
cujus,2
culex,20
culiacan,2
culion,2
culmen,5
culmi,1
culpa,3
cultivar,112
cultus,22
cum,4
cumberland,2
cumulus,19
cunaxa,4
cuneiforme,35
cunning,1
cupola,10
cuprum,1
cupula,31
cura,7
curare,3
curator,9
curculio,7
curcuma,9
curia,1
curio,2
curiosa,139
curious,1
curitiba,4
curium,2
curl,13
curricula,1
curriculum,2
cursor,188
curtain,1
curtis,8
cus,2
cusanus,2
cusco,3
cushman,1
cuspidate,3
custos,40
cutaneous,1
cuticula,8
cutis,4
cuy,1
cuzco,5
cyaneous,2
cyathus,49
cybele,87
cyclades,3
cyclamen,1
cyclist,1
cyclops,228
cyclos,1
cyclosis,1
cydnus,1
cygnus,58
cylinder,6
cylindrical,1
cylix,2
cyma,15
cymae,1
cymatium,6
cyme,6
cynomys,1
cynthia,96
cyphosis,1
cyprian,1
cypriot,1
cypripedium,1
cyprus,3
cyrano,10
cyrenaica,128
cyrene,35
cyrus,21
cysticercus,2
cythera,14
cytherea,80
cytherella,1
cyzicus,3
dabber,4
dac,1
dacca,3
dacia,5
dactyli,1
dada,1
dae,1
daedalus,67
daemon,27
dagda,1
dagon,3
dahlia,1
dai,2
daimon,1
daimyo,1
daiva,1
dakota,33
dal,1
dale,2
dali,7
dalla,1
dalmatia,2
dalmatian,1
damit,1
damocles,24
dan,16
danaides,2
danaus,14
dandelion,9
dang,1
daniela,1
danielle,1
danio,1
dante,4
danu,1
dao,12
daphne,99
daphnis,60
daqui,2
dardanus,52
darien,2
darjeeling,2
dark,1
darum,1
darwin,2
das,1
dashi,1
data,4
datum,3
datura,5
davao,8
david,8
davies,1
daw,1
dawson,2
dax,1
day,2
dayak,12
dayan,1
daza,1
dea,34
deborah,6
dec,2
decagon,1
decas,1
decatur,2
decidua,143
decline,1
decor,12
decorator,11
decorum,167
dee,2
defector,11
deficient,1
definiens,1
degli,123
dei,14
deianira,14
deimos,4
dejecta,72
dela,15
delaware,3
delectable,1
delectus,33
delicate,1
delictum,1
delilah,2
delineate,1
delius,25
della,6
delle,52
delos,11
delphi,1
delphinium,1
delphinus,47
delta,192
dem,2
dementia,1
demeter,42
demo,1
democritus,6
demogorgon,2
demon,6
demonstrator,3
demosthenes,2
dempsey,1
denarius,26
dendrites,3
dens,19
dentalium,3
dentate,3
denticulate,1
deo,3
depositor,2
depressa,1898
depressor,1
depuis,1
derby,1
derecha,1
derma,7
dervish,1
descartes,1
desiderata,56
desideratum,13
desmoulins,1
desperado,2
desta,1
destructor,166
det,2
detector,2
deter,1
detritus,84
deucalion,18
deuterium,1
deva,24
devi,3
devia,107
devo,1
dewar,1
dex,1
dexter,16
dhaka,3
dharana,1
dharma,16
dhaulagiri,4
dhyana,4
dia,33
diablos,1
diabolo,2
diadelphous,1
diadem,1
diamant,1
diana,279
dianthus,54
diao,1
diapason,1
diaper,1
diaphane,6
diaphanous,1
diaspora,6
diastema,25
diastemata,2
dica,4
dice,12
dicentra,6
dichotomous,3
dickey,1
dicta,6
dictator,21
dictyonina,2
dido,60
didymium,3
dies,3
differentia,3
difficile,74
diga,1
digamma,1
digital,1
digitalis,217
digitate,1
dih,1
dik,1
dike,4
dilatator,2
dilator,1
dilemma,14
dili,1
dillon,1
diluvium,1
dimidiate,2
dimorphous,1
dinah,2
dinar,1
dine,1
dingo,17
dinka,1
dinoflagellate,5
dio,1
diogenes,30
dioicus,58
diomedes,17
dione,57
dionysia,5
dionysius,10
dionysus,4
diophantus,2
diorama,5
dios,1
diplex,1
diplococcus,4
diplosis,5
diprotodon,1
director,5
directrix,1
dis,19
disaster,1
discobolus,18
discolor,2351
discovery,2
discriminator,1
discus,226
discussion,1
disease,7
disparate,1
distortion,2
distribution,1
div,5
diva,55
divers,1
dives,401
divisi,2
division,1
divisor,8
dix,1
dixie,5
dja,1
dobby,1
dobla,2
doble,1
docila,1
docile,3
doctor,1
dodo,14
dodoma,1
dodona,17
dogfish,1
dogma,2
doi,7
dolce,1
dolina,1
dolmen,1
dolor,2
dolora,1
dolphin,1
dom,1
domain,2
domanda,1
dombeya,1
domestic,2
domini,9
dominica,75
dominical,1
domino,3
dominus,24
don,2
dona,3
donar,2
donatus,3
dong,2
donga,3
donna,5
donor,1
donut,1
doppelganger,2
dorado,4
dorcas,97
doria,23
doris,137
doritis,1
doronicum,17
dorothea,82
dorsale,65
dorso,3
dorsum,3
dos,94
dosi,1
dosis,2
douala,1
doubles,1
douglasii,552
douro,1
dousman,1
dowiana,21
dracaena,21
drachma,1
draco,150
dracula,23
dragon,1
drama,1
dreikanter,3
dreyfus,4
drill,3
drogheda,2
drongo,2
drosophila,1
dua,4
duae,2
duala,5
dubai,3
dubia,2983
dubious,3
duce,1
ductus,2
dude,1
duenna,3
dugong,4
duh,1
dui,7
dulce,56
dulciana,4
dulcinea,22
duma,9
dumaguete,1
duna,3
dung,1
duo,9
duodenal,1
duong,1
duplex,451
duplicator,4
durango,17
durga,31
durian,1
durra,22
dust,1
dutch,1
dux,204
dwarf,1
dyak,14
dyaus,1
dyi,1
dyspepsia,1
dysprosium,2
dysthymia,1
ea,1
eagre,1
eao,2
eas,3
east,1
eastern,1
eb,1
eba,5
ebi,2
eblis,8
ebo,9
eboracum,1
ebro,1
ec,2
eca,1
ecbatana,4
ecce,2
ecclesiasticus,9
echidna,73
echinus,181
echo,81
eco,2
ectopia,7
ecuador,7
eda,7
edb,1
edda,8
edelweiss,1
edema,1
eden,5
edessa,7
edi,2
edible,1
editor,1
edo,2
edom,1
educator,2
edward,8
edwards,1
edz,1
eelpout,1
eeu,1
efe,2
eff,1
effendi,1
efik,1
ega,24
ege,2
egeria,41
egesta,13
egmont,2
eha,4
ehu,3
eidolon,3
einfach,1
ej,1
eja,6
ejecta,9
ejusmodi,4
ek,8
eka,1
eke,1
ela,6
elagabalus,3
elaine,5
elam,1
elan,2
elapsoidea,1
elastica,154
elate,2
elater,17
elaterium,8
elba,4
eldorado,31
elea,13
eleanore,1
elector,5
electra,132
electron,15
electrum,18
elegance,1
elegantissima,448
elektron,1
element,3
elementa,1
elenchus,1
elephant,2
elephantiasis,5
elephus,1
eleusis,13
elevator,12
elf,1
elgon,3
eli,6
elia,9
eliana,8
elias,6
elis,12
elisabeth,11
elizabeth,3
elizabetha,5
elkader,1
ella,55
elliott,1
ellipse,3
ellipsis,29
ello,3
elmira,2
elongate,5
eloy,1
else,1
elsinore,2
elvis,2
elysium,1
elytra,4
elytris,1
elytron,2
emberiza,1
embolus,11
embryo,2
emend,7
emendation,1
emeritus,40
emeus,2
emi,1
emily,1
eminentia,6
emir,9
emissarium,1
empedocles,9
empetrum,1
emphasis,4
emphysema,4
emptor,1
emu,7
ena,10
enam,1
encarpus,1
enceladus,9
enchodus,2
enchytraeus,1
encia,1
end,1
endo,2
endophyte,1
endymion,52
enema,4
enfield,3
enid,1
enigma,84
eniwetok,2
enk,1
enki,3
ennius,12
ennomus,1
ennosigaeus,1
eno,1
enoch,1
enormous,1
enos,3
ensemble,3
entebbe,1
entellus,31
enteric,1
enterprise,1
entomologica,1
entozoon,3
entrochus,1
enyo,26
eo,2
eoa,62
eogene,4
eok,1
eola,1
eos,183
eou,1
epa,3
epaminondas,3
ephemera,60
ephemeris,2
ephesus,2
ephialtes,71
ephraim,1
epibatus,1
epictetus,4
epicure,1
epicurus,4
epidaurus,3
epidermis,2
epiglottis,19
epigone,1
epigoni,1
epilobium,1
epimenides,3
epimera,2
epiphora,7
epirus,15
epitome,3
epos,3
epsilon,53
equator,3
equine,2
equiseta,5
equisetum,4
equuleus,3
er,1
era,11
eras,3
erasmus,7
erato,106
eratosthenes,5
erba,1
ere,2
erebus,108
erechtheus,6
eres,5
eridanus,15
erigena,5
erigeron,6
eris,25
eritrea,2
erl,1
ero,3
eros,69
erotica,14
errata,60
erratum,17
erro,37
erroneous,2
error,3
errors,2
erse,5
eru,4
erymanthus,5
erythema,11
es,7
esa,3
esau,54
escape,1
escopeta,1
esdras,2
eskimo,3
eso,4
esoterica,8
espavel,1
espera,2
esperance,2
esperanto,1
esposa,1
essa,2
esse,1
essequibo,2
esta,4
estaba,1
estancia,2
ester,1
estes,2
esther,11
estrada,2
estrellita,2
eta,26
ete,2
eteocles,9
ethiopia,4
eti,2
etna,9
etzel,1
eu,1
eua,3
euboea,21
eucalyptus,11
eucharis,84
euglena,3
euhemerus,2
eulogia,1
eumenides,4
euonymus,7
eupatorium,7
euphorbia,2
euphrates,6
euphrosyne,72
eurasia,1
eureka,52
euripides,6
euripus,1
euro,1
euroclydon,1
europa,18
europae,21
europium,1
eurus,14
euryale,42
eurydice,72
eurystheus,1
eusebius,3
euterpe,59
ev,1
eva,58
evans,2
everest,1
evi,1
evora,3
evvoia,1
ewa,4
ewe,1
exanthema,11
excalibur,4
excavator,4
excellent,1
excelsior,239
exceptio,1
excerpta,6
excreta,5
excursus,3
exedra,8
exempla,4
exemplar,3
exemplaria,1
exemplum,13
exeter,2
exhibitor,2
exiguous,2
exile,199
exiles,1
exitus,9
exophthalmos,3
expanded,2
expanse,1
expense,1
expositor,2
extense,1
extensor,14
exterior,9
extra,10
extractum,4
extravaganza,2
extremitas,1
exu,1
ey,2
eyra,4
eyre,2
ez,1
ezo,3
ezra,8
fabricius,2
facetious,1
facies,7
facile,16
facsimile,1
factor,4
facula,15
fae,8
fafnir,3
fai,3
fakir,4
fako,3
fala,1
falasha,1
falcate,1
falcon,4
falla,3
fallacious,1
falta,3
fama,1
familia,12
famulus,35
fan,2
fanfani,1
fang,7
fanny,10
fantasia,3
fanti,2
far,8
farah,1
farai,8
farci,1
faria,3
farina,8
faro,5
farolito,1
farr,1
farrago,9
fas,1
fasces,2
fascia,46
fasciae,3
fasciculi,2
fasciculus,16
fascinator,13
fascista,2
fastigium,13
fatima,31
fauna,27
faunus,95
faustulus,2
favor,2
favus,92
fax,35
fb,1
fea,8
febe,1
febrile,1
febris,5
fecula,1
federico,1
fedora,4
fei,4
feline,15
felise,1
fellah,3
feminae,4
femoral,1
femoribus,1
femur,3
fen,1
fenestella,21
fenestra,41
fennia,1
fenniae,4
fer,1
fera,109
fere,1
feria,3
fermata,4
fermion,1
ferocious,1
ferreira,1
ferri,1
ferro,1
ferruginous,1
ferrum,10
ferry,1
fertile,35
ferula,21
festa,35
fetus,10
feuille,1
fever,1
fex,2
fia,3
fiber,14
fibonacci,1
fibrae,1
fibrilla,2
fibrosis,1
fibula,106
fica,4
fictile,2
fides,6
fiesta,1
fife,1
fiji,7
fil,4
fila,4
filamenta,14
filamentis,2
filamentum,4
filaria,38
filiates,1
filicis,71
filiform,1
filose,1
filum,260
fimbria,42
fin,1
finale,2
fini,4
finial,1
finis,9
finisterre,1
finita,18
finlandia,1
finus,2
fiori,2
fischer,5
fish,1
fisher,1
fissile,6
fistula,43
fji,1
flabellum,170
flagella,13
flagellate,3
flagelli,1
flagellum,119
flamen,4
flamingo,8
flaminius,5
flattery,1
flatus,14
flavor,1
flax,2
fleta,1
flex,3
flexible,1
flexile,70
flexuous,1
flexura,11
flinders,5
flocci,2
flocculi,1
flocculus,6
floccus,9
flora,102
florae,38
flore,3
florence,1
florentine,1
flores,7
floribunda,1413
floribus,3
florida,522
florula,6
florum,33
flosculi,1
flu,1
fluke,1
fluorescent,1
fluviatile,166
foa,1
focus,3
foemina,31
foetus,1
foi,1
folia,23
foliaceous,2
foliate,1
folii,7
foliis,13
foliola,6
foliolis,2
foliolum,7
foliorum,77
folium,98
folliculi,2
fon,2
fonda,2
fora,3
foramen,2
foramina,6
foraminifer,16
forceps,138
forme,3
formica,50
formosa,1772
formosan,1
formula,7
fornax,24
fornix,25
forsan,3
forster,2
forsythia,4
fortaleza,1
fortasse,3
forte,26
fortis,403
fortuna,23
fortunei,313
forum,3
fossa,49
fossor,160
fournieri,89
fovea,13
foveola,48
foxe,1
fragile,374
fragmenta,7
fragmentum,7
francesca,14
francis,1
franck,5
franconia,11
frangipani,1
frankenstein,1
franklin,2
fraser,4
frater,428
fraxinella,17
frenum,2
fresno,6
freya,9
frigid,1
frigidarium,6
frijoles,1
frio,6
frit,13
fronda,1
frondis,6
frons,21
frontal,2
frontale,61
frontis,4
frost,1
fru,1
fructuarius,1
fruit,1
frustum,5
frutex,31
fruticose,1
fruticulus,3
fucus,8
fuegia,1
fugacious,1
fugus,3
fui,14
fuji,3
fukien,1
fula,1
fulani,7
fulcra,1
fulcrum,1
fulgor,9
fuliginous,1
fully,1
fulvous,2
fume,3
fumigator,5
fundamenta,2
fundo,1
fundus,5
fungi,26
fungorum,61
fungus,10
funiculus,42
funnel,1
fur,50
furcraea,1
furcula,79
furfur,7
furness,1
furnish,1
furor,4
fusco,7
fuscous,3
fusing,1
futile,5
fyodor,1
fz,1
gab,1
gabar,10
gabes,1
gabon,1
gabriel,9
gaby,2
gaea,7
gaga,4
gaia,5
gaillardia,1
gaius,7
gal,1
gala,13
galata,3
galatea,64
galatia,3
galba,46
galbanum,24
gale,10
galea,83
galena,10
galeni,3
galibi,5
galii,144
gall,1
galla,40
galle,1
gallia,3
galliae,12
galvani,3
gama,6
gamba,4
gambetta,2
gambier,2
gambrinus,4
gamma,171
gammon,1
gand,1
ganda,5
gander,3
gandhi,2
ganesa,24
ganesha,6
gang,2
ganges,2
ganglia,2
ganja,4
ganymede,9
gao,1
garbo,2
garcia,5
gardenia,2
gargantua,50
gargantuan,1
garibaldi,1
garnet,3
garota,1
garous,1
garrulous,1
gaspar,1
gasser,1
gaster,1
gastropod,1
gastrotricha,3
gath,1
gaucho,16
gauhati,1
gaultheria,9
gaur,1
gautama,14
gavial,3
gay,2
gaya,6
gaza,14
gazelle,2
gea,20
gecko,16
gegen,6
gei,64
geisha,24
gel,10
gem,1
gemini,21
gemma,221
gemmae,27
genae,1
gene,1
generale,5
generator,11
generatrix,3
generis,1
genesis,2
genetic,2
genicula,3
genie,5
genii,2
genista,3
genitalia,2
genitor,3
genius,4
genoa,3
genotype,5
gentianella,4
gentile,27
gentleman,1
gentry,1
genu,4
genuine,1
genys,1
geo,1
georgia,17
gera,6
geranii,143
geranium,2
gerbil,1
germaniae,13
germanica,430
germen,2
germinis,3
geronimo,16
gervais,1
geryon,30
gesneriana,11
get,1
gether,1
geum,18
gewgaw,2
gezira,1
ghana,4
ghazi,1
ghost,1
gia,2
giacometti,1
giant,1
gibber,160
gibbon,2
gibbons,1
gibbous,1
gibraltar,2
gideon,20
gigantean,4
gigantes,2
gigolo,4
gigot,2
gila,15
gilbert,7
gilgai,3
gilgamesh,2
gill,67
gimel,2
ginkgo,5
ginseng,13
giraffe,1
giu,1
given,3
glabella,290
glabrous,7
glacier,3
gladiate,1
gladiator,212
gladiolus,21
gladstone,1
gland,1
glandulae,4
glandulous,1
glans,110
glarus,3
glauce,17
glaucoma,58
glauke,1
glens,1
globigerina,8
globuli,10
glom,1
glomerulus,5
gloria,35
glorious,4
glossa,8
glottis,9
gloucester,1
glum,1
gluma,2
glumae,2
gluon,1
gnomon,16
gnosis,3
gnu,18
goa,4
goal,1
gobi,5
goblin,2
goby,1
godard,1
godavari,6
godiva,3
goi,1
golconda,3
golden,1
golem,4
golgotha,2
goliath,173
gomer,1
gomera,4
gondi,1
gondola,6
gone,1
gong,3
goniatites,3
gonococcus,1
gonotyl,3
gonzaga,2
goon,1
gopher,1
goral,12
gordon,2
gore,4
gorge,13
gorgias,6
gorgon,37
gorgonzola,1
gorilla,29
gory,8
gotama,8
gotha,2
gotham,1
gou,1
goumi,1
gourami,2
goya,8
gpe,2
gracchus,2
grace,3
gracias,1
gracile,1919
gradates,1
gradatim,2
grade,1
gradus,11
graeae,2
graeci,1
graecia,2
graecorum,6
gramina,6
gramineous,1
gramme,1
gramps,1
grampus,2
grana,18
granada,2
granadilla,2
grande,439
grandes,4
grandi,6
grania,1
granicus,1
granta,1
granulate,1
grapefruit,1
graphium,2
gratis,2
grave,12
gray,5
gre,1
grecia,1
greening,1
gregale,10
gregory,3
grenada,4
griffin,1
griffith,1
grimaldi,35
gringo,2
grinnellia,1
griqua,12
grise,1
grisgris,1
groenlandiae,6
grosse,1
groupe,1
grus,21
gs,1
gu,1
gua,3
guacharo,4
guaco,8
guadeloupe,2
guahibo,4
guan,1
guanabana,3
guanabara,2
guanaco,3
guano,5
guarani,70
guarda,1
guardia,3
guatemala,15
guava,5
guayaquil,2
gubernacula,3
gud,2
guenzi,2
guereza,12
guernica,1
guerra,2
guerrero,7
guetare,2
guevara,3
guggenheim,1
gui,21
guiana,17
guida,1
guile,2
guinea,12
gujarati,1
gul,7
gula,6
gull,1
gully,1
gumma,1
gummi,2
gunboat,1
gurkha,10
guru,1
gus,3
gusta,1
gut,5
gutta,97
gutti,1
guttur,1
guy,11
guyana,16
gygaea,1
gypsophila,91
gypsum,2
gyracanthus,1
gyre,1
gyron,1
gyrus,8
ha,2
haa,2
haageana,40
habana,5
habanera,2
habe,1
haber,2
habile,3
habitator,1
habitus,4
hades,55
hadji,1
hadrian,1
hadron,1
haematite,1
haematoma,1
haematoxylon,13
haeres,5
hafiz,2
haga,2
hagar,7
hagen,1
haggi,2
hai,3
haida,2
haifa,1
hainan,5
haiti,4
hake,1
hakodate,1
halcyon,7
haleakala,6
haled,2
halicarnassus,1
halie,2
halifax,4
halitosis,1
hallelujah,1
hallie,1
hallux,2
halmahera,10
halo,5
ham,1
hama,6
hamartia,1
hamilton,1
hammurabi,1
hamo,1
hamulus,45
hamza,4
han,5
hance,1
hangchow,1
hannah,13
hannibal,29
hanno,18
hanoi,1
hanuman,3
harare,1
harbinger,1
hard,1
hardy,1
harem,1
harlequin,7
harli,3
harmonica,29
harpy,1
harquebus,1
harrisianum,5
harry,1
harum,1
haruspex,14
harvey,1
hasdrubal,9
hasta,64
hastate,1
hastings,1
hathor,13
hausa,3
haustellum,8
haustorium,3
havana,7
havia,1
haw,1
hawaii,2
hawaiian,1
haworth,1
hayata,1
hayato,2
hayer,1
haze,3
hea,1
heath,1
hebe,97
hebrides,1
hecate,110
hector,81
hecuba,56
heddewigii,1
hegel,1
hehe,2
hei,31
heian,2
heike,1
heishi,1
hel,3
helas,1
held,1
helen,3
helena,236
helianthoidea,1
helianthus,29
helicon,13
heliogabalus,1
heliopolis,5
helios,63
helium,2
helix,162
hellas,6
helle,42
hellen,3
helles,2
helvetia,3
helvetiae,6
hem,1
hemelytra,2
hemileia,1
hengist,1
henna,3
henrici,199
henry,1
heo,1
hepar,1
hepatica,160
hepatitis,3
hephaestus,14
heptagon,3
her,1
hera,95
heraclea,22
heracles,12
heraclitus,6
heraclius,1
herba,4
herbaceous,3
herbae,9
herbaria,23
herbarium,3
herbarius,8
hercegovina,16
hercules,174
here,4
heres,17
herma,2
hermana,7
hermann,1
hermaphrodite,1
hermaphroditus,65
hermes,46
hermon,3
hermosa,50
hernia,1
hero,31
herodias,19
herodotus,5
heroine,3
heron,1
herophilus,6
herpes,4
herrera,2
herschel,1
hertha,12
herzegovina,1
hesione,48
hesper,3
hesperides,7
hesperidium,11
hesperus,202
hestia,16
hetaera,14
heterochromia,1
heterogeneous,1
heterotaxis,1
heterotrophic,1
hex,4
hexapla,4
heyne,1
hiatus,31
hiawatha,5
hibernaculum,2
hibernia,9
hibiscus,5
hidalgo,16
hide,9
hie,1
hieronymus,2
high,1
hii,1
hiiumaa,1
hija,1
hilum,6
himalaya,15
hinayana,2
hindgut,2
hindi,11
hindu,14
hindustan,1
hinnites,1
hio,3
hipparchus,4
hippi,1
hippie,1
hippo,10
hippocampus,24
hippocrates,11
hippocrene,3
hippodrome,4
hippolytus,6
hippomenes,3
hippopotamus,7
hippy,3
hiram,4
hiroshima,1
hirsute,1
hispania,3
hispaniae,10
hispaniola,35
historia,1
hitachi,2
ho,2
hoa,2
hoatzin,1
hobo,1
hocus,4
hoga,1
hoh,1
hoi,63
hokkaido,2
hola,1
hollandia,7
hollandiae,38
holofernes,6
homer,1
homonym,2
homotaxis,1
homrai,1
homunculus,11
honda,1
hondo,3
honduras,3
hone,2
hong,1
honolulu,1
honor,2
honshu,2
hoopoe,1
hope,3
hopi,7
hora,11
horae,11
horn,1
horologium,24
horrid,1
horror,1
horsa,2
hort,1
horta,10
hortense,52
horti,12
hortus,9
horum,1
horus,22
hosanna,1
hospitium,1
hospodar,2
hostile,6
hotspur,1
houbara,2
houri,6
house,1
houstonia,3
hover,1
hox,2
hua,9
huambo,1
huascaran,1
hubertus,1
hubo,1
hue,2
hugi,4
hugo,1
hui,86
hujus,1
hula,7
hum,5
human,1
humber,1
humberto,1
humboldt,7
humbug,5
humerus,11
humus,6
hun,1
hunan,1
hung,1
hungariae,7
hunter,1
huntington,1
huron,13
hya,5
hyacinth,1
hyacinthus,37
hyades,8
hyaena,34
hyaline,5
hybris,6
hydra,43
hydrangea,3
hydria,3
hydrocephalus,13
hydromedusa,1
hydropotes,2
hydrus,4
hyena,5
hyi,2
hyla,17
hymen,7
hymenium,1
hyperaesthesia,1
hyperbola,14
hyperion,25
hyperopia,1
hypha,3
hyphae,1
hyphen,1
hypnos,1
hypochondria,9
hypoderma,4
hypogeum,5
hypopygium,1
hypoxia,1
hypsiprymnus,1
hyrax,11
hyrcania,7
hyson,1
iac,2
iae,3
iao,2
iapetus,8
ias,1
iba,2
ibadan,4
ibarra,1
ibe,1
iberia,7
ibex,64
ibi,1
ibis,57
ibiza,1
ibo,8
ic,16
ica,10
icaria,7
icarus,104
ice,4
icg,7
ichneumon,36
ichor,1
ichthyomorpha,2
ichthyophagous,1
icon,2
iconium,2
ics,1
icterus,23
ictinus,9
ictus,11
ida,66
idaho,8
ide,3
idea,43
idee,1
idem,1
ides,2
idi,3
idiota,13
idolum,4
idomeneus,14
iec,1
ife,1
ifni,1
iga,1
igloo,1
ignatius,4
ignis,13
ignoramus,1
igorot,1
iguana,9
iha,1
ihi,3
ihu,2
ii,6
iii,2
iju,1
ik,1
ika,1
iki,5
iks,1
il,4
ila,14
ilam,2
ilama,1
ile,3
ilex,144
ili,3
ilia,116
iliaca,35
ilion,2
ilium,10
illampu,3
illimani,5
illinois,5
illuminator,2
illus,1
illustrious,1
illyria,1
illyricum,99
ilo,3
ilocano,2
iloilo,2
ilu,5
ima,35
image,1
imago,16
imbecile,2
imbricate,1
imbroglio,1
imi,2
immaculate,2
immer,7
immobile,2
immolate,1
immune,5
imo,2
impala,3
impatiens,127
impedimenta,1
imperator,274
imperium,3
impi,1
implicate,1
impolite,1
impossibile,2
impostor,28
impresa,1
impress,1
imprimis,1
improvisator,1
imus,18
ina,19
inamorata,1
inane,12
inanna,1
inca,317
incisor,9
incline,1
incognito,2
incognitos,1
incomes,1
incomparabilis,51
incomplete,1
inconspicuous,3
incredibile,1
incubator,4
incubus,9
incus,57
inde,1
indecorum,27
indeterminate,3
index,63
indi,8
india,8
indiae,14
indiana,78
indicator,46
indicum,987
indie,1
indigenous,2
indigo,26
indium,1
individua,4
indochina,2
indocile,2
indonesia,6
indra,54
indumentum,1
induna,1
indus,91
ine,1
inequivalve,1
infanta,8
infantile,7
inferior,60
infernal,1
infierno,1
inflate,2
inflorescentiae,9
influenza,2
infra,3
infundibulum,155
infuscate,1
infusorium,2
inge,1
ingesta,3
inglenook,1
inina,1
inion,1
innocuous,1
ino,65
inpa,9
inquisitor,77
insectorum,13
insectum,5
insert,1
insignes,1
insignia,12
insomnia,1
inspector,6
instar,12
instructor,2
insula,55
insular,1
insulator,5
integer,307
integrator,8
integumentum,1
interceptor,3
intercessor,8
intercostalis,5
interea,1
interference,1
intergrade,1
interior,208
intermediate,1
internodia,4
interrex,3
interrogator,5
intersector,1
interspinalis,1
interstitium,2
interval,1
intervallum,1
intestinum,13
intima,14
intimidator,1
intus,1
inukshuk,1
inutile,11
invaginable,1
invalid,1
investigator,26
involucre,1
involucri,1
involucrum,4
io,143
ioa,1
iob,1
ion,22
iona,15
ione,25
ionia,10
iop,2
ios,19
iota,134
iowa,9
ipe,12
iphigenia,49
ipo,2
ips,18
ipse,2
ipu,2
ipy,1
iquitos,2
ira,21
iraqi,3
ire,1
irene,69
iri,2
iria,15
iride,1
iridium,1
iris,447
iritis,1
iron,1
ironia,1
iroquois,8
irrawaddy,1
isa,16
isaac,1
isabel,5
isabella,143
isabelle,1
ischiadicus,4
ischys,1
ise,2
isfahan,2
ishmael,2
ishtar,2
ishvara,1
isi,1
isidro,1
isis,96
isocrates,9
isolate,10
isolde,11
isopod,1
isosceles,27
israel,1
israeli,28
issus,2
istana,1
istanbul,2
isthmus,12
istria,6
ita,10
italia,4
italiae,13
italiana,23
italic,1
iter,1
iterum,1
ithaca,12
iti,6
itinerarium,1
ito,1
itu,3
iulus,8
ius,1
iva,19
ivu,2
ivy,1
iwa,2
iwi,1
iwo,1
ix,3
ixia,11
ixion,40
iya,1
iyo,2
iza,3
izanagi,1
izmir,3
izquierda,1
izu,1
ja,5
jabin,1
jabiru,3
jaborandi,4
jacaranda,1
jack,1
jackal,2
jackson,2
jacob,4
jacobi,139
jacobin,1
jacobus,6
jacumba,1
jade,3
jae,5
jael,2
jaenicke,1
jaffa,3
jagannath,3
jagatai,1
jaguar,6
jai,3
jalapa,28
jalisco,15
jamaica,15
jamaicae,23
jan,1
jane,2
janeiro,4
janina,2
janitor,11
jantar,2
janus,187
jao,4
japoniae,2
japonica,5086
japonicum,1321
jarra,1
jason,57
jasper,2
jataka,1
jau,2
java,16
javae,30
jaws,1
jax,2
jaxartes,1
jay,1
jaya,7
jean,2
jeans,1
jeb,1
jedda,1
jeden,2
jefe,3
jehovah,1
jei,1
jejunum,16
jellaba,1
jena,1
jeni,1
jenny,2
jerboa,8
jersey,2
jesse,3
jester,1
jesus,2
jia,2
jii,11
jimenez,2
jin,2
jinsha,1
jinx,1
jipijapa,4
jiva,1
jix,2
jo,11
joa,1
joachim,1
joan,3
joanna,13
joannes,1
job,1
jocasta,8
jocko,1
jod,4
jog,2
johannes,8
johnson,1
johor,1
johore,1
joi,5
joinville,1
joli,1
jomon,1
jon,5
jonas,5
jones,1
joppa,2
jor,1
joropo,1
jos,5
josefa,2
joseph,1
josephine,2
josephus,27
joshua,4
josue,1
jota,21
jove,1
jovis,35
ju,1
jub,1
juba,30
judaea,13
judaica,63
judas,6
judea,2
judi,1
judith,19
judoka,1
judy,1
juglandis,234
jugoslavia,1
jugula,1
jugularis,102
jugum,6
jugurtha,27
jui,1
juju,3
jul,3
julia,89
juliana,86
julii,96
julio,3
julius,20
jumana,2
jumbo,12
jumna,2
junco,3
junii,25
junio,1
junior,57
juniper,1
junius,20
juno,109
junta,5
jupiter,29
jura,4
justitia,9
juu,1
juvenal,3
juvenile,10
jyr,1
ka,1
kaa,2
kaaba,2
kabaragoya,1
kabylia,1
kac,1
kachina,4
kadi,1
kaffir,2
kaffraria,5
kafir,3
kagera,3
kagura,1
kai,14
kaka,2
kakan,2
kaki,34
kalahari,6
kalevala,2
kalgoorlie,1
kali,57
kalidasa,3
kalimantan,4
kalina,1
kaluga,1
kama,12
kamakura,1
kamala,5
kamen,1
kami,2
kamikaze,1
kampala,3
kampuchea,1
kamus,2
kan,1
kana,6
kanaka,16
kanara,11
kanawha,1
kanchenjunga,1
kandahar,2
kandiyohi,2
kandy,2
kangaroo,7
kannada,1
kao,4
kaoliang,1
kappa,39
kar,1
kara,10
karakorum,6
karas,1
karate,1
karelia,1
karen,8
karma,7
karnak,1
karrie,1
karst,1
karsten,2
karttikeya,1
kas,1
kashmiri,5
kassala,1
katanga,13
kati,1
katmai,6
katmandu,2
katsuyama,1
kau,3
kaumakani,1
kaunda,1
kauri,1
kava,8
kaw,1
kawasaki,1
kaya,1
kayo,2
kayseri,51
kazak,7
kazbek,1
kea,13
kebab,1
kedah,1
keewatin,1
kei,2
keitloa,3
kelantan,1
kele,1
keli,1
kelila,1
kelso,2
kem,1
kemerovo,2
ken,1
kenilworth,2
kennedy,1
kenya,9
keo,2
ker,3
kerala,8
keratitis,1
kerek,1
keres,1
kermanshah,2
kermes,6
kermesina,59
kernoi,2
kerr,1
kesar,2
key,4
khaki,3
khamsin,1
khan,2
khasi,6
khat,1
khem,1
khmer,6
kho,1
kia,1
kiang,7
kiangsu,3
kib,1
kickapoo,3
kif,1
kii,7
kikongo,1
kikuyu,18
kilauea,5
kilimanjaro,4
kim,4
kimberley,1
kin,1
kinabalu,32
king,2
kino,4
kintyre,1
kio,1
kiosk,1
kiowa,14
kir,1
kirby,1
kiri,2
kirin,1
kiruna,1
kis,3
kisangani,8
kithara,1
kiwi,7
klebsiella,1
klipspringer,1
koa,14
koala,4
kob,13
kobe,4
koby,1
kochi,399
kodiak,3
koe,1
koh,1
kohima,1
kohistani,1
koi,17
kojima,1
kok,4
kola,6
kolyma,4
komi,14
koo,1
koodoo,1
kookaburra,1
kop,1
koppa,2
koppies,1
korah,1
koran,2
korari,1
korea,3
kosa,1
kosciusko,4
kostroma,1
koto,1
kra,4
krait,4
kriemhild,4
kris,2
krishna,32
kriton,1
kronos,2
kruger,1
krypton,2
kshatriya,1
ksi,1
kua,8
kuala,5
kuan,2
kubus,2
kudu,1
kui,9
kul,1
kumamoto,1
kumasi,1
kumquat,2
kung,1
kunming,3
kura,2
kure,3
kurgan,1
kurosawa,1
kuroshio,18
kus,1
kuu,1
kuwaiti,2
kwakiutl,2
kwang,1
kwangtung,1
kwara,1
kya,1
kyi,1
kylin,1
kylix,4
kyphosis,1
labarum,3
labe,4
labelli,1
labellum,19
labiche,2
labile,5
labium,4
lablab,15
labrador,3
labrum,7
labuan,1
laburnum,9
lac,2
lacerate,1
lacerates,1
lacerta,66
laches,6
lachesis,76
lacinia,39
laciniae,3
laconia,10
lacteal,1
lactucarium,1
lacuna,44
lacunar,1
ladanum,41
ladia,2
ladino,2
lado,1
ladon,21
lae,5
laertes,27
laete,1
lagena,47
lager,1
lagniappe,2
lagos,2
laguna,22
lagunas,1
laine,1
laird,1
laius,15
lak,2
lake,2
laker,1
lakshmi,5
lal,1
lala,13
lalia,3
lama,100
lamarck,6
lamas,3
lambda,62
lamed,18
lamella,67
lamellae,1
lamellate,1
lamellose,1
lamia,46
lamina,64
lammas,3
lampas,53
lan,1
lanai,15
lancelot,1
lane,2
lang,1
langaha,3
lange,2
langer,1
langtry,1
languor,1
langur,1
lanka,36
lanner,1
lantana,25
lanthanum,1
lanugo,9
lao,19
laocoon,9
laomedon,9
laos,11
lapillus,43
lapis,4
lapsus,21
lar,54
larentia,1
largo,4
laricio,25
laris,1
larua,2
larum,2
larva,59
larve,1
larynx,6
lascar,1
lassa,21
lat,1
later,2
latera,6
laterite,1
latex,7
lathy,5
latifundia,1
latina,23
latium,2
latona,54
latrodectus,1
laura,43
laurel,8
laurie,2
laus,3
lava,7
law,2
lawley,4
lawsoniana,38
laydekeri,7
lazar,1
lazarus,21
lazuli,8
lea,22
leach,1
leaf,19
leah,1
leander,37
leave,3
leavis,5
lecanium,1
lecythus,4
leda,83
lee,2
leeanum,21
lefty,1
legator,4
legumin,1
lei,3
leila,2
leith,2
lek,1
lel,1
lemma,3
lemniscus,7
lemnos,7
lemoinei,66
lempira,3
lemur,95
lemures,2
lemus,1
lena,47
leningrad,1
lenis,208
lenka,1
leno,2
lens,134
lenticularis,336
lentigo,6
lentil,1
lento,2
leo,91
leon,7
leonidas,10
leopardi,3
lepidopterorum,5
lepidus,627
lepton,17
lepus,31
lesotho,2
lesya,1
lethe,27
leto,22
leucas,34
leucippus,8
leuco,1
leucoderma,28
leucoma,20
leuctra,9
lev,2
leva,3
levania,1
levator,2
leve,58
leven,1
leverhulme,1
levi,8
leviathan,10
levis,736
leviter,2
levitus,1
lewis,9
lewisia,2
lex,5
leyte,3
lhasa,2
li,12
lia,12
liana,21
liao,1
lib,1
liba,1
libani,65
liber,87
liberia,32
liberius,2
libertad,1
libertas,1
libra,13
library,5
libya,12
lichen,10
lichi,5
lictor,47
ligamenta,3
ligar,1
ligeia,1
liger,5
ligneous,1
lignites,1
ligula,68
lih,1
lii,141
lilac,3
lile,3
liliaceous,1
lilith,7
lilliputian,1
lima,261
limbe,1
limbi,1
limbu,3
limbus,27
limes,6
limon,11
limpopo,5
limulus,22
lin,2
linares,2
linctus,4
lind,1
linda,53
linden,1
lindo,1
line,2
linea,100
lineage,14
lineate,3
ling,2
lingam,8
lingua,213
linings,1
linnaei,228
linnaeus,2
linne,2
linnet,1
linsang,8
linter,8
linum,9
lions,1
lipase,1
liquidambar,1
lira,16
liriodendron,1
lis,6
list,1
lista,2
listo,1
litchi,14
literator,1
litiopa,1
litorale,159
litotes,15
litsea,1
little,1
lituola,4
lituus,37
liu,5
liv,1
lixivium,1
liza,5
lla,1
llama,6
llamada,1
llano,4
lloyd,1
lo,1
loa,11
loanda,1
lobelia,11
lobi,3
lobito,1
lobo,5
lobularia,1
lobuli,1
lobulus,3
loca,8
locale,2
locality,1
loci,2
loco,1
locris,2
loculus,4
locus,4
lodi,2
loella,2
loewi,117
lofti,1
lofty,1
logan,10
logos,1
loh,1
loi,16
lois,3
loja,9
loki,19
lol,1
lomax,1
lombok,4
lomond,1
londrina,1
lonesome,1
long,4
longan,14
longinus,16
longissimus,179
loo,2
look,3
loquacious,1
loquat,1
lord,2
lordosis,1
lore,1
lorelei,1
lorentz,1
lorica,14
loriot,1
loris,3
loro,3
lory,13
los,8
lota,48
loth,1
lotus,76
lou,1
louis,1
louisiana,31
lourdes,2
loxodonta,2
loyalty,2
loyola,2
lu,5
lua,19
lualaba,1
lub,3
lubra,10
lubumbashi,3
lucama,1
lucan,2
lucania,5
lucca,5
luce,2
lucerne,1
lucid,1
lucifer,134
lucilius,7
lucina,66
lucretia,32
lucretius,16
lucullus,14
lud,1
ludicrous,1
luffa,3
lugger,1
lui,51
lulu,6
luluai,1
lumbricalis,51
lumen,8
lumme,1
lumut,1
luna,138
lunae,18
lungi,7
lunula,105
lupus,90
lus,1
lusatia,1
lusitania,5
lustrum,1
luta,6
luteo,1
luthuli,1
lux,21
luxor,7
luzon,2
lya,1
lyautey,1
lybia,12
lycaon,38
lychnis,3
lycia,47
lycopodium,18
lycurgus,9
lyde,10
lydia,93
lye,3
lyi,19
lynn,1
lynx,72
lyra,236
lysander,11
lyse,2
lysias,14
lysimachus,5
lysippus,16
lysis,14
lyssa,6
lytta,1
lyu,1
ma,6
maa,2
mab,1
mac,6
macabre,1
macaco,11
macadamia,1
macao,11
macaque,1
macassar,1
macbeth,1
macedonia,11
macerate,1
mache,1
machete,1
macron,1
macropterous,1
macrospore,1
macula,142
maculae,3
maculate,5
maculis,2
mad,1
madagascar,3
maddocks,1
madeira,15
madera,12
madonna,4
madras,3
madre,2
madura,5
mae,12
maeander,16
maecenas,5
maes,1
maeve,1
magallanes,6
magari,1
magdalena,50
magenta,8
maggiore,2
magi,3
magis,11
magma,14
magnesia,1
magnet,1
magnolia,13
magnum,354
magog,1
magus,52
magyar,1
mahal,2
mahan,2
maharaja,8
maharani,1
maharashtra,2
mahatma,5
mahayana,1
mahdi,1
mahican,1
maholi,1
mahout,1
mahratta,12
mai,26
maia,69
maidan,1
mail,1
main,1
maior,268
mais,4
maji,1
major,6613
majuscule,1
makalu,2
makassar,2
makatea,1
maki,16
mako,3
mala,37
malabar,1
malacca,23
malachite,1
malagasy,34
malaguena,3
malakal,1
malang,2
malaria,2
malatya,1
malawi,7
malaya,87
malaysia,7
malefactor,3
mali,271
malice,1
mallee,9
malleolus,31
malleus,58
mallorca,2
malo,2
malta,2
maltha,5
malum,14
mam,2
mama,2
mamba,6
mambo,1
mame,1
mamelon,1
mamillae,1
mamma,15
mammee,1
mammilla,29
mammonteus,1
mammoth,2
mana,30
managua,1
manaia,4
manana,5
manaos,8
manas,3
manaus,5
manca,159
manchu,4
mandamus,1
mandarin,6
mandatum,1
mandeville,1
mandibula,3
mandingo,3
mandra,1
mandragora,22
mane,1
manes,5
manga,10
mangle,22
mango,12
mangrove,1
mani,14
mania,10
manila,5
manilla,4
manini,1
manipulus,4
manisa,1
manna,4
mano,2
manor,1
manse,1
manta,11
mantilla,1
mantinea,4
mantis,33
mantissa,9
mantra,15
mantua,1
manubrium,8
manuscript,39
manx,3
manzanilla,3
mao,1
maori,41
mar,2
mara,44
marabou,1
maraca,7
maracaibo,1
maracanda,1
maranao,1
marasca,3
maratha,3
marathi,2
marathon,4
marc,1
marcelia,1
marcellus,7
marconi,2
marduk,1
mare,3
marengo,2
marfa,2
margarita,274
margay,2
margherita,9
marginalia,4
marginate,2
mari,4
maria,99
marian,3
marianne,6
marimba,3
marin,3
marina,904
marine,7
mariola,1
maris,49
maritime,4
marius,14
marks,1
marliacea,9
marmara,2
marmor,4
maroon,1
maros,9
marron,2
mars,48
marsupium,34
martha,45
martinet,1
martinez,1
martini,767
martyr,9
marut,2
mary,1
mas,54
mascara,4
masinissa,12
massae,9
massasoit,7
massey,1
mastiff,1
mastodon,11
masuria,2
mat,4
matabele,12
matador,3
mate,25
materfamilias,3
materia,2
mathura,3
matilda,8
matrix,9
matsu,1
matthias,3
mattina,1
mau,3
maui,25
maukin,1
maun,1
mauna,2
mauretania,3
mauritania,11
mauritius,16
maurya,1
mavis,10
max,18
maxi,21
maxilla,7
maxillae,1
maxillare,8
maxim,1
maxima,1735
maximum,342
maximus,845
may,4
maya,171
mayan,1
mayo,8
mayor,9
mazama,33
mazatl,1
mazda,3
mazurka,2
mba,2
mbaya,1
mbu,2
mccoy,1
me,4
mea,15
meander,30
means,15
meatus,1
medaka,1
medan,1
medea,60
media,1440
median,1
mediator,33
medici,14
medicina,4
medico,1
medicus,9
medina,8
medio,7
mediocre,27
mediterranean,1
medium,398
medius,634
medulla,3
medusa,145
megaera,52
megalopolis,2
megara,7
megatron,1
meghalaya,4
mei,3
mekong,1
melaleuca,192
melancholia,3
melanesia,3
melanoma,10
melba,48
melchior,4
meleager,31
meliacea,3
melinda,10
melitis,1
melodia,46
meloe,1
melon,2
melos,1
melpomene,122
membrana,10
memnon,48
memnonium,1
memo,2
memorandum,4
memphis,5
menado,11
menander,15
mencius,7
mendelian,1
mendoza,5
mene,1
menes,11
menhaden,3
menina,1
meninx,1
meniscus,29
meno,3
menorah,3
menos,1
mensa,7
mensis,1
mentor,15
mentum,2
menu,2
menus,1
meo,10
mephistopheles,16
mephitis,30
mercator,21
mercurii,13
mercurius,42
mercury,1
mere,2
merengue,1
merganser,7
merino,3
merle,2
mertens,1
mesa,7
mescal,1
mese,4
meson,7
mesopleuron,2
mesopotamia,4
mesothorax,4
mesquite,2
messalina,17
messene,5
meta,48
metastasis,1
metathesis,3
mete,2
meteor,11
meticulous,2
metope,4
metropolis,4
meus,8
mex,1
mexicali,1
mexican,3
mexicana,3207
mexicano,1
mexico,5
mezereum,11
mi,10
mia,2
miami,4
miasma,3
mica,112
michael,3
michaelmas,1
miches,1
michoacan,1
micmac,5
micra,183
micrander,1
micro,5
microcline,1
micrococcus,15
microgram,1
micromelus,2
micron,27
micronesia,8
microorganism,1
microphthalmos,2
microscopium,2
microsporangium,1
midas,141
midi,1
mie,1
miffy,1
mignon,5
mignonette,1
mihi,2
mii,3
mikado,76
miles,176
miletus,5
miliaria,50
militia,1
milium,29
millbrook,1
millennium,2
millepore,1
mills,1
millstream,1
milne,1
milo,16
miltiades,8
milton,1
mimas,28
mime,9
mimesis,4
mimicry,1
mimosa,30
min,2
mina,43
minaret,1
mindanao,15
mindoro,11
minera,4
minerva,81
ming,8
mini,18
minima,3115
minimum,538
minimus,1514
minium,6
mink,4
minna,24
minneapolis,2
minnesota,8
minor,10631
minorca,1
minos,75
minotaur,4
minus,1452
minute,1
minutes,9
minuti,3
minutia,3
minutiae,1
minuto,1
minx,3
mio,1
miosis,2
mira,484
miracidium,1
miracle,1
mirador,2
miraflores,2
miranda,373
mire,1
mirna,1
mirror,3
mirza,14
miscellanea,3
miser,161
mishima,1
misma,2
missile,3
missus,6
mistassini,3
misti,1
mite,47
mithras,20
mitis,546
mitosis,1
mitra,110
mitzi,1
miura,1
mixed,6
mixtec,1
mizar,4
mme,1
mneme,18
mnemosyne,87
mo,1
moa,12
mobile,28
mobula,1
moca,2
mocha,2
mode,1
modena,3
moderator,10
modicum,24
modigliani,23
modiolus,26
modulator,9
modulus,11
moe,3
mogote,1
mogul,6
mohammed,5
mohave,9
mohican,1
moi,16
moia,1
moises,2
mojave,14
mojo,2
moke,2
mol,1
mola,26
moldavia,1
mole,2
molecular,1
molecule,6
molina,25
molluscum,98
molly,2
moloch,29
molokai,4
moltke,1
moly,18
mombasa,3
momus,28
mon,5
monadnock,1
monas,25
monde,1
mondo,2
mong,1
mongo,2
mongol,11
mongolia,5
monica,22
monitor,25
mono,52
monoceros,160
monomania,1
monoplanes,1
mons,4
monster,2
monstrous,1
montana,4293
monte,3
montenegro,3
monterrey,1
monteverdi,4
montezuma,104
montgomery,1
moore,1
mop,1
mora,44
morales,1
morava,1
moravia,4
morbus,1
mordecai,1
morea,3
morelos,5
mores,2
morgan,1
morion,5
mormon,44
moro,9
morocco,1
morone,2
morose,1
morpheus,28
morris,1
mors,4
morsus,14
morta,10
morti,8
mortimer,1
morula,63
mosaic,3
mosca,3
moscheutos,11
moseley,1
moses,6
mosquito,3
mot,1
motmot,9
motor,2
motto,1
motus,1
mou,2
mountaineer,1
mouse,1
mox,1
moxa,7
mozambique,2
mozzetta,2
mss,3
mu,8
mua,3
muchos,1
mucor,21
mucosa,162
mucoviscidosis,1
mucro,9
mudfish,1
mudra,2
muenster,2
muerte,1
mufti,1
mui,7
muir,1
mulciber,33
mullah,3
muller,1
mullion,1
multa,22
multicolor,368
multifarious,1
multipara,4
multiparous,1
multiplex,230
multo,1
mum,1
mun,1
munda,445
mundo,1
mundy,1
munge,2
muntjac,4
muon,1
muong,4
murcia,14
mures,1
murex,58
murillo,1
muris,82
murmur,1
murphy,2
murray,2
murva,1
mus,161
musa,29
musca,65
muscat,1
muscogee,1
muscorum,393
muscularis,17
musculi,25
muscus,10
musei,10
musette,1
musica,74
musicale,2
muskogee,1
muslim,1
mustang,2
mut,2
mutatis,1
mute,1
muttra,1
mya,8
myall,3
mycenae,2
mycorrhiza,1
myelitis,1
mylitta,22
myna,2
myopia,1
myopic,1
myosotis,94
myra,6
myrica,12
myrmidon,49
myrobalan,2
myron,18
mys,7
mysia,15
mystic,7
mytilene,4
na,1
naboth,1
nabu,1
naco,1
nada,10
nadine,1
nadir,2
naevus,18
naga,37
nagaland,1
nagana,7
nagano,2
nahuatl,5
nahum,1
naiades,2
nairobi,5
nakina,1
nam,1
nama,38
namangan,1
namibia,12
nammu,1
nan,5
nancy,1
nanna,28
nansen,1
naomi,9
naos,2
naphtha,1
napoleon,7
napoli,1
nar,2
nara,20
naraka,1
narcissus,64
narcosis,1
nares,1
narthex,4
narva,6
narwal,1
narwhal,3
nasa,8
nassau,1
nasturtium,22
natal,1
natale,3
natalie,1
natator,69
nates,1
nathan,1
nato,2
natura,1
naturae,3
naturalis,8
nauplius,6
nauru,1
nausea,3
nautilus,12
navaho,3
navi,1
navidad,3
navigator,24
naxos,4
nayarit,7
ndu,1
nea,16
nebo,3
nebraska,2
nebula,48
nebulous,1
nec,124
necropolis,3
nefertiti,2
negate,1
negrito,12
negro,8
negus,20
nele,1
nella,8
nelly,1
nelson,2
nemesis,31
nemrod,1
nena,1
neo,3
neogaea,25
neon,7
neoptolemus,6
nepali,3
nepenthe,6
nephridia,1
nephridium,1
nephrostoma,1
nepos,79
neptune,1
neptunium,4
nere,1
nereus,16
nero,57
nerva,5
nervi,2
nervorum,5
nessa,2
nessus,19
nesta,6
neste,1
nestor,53
neu,6
neuritis,1
neustria,15
neuter,32
neutrino,1
neutron,1
neva,4
nevada,29
nevis,1
nevski,1
newcastle,1
nex,5
nexus,45
nga,1
ngai,4
ngi,16
nho,1
ni,13
nia,4
nicaea,17
nicaragua,2
nice,3
nicias,23
nicodemus,1
nicolai,67
nicolaus,1
nicosia,1
nicotiana,12
nicoya,7
nid,54
nidicolous,1
nidus,51
nig,1
niger,2091
nigeria,5
nihilum,1
nii,3
niigata,1
nike,12
nikko,2
nil,11
nile,1
nili,15
nils,1
nimbus,21
nimis,1
nimrod,13
nina,38
ninhursag,1
ninlil,1
ninurta,2
nio,1
niobe,114
niobium,1
niobrara,3
nipa,2
nipping,2
nippon,45
nirvana,12
nisi,5
nisus,43
niue,2
nix,18
nne,1
no,3
noa,7
noach,1
noah,4
nob,2
nobis,3
nocht,1
noctiluca,29
noda,22
nodose,1
nodus,40
noe,31
noel,7
noite,1
nok,1
nom,2
nomenclator,1
nomenclature,1
nomismata,1
nona,25
none,1
nonpareil,3
nootka,2
nord,1
norfolk,1
norm,1
norma,35
normale,146
norte,1
norvegiae,6
nose,1
nossa,1
nostalgia,1
nostoc,2
nostra,10
nostradamus,3
nostrum,1
nota,39
notelaea,1
notidanus,3
notogaea,2
notum,1
notus,23
nou,3
nova,274
novae,33
novara,2
novella,63
novena,3
novi,1
novia,1
novo,2
novosibirsk,1
novus,145
now,1
nox,106
nsp,3
nu,2
nua,1
nubia,5
nubile,2
nucleolus,19
nucleon,1
nucleus,102
nuculae,1
nude,1
nue,1
nueva,5
nui,11
nulla,12
nullum,3
num,1
numa,20
numbat,2
numen,3
numerus,5
numidia,6
nun,3
nunatak,1
nur,1
nurse,7
nut,1
nutria,2
nux,102
ny,3
nya,2
nyala,4
nye,2
nyi,2
nympha,166
nyo,1
nyx,20
oa,2
oahu,8
oakley,1
oasis,41
oaxaca,36
oba,7
obconica,115
obe,1
oberon,23
obi,4
obligatum,1
oblique,4
obliterate,2
obliterates,1
oblongus,777
obo,8
obolus,10
obscure,1
obscures,1
obsidian,1
obsolete,1
obturator,2
obtuse,2
obvious,1
oby,1
oca,4
ocarina,5
occipitale,13
oceana,20
oceani,64
oceania,14
oceanus,24
ocelli,2
ocellus,30
ocelot,3
ocher,1
ochrea,109
ocilla,1
ocosingo,6
ocotillo,2
ocrea,7
octans,3
octave,1
octavia,40
october,2
octopus,12
oculi,9
oculis,4
oculorum,2
oculus,67
ocypoda,2
oda,7
odeon,1
odin,8
odium,1
odobenus,2
odor,1
odysseus,14
oea,1
oedema,19
oedipus,140
oenone,49
oesophagus,1
og,1
oga,1
oh,1
ohara,9
ohe,1
ohia,1
ohne,1
ohu,1
oi,2
oidium,1
oii,1
oin,1
oiticica,1
oja,1
oji,1
ojibwa,4
ojo,1
ok,1
oka,2
okapi,4
okeechobee,3
oki,3
okinawa,9
oklahoma,8
oko,1
okra,3
oku,3
ola,2
older,1
oldhamia,2
oleander,6
oleaster,11
olei,20
oligochaete,5
oliphant,1
olivaceous,11
olive,1
oliver,3
olla,30
olus,2
olympia,34
olympian,1
olympus,28
oma,3
omaha,6
omasum,3
ome,3
omega,73
omen,3
omi,2
omnibus,1
omnium,1
omo,2
omora,1
omphale,51
ona,10
onager,11
onassis,1
onega,7
oneida,10
oni,7
online,11
onondaga,4
ontario,29
onu,1
onus,3
onyx,47
oo,12
ooa,1
ooh,1
ooi,3
oon,1
ooo,1
oops,2
opa,2
opah,1
opal,2
opaque,1
ope,1
operator,1
opercula,4
operculum,9
ophir,9
ophiuchus,12
ophthalmia,1
ophthalmitis,1
opisthotonus,1
opium,2
opo,1
oporto,1
opossum,8
opponens,16
ops,19
optimum,21
opuntia,50
opus,6
oquassa,3
ora,27
oracle,2
orang,1
orange,1
orangutan,3
orator,5
orbicular,1
orbicularis,1004
orbiculate,1
orbiculoidea,3
orbitae,1
orbitolites,2
orc,3
orchestra,1
orcus,31
ordines,1
oregon,11
orestes,112
organa,2
organism,4
organisms,2
organum,7
ori,11
oriel,2
oriental,2
orientate,1
oriente,4
origami,5
origin,2
origines,1
orion,121
orissa,18
oriya,1
orizaba,32
orleans,26
ornate,6
ornis,3
ornithorhynchus,13
oro,9
oromo,4
orontes,18
orpheus,79
orris,1
orthodox,4
orthognathous,1
oruro,1
orvet,1
oryx,62
oryzivorous,1
os,1
osa,22
osage,3
oscillator,20
osculum,19
oshea,1
osiris,71
osman,1
osmunda,7
oss,1
ossa,18
osteitis,1
osteolepis,1
ostia,11
ostiola,2
ostium,2
osu,1
osy,1
ot,1
ota,1
oti,10
otina,1
otis,28
otitis,3
oto,2
otra,3
otto,11
ottoman,1
otway,2
ou,4
ouachita,10
ouch,1
oui,3
oujda,1
our,2
ouro,1
ousia,1
ova,9
ovate,1
ovi,7
ovid,1
oviductus,6
ovipositor,5
ovo,1
ovule,1
ovum,174
oxa,2
oxalis,11
oxe,1
oxi,2
oxus,2
oxy,3
oxymoron,1
oxyopia,2
oya,2
oyo,1
oz,4
oza,1
oze,1
ozi,1
paa,3
paccha,1
pacer,2
pacha,11
pachysandra,5
padishah,1
padre,1
padua,1
padus,33
pae,2
paella,1
paeon,9
pagoda,100
pahang,2
pahari,8
pai,6
paine,1
pains,2
pais,10
paisa,7
paisano,1
pak,1
pakse,2
palace,1
palaestra,2
palaung,1
palawan,4
palembang,2
palenque,18
pali,5
palladium,2
pallas,37
pallium,16
pallor,12
palma,28
palmar,4
palmerston,2
palmetto,14
palmira,4
palmyra,20
pampa,18
pampas,2
pampero,1
pamphylia,3
pamplona,1
pan,76
panacea,12
panache,1
panama,25
panamint,1
panay,2
panda,100
pandanus,7
pandarus,15
pandora,110
pang,2
panga,4
pannonia,8
panoply,1
pantheon,3
panther,2
panto,2
pao,2
papa,20
papai,2
papaya,13
paper,5
paphlagonia,2
paphos,9
papilla,37
papillon,2
papillote,1
pappus,10
papua,191
papyrus,23
par,67
para,25
paraba,3
parabola,23
paracelsus,2
paracephalus,1
parade,1
paradise,1
paradox,3
paragon,1
paralipomena,1
parallax,1
paramatta,1
paramecium,3
paramo,6
parana,49
parang,2
parapsis,1
parasol,2
paratuberculosis,4
parce,11
pareira,38
parenthesis,22
paries,1
paris,53
parish,1
parka,2
parma,64
parmenides,6
parnaiba,1
parnassus,2
parola,1
paronychia,5
parr,1
parry,1
pars,6
parte,1
parthenogenesis,2
parthenon,2
parthenopaeus,4
parthenope,23
parthenos,5
parthia,3
partisans,2
partita,192
partizan,1
parton,1
parvati,8
parvis,6
pas,1
pasadena,4
pasargadae,1
pasha,6
paso,1
passa,12
passer,14
passerine,1
passim,1
passus,4
pasta,2
pastor,24
pastorale,6
patagonia,12
pataka,1
patchouli,3
patella,158
pater,21
paterfamilias,5
paternoster,2
pathan,3
pathogen,2
patillas,1
patina,37
patmos,2
patroclus,20
patti,1
pau,5
paul,1
pauli,179
pauline,1
pauper,374
paura,3
pavo,94
pavonine,2
pax,58
paxiuba,1
pe,1
pea,1
peba,5
pecan,4
pech,1
pecora,1
pecos,6
pecten,92
pectens,1
pectinate,1
pectoralis,765
pedate,1
pedunculate,1
peepul,1
pegasus,43
peggy,1
pehlevi,2
pei,1
peking,1
pela,15
pelargi,1
pelargonium,1
pelas,3
pelias,24
pelion,6
pella,28
pelops,46
peloria,20
pelorus,6
pelos,1
pelota,5
pelotas,1
pelvis,4
pemba,5
pemphigus,10
pen,1
pena,5
penang,2
penates,2
pendulum,352
penelope,98
peneus,1
penguin,5
penicillium,16
peninsula,17
penis,7
penna,30
pennate,1
penni,5
pennsylvania,8
pensa,10
pensi,1
pensile,21
penstemon,2
pentagon,2
pentecost,2
pentheus,14
pentstemon,2
penumbra,6
peon,4
peosta,2
peplum,4
pequena,6
pequeno,2
pera,18
peraea,4
perak,2
perau,1
percha,4
percheron,1
percival,1
percy,1
perdere,1
perdi,1
perdido,4
peregrine,1
perfection,1
perforate,1
peri,26
pericardium,2
pericles,21
perinde,2
periphrasis,1
peristalsis,2
perla,72
pernambuco,2
pero,10
peropus,1
perp,1
perplex,3
perro,1
perron,3
perse,11
persephone,87
perseus,44
perseverance,1
persia,2
persis,7
persona,31
perth,1
pertussis,3
peru,10
pes,7
pestana,1
petasus,25
petechia,97
peter,3
peters,1
peti,1
petit,5
petitions,1
petra,15
petrie,2
petroleum,1
petronius,24
petunia,2
phacochoerus,2
phaedra,53
phaedrus,22
phaeton,36
phalanger,1
phalanx,6
phallus,7
phantasmagoria,3
phantom,3
pharaoh,1
pharos,8
pharsalus,8
phasis,14
phebe,7
phenix,2
phenomenon,1
phi,7
phidias,29
phila,17
philadelphia,8
philander,33
philemon,26
philippi,130
philippines,2
phillips,1
phillis,2
philo,10
philoctetes,16
philodendron,6
phlebitis,4
phlegethon,8
phlox,13
phobia,1
phobos,6
phocaea,10
phoebe,119
phoebus,69
phoenicia,27
phoenix,116
phono,1
phosphor,4
phosphorus,8
photon,1
phrixus,5
phrygia,103
phu,2
phyla,2
phyle,2
pi,13
pia,45
pica,150
picas,1
picasso,1
piccadilly,1
piccanin,4
piccola,10
piccolo,5
picnic,1
pictor,37
pie,1
piebald,1
pierce,1
pieria,8
pierre,1
pieter,2
pigmy,1
pignus,3
pii,1
pika,1
pikes,1
pilatus,49
pilbara,20
pilcomayo,1
pileum,10
pileus,63
pili,1
piliferous,3
pilot,1
pimento,7
pindus,5
pine,1
pineola,1
pinero,1
pinetum,1
ping,4
pinna,28
pinta,11
pinto,18
pintura,1
pion,3
pioneer,1
pior,3
pious,1
piper,4
pipiri,1
pipistrelle,2
pique,2
piragua,4
piranha,7
piripiri,1
piririgua,2
pisa,4
piscator,53
pisces,2
piscina,8
pisistratus,4
piso,11
pistola,2
pita,18
pitanga,20
pithos,1
piton,2
pitta,2
pity,1
pix,11
pixie,1
pizarro,4
placenta,141
plane,2
planula,31
plasma,1
plastid,1
plata,18
plataea,2
plateau,1
platina,10
platinum,2
plato,19
platypus,140
platysma,13
plautus,34
playa,2
plea,3
plebs,8
plecotus,2
plectrum,12
pleiades,18
plenum,48
plethora,3
pleura,2
pleuron,3
plexus,21
plica,38
plotinus,4
plumbago,6
plumbum,2
plumose,3
plus,1
pluto,223
pluton,8
plutonium,1
plutus,34
pneuma,1
po,1
poa,20
pocahontas,11
poco,17
podagra,8
podesta,1
pogonia,2
poi,4
poinciana,1
pokorny,1
pola,11
polaris,412
pole,1
polis,3
polito,1
polka,2
pollera,1
pollux,89
polo,1
polyanthus,93
polybius,4
polychaete,11
polycrates,7
polydeuces,1
polygnotus,2
polyhedron,3
polyhymnia,19
polymele,2
polynesia,8
polynices,5
polypheme,1
polyphemus,100
polypodia,1
polypus,26
pomona,51
pompadour,3
pompeii,1
ponce,3
poncho,1
pons,6
pontanus,1
pontiac,4
pontianak,1
pontifex,43
pooh,1
poona,1
poplar,1
populum,2
pore,1
porgy,1
pori,36
poring,2
porphyria,63
porra,3
porsena,2
porta,10
porte,1
porti,3
portugal,1
portulaca,2
posada,1
pose,1
poseidon,38
positron,1
possum,2
post,1
poster,1
posterior,28
potamogale,1
potato,1
potentilla,24
potomac,1
potoroo,2
potpourri,1
potter,1
potto,15
potty,1
powhatan,1
pox,2
pra,1
praecognitum,1
praetor,44
praia,8
prairie,1
prate,1
praus,1
praxis,5
praxiteles,4
pre,40
precious,1
precisa,2
precocious,2
precursor,24
predator,3
prehensile,7
premium,1
preoccupied,1
presa,1
presbyter,9
present,1
presidio,3
press,2
pretexta,2
pretoria,3
pretorius,2
priam,8
priapus,63
prima,394
primavera,6
primera,2
primipara,3
primordium,1
primula,51
primus,219
princeps,1018
princes,3
principal,1
principe,5
principium,3
prionus,1
prior,29
priscilla,19
prisoner,1
private,1
pro,29
proa,1
problema,19
proboscis,15
proclus,3
procne,23
proconsul,3
procrustes,6
procurator,6
procyon,9
prodromata,2
products,1
profuse,1
progenitor,16
proglottis,1
progreso,1
projectile,1
projector,2
prolepsis,2
prolix,1
prometheus,60
promissor,1
promoter,1
prone,2
pronta,1
pronuba,11
propeller,1
proper,2
propertius,4
propia,4
propositus,2
propraetor,4
prosector,1
prosecutor,1
proserpina,120
prospector,4
prospectus,5
prosper,23
prostates,1
prostheca,1
prosthesis,2
protasis,3
protector,6
proteides,1
protein,1
proteus,357
prothorax,1
protist,3
protium,3
proton,1
protonema,1
protozoan,1
protuberance,1
prove,1
provo,6
proximo,1
prudentius,2
prunella,14
psalterium,2
pseudaxis,4
pseudo,7
pseudochrysalis,2
pseudopupa,1
psi,25
psiloses,1
psittacosis,1
psoriasis,3
psyche,66
psychosis,1
ptah,3
pteris,2
pterocles,3
pterodactyl,1
pti,1
ptolemaeus,1
pua,1
pubes,24
pubescent,2
pubis,6
puca,3
puccoon,1
puce,2
puck,3
pue,1
puebla,24
pueblo,1
puerile,3
puerta,3
pui,15
puk,1
pula,3
puli,2
pulque,1
pulsar,1
pulvinus,25
pum,1
puma,23
punchinello,1
pundit,2
punjabi,3
punt,2
pupa,127
puppis,5
pure,1
puri,13
purpura,48
pusan,1
pushan,1
puta,39
putamen,4
putamina,2
putative,2
pute,1
putumayo,8
pydna,3
pye,1
pygmy,1
pyi,3
pylorus,7
pylos,2
pyn,1
pyo,1
pyrameis,1
pyramidella,13
pyramidon,1
pyrene,14
pyrethrum,12
pyrex,2
pyrites,7
pyrope,7
pyrrha,69
pyrrho,4
pythagoras,10
pythia,22
python,10
pyu,2
pyxidium,1
pyxis,28
qeshm,1
qia,1
qii,9
qin,1
quadrate,1
quadriceps,110
quadriga,2
quadrigeminum,3
quadruplator,2
quadruplex,27
quagga,49
quale,1
quamash,17
quanta,6
quantum,1
quark,1
quasar,1
quasi,2
quasimodo,35
quathlamba,2
quatro,1
quechua,22
queda,4
queensland,2
quei,1
quella,1
querencia,1
querida,2
quest,1
questa,3
questi,2
questor,1
quetta,1
quetzal,8
quetzalcoatl,5
qui,5
quiche,3
quiera,1
quietus,39
quillon,1
quilmes,2
quincunx,23
quintero,1
quintile,1
quipu,1
quirinus,7
quirites,2
quito,2
quitu,1
quoi,2
quondam,2
quorum,1
quota,4
ra,5
rabbi,5
rabbit,1
rabia,1
rac,3
rachis,5
rachitis,2
radiator,7
radii,10
radio,1
radiolaria,1
radiolarian,1
radium,1
radius,21
radix,47
radon,3
radula,361
rae,2
rafflesia,9
ragazzi,3
rai,5
rail,2
rainier,2
raj,1
raja,49
rajah,51
rajasthani,2
rajput,5
rakata,1
raki,12
ram,2
rama,57
ramakrishna,1
ramayana,3
rambutan,2
ramentum,2
ramose,2
rampant,1
ramsay,1
ramses,6
ran,1
rancho,4
ranee,3
rangoon,1
rani,13
ranunculus,31
rapaz,1
rape,1
raphael,5
raptor,104
rar,1
rare,1
rarotonga,2
ras,11
rasbora,6
raspberry,1
rasputin,1
rata,22
ratan,6
ratel,3
ratio,2
rau,3
raven,2
ravenna,3
ravia,1
rawalpindi,1
re,4
rea,9
ready,1
real,3
reata,2
rebecca,14
rebus,7
rec,1
receptor,2
recife,3
recline,1
recluse,1
reconciliator,1
records,4
recs,1
rectangular,3
recti,1
rector,9
rectrix,1
rectum,154
rectus,348
recuerdo,2
recuperator,3
redivivus,21
refers,1
reflector,1
refugio,1
regain,1
regale,82
regalia,5
regenerator,7
regina,425
regiomontanus,13
regulars,2
regulator,5
regulus,169
rei,6
reich,1
relatives,1
relator,4
relax,2
reliquiae,2
remex,23
remora,11
remus,34
ren,5
reni,24
repeater,1
replica,1
reporter,1
reptile,14
reptilivorous,1
res,1
reseda,3
reservations,1
resh,6
reside,1
residuum,6
resistible,2
resolution,1
responsum,4
resta,3
rete,16
retiarius,23
reticella,2
reticulate,4
reticulum,58
retina,6
retractile,2
retro,2
retsina,1
reu,1
reval,2
rex,427
rey,1
rha,1
rhachis,6
rhadamanthus,50
rhaetia,2
rhea,55
rhenium,1
rhesus,25
rheum,1
rhinarium,1
rhino,7
rhinoceros,183
rhizobium,1
rho,6
rhode,11
rhodes,1
rhodesia,2
rhodium,25
rhododendron,13
rhodos,3
rhombus,87
rhonchus,3
rhyton,1
ria,3
riata,2
ricardo,1
ricci,3
richards,1
richardson,1
ricordi,21
rictus,6
rifi,1
rift,1
riga,3
rigel,1
rigor,1
riley,3
rim,1
rimini,1
rio,6
ripens,1
rishi,2
rivera,3
rivers,4
riviera,1
ro,2
roa,3
roba,1
robe,2
robert,2
robina,1
robinia,2
roble,1
robust,3
roca,1
rockaway,2
rockingham,1
rocky,1
rococo,5
rodent,2
rodeos,1
rogue,1
rohan,1
roi,3
rol,1
rolland,6
roma,3
romaine,1
romania,3
romano,1
romeo,17
romulus,12
ron,1
rondo,3
roo,3
root,5
rootstock,3
rorqual,1
ros,3
rosa,90
rosario,7
rosarium,19
rosati,1
roscius,7
rose,1
roseola,148
rosetta,43
rosette,2
rossini,1
rostellum,28
rostrum,38
rota,67
rotator,4
rotifer,18
roto,1
rotorua,2
rotunda,777
rou,1
rouge,1
rough,2
rousseau,2
roy,1
royal,2
rua,6
rubber,2
rubella,598
rubens,684
rubeola,35
rubican,1
rubicon,1
rubor,1
rude,108
rufford,1
rufous,3
rui,1
rumba,1
rundle,1
rurik,3
rus,6
russell,2
russian,1
rustic,1
rutabaga,1
ruth,10
ruthenia,2
ruthenium,2
ruwenzori,16
rx,1
ryl,2
saadi,5
saavedra,2
saba,41
sabadilla,4
sabah,22
sabia,5
sabinal,1
sabine,3
sabra,1
sabre,1
sabula,1
sacandaga,1
sacco,1
sacculus,63
sacellum,11
sachem,1
sacrum,8
safari,3
saga,75
sagitta,229
sagittarius,106
sagittate,1
sago,2
sagra,22
saguaro,3
sah,1
sahara,2
sahib,1
sai,3
said,4
saida,7
saiga,10
sair,3
saiva,1
sakai,13
sake,15
saki,3
sal,2
sala,12
saladin,5
salamanca,1
salamander,4
salamandrina,1
salami,3
salamis,4
salem,1
salina,514
saline,2
salish,5
saliva,1
salmanazar,3
salmi,6
salmon,2
salpa,8
salpinx,22
salta,16
saltillo,1
salto,4
saltus,23
saluki,4
salut,1
salvador,4
salve,1
salvia,16
sam,2
sama,5
samadhi,2
samara,11
samaria,3
samba,10
sambar,2
sambo,3
samoa,6
samos,5
samosa,1
samson,12
samsun,1
samurai,21
san,17
sanctum,54
sanctus,135
sandakan,1
sandarac,2
sanderling,2
sandstone,1
sandy,1
sang,2
sangria,1
sanguinaria,64
sanguines,1
sanies,2
sanitarium,1
sans,1
santa,18
santayana,1
santee,1
santiago,13
santo,6
santonica,11
sao,15
saphena,4
sapinda,1
sapodilla,2
sapor,9
sapota,28
sapphira,22
sara,66
sarai,14
sarasota,2
sarasvati,5
sarawak,9
sarcoma,1
sarcophagus,16
sarcorhamphus,1
sardanapalus,3
sardinia,4
sardis,1
sardonyx,14
sargasso,1
sari,11
sarmentum,4
saros,1
sarpedon,80
sarracenia,4
sarsaparilla,1
sartor,29
sartorius,3
sasabe,1
sasak,1
sasin,5
saskatchewan,2
sassafras,48
sassy,1
sat,5
satan,10
sate,2
satori,1
satrap,3
satsuma,9
saturate,1
saturnalia,1
satyr,7
sau,1
sauce,1
saul,2
sauna,1
sausa,1
sava,1
savaii,4
savanna,10
savannah,2
savina,1
savona,9
savour,1
sax,1
say,4
scabia,2
scabies,17
scabrous,1
scala,32
scale,1
scalenus,9
scaliger,17
scamander,8
scamandrius,1
scandinavia,1
scandium,1
scapula,13
scarabaeus,20
scarificator,2
scarlatina,73
scarpa,1
sch,1
schistocephalus,1
schizo,1
schizophrenia,1
schmidt,2
schnauzer,1
schneider,2
schrader,1
scilla,9
scimitar,15
scimiter,1
scintilla,48
scipio,36
scissile,1
scissor,1
sclera,8
scleroderma,13
scleroma,1
scolex,3
scopas,21
scope,1
scopolia,2
scopula,61
scoria,11
scorpio,72
scorpius,41
scotia,38
scotus,7
scraper,1
scrofula,1
scrotum,3
scrub,1
scrutator,73
scuba,1
sculptor,7
scurrile,1
scuta,6
scutum,34
scylla,52
scyphus,30
scythe,2
scythia,3
seaver,1
sector,32
secund,1
sedan,1
sedilia,2
seena,2
segura,3
sei,3
seis,4
seiurus,1
selaginella,9
selangor,6
selector,4
selene,129
selenium,1
sem,4
semana,1
semang,2
semaphore,2
semele,40
semen,73
semibreve,1
semicolon,23
seminole,39
semiramis,39
semolina,1
senator,23
sendai,2
seneca,14
senega,9
senegal,27
senile,48
senior,30
senium,1
senna,35
sennacherib,1
sense,1
sensillum,1
sente,1
sepal,2
separator,3
sepia,36
sepsis,1
septa,22
septentrion,1
septula,1
septum,8
sequela,2
sequence,4
sequester,5
sequoia,35
sera,62
seraglio,1
serapis,21
seras,1
serena,171
serenata,6
serene,2
sergipe,1
seria,6
sericeous,2
seriema,1
seringa,1
serosa,4
serotine,2
serpens,614
serpentes,1
serpentine,1
serran,2
serum,20
serval,40
servia,1
sesame,3
sesquialtera,2
sessile,219
set,2
seta,14
setaceous,1
seth,3
setula,12
seu,3
severe,1
severini,153
severus,85
sex,7
sextans,7
sexton,2
sextula,1
sexual,1
sey,1
seychelles,1
shadow,1
shah,7
shakti,1
shaman,4
shamash,3
shan,14
shang,1
shantung,1
shari,2
sharpie,1
shawnee,6
sheba,5
sheikh,1
shensi,1
sherif,1
sherry,1
shi,4
shikii,1
shikoku,1
shillong,2
shilluk,1
shin,2
shina,1
shingon,2
shinto,7
shirleen,1
shiv,1
shiva,43
sho,2
shoa,3
shoe,1
shoemaker,1
shogun,4
shorea,2
shoshone,31
shrimp,1
shu,2
shul,1
shun,12
shushan,1
shuttlecock,1
sia,4
siam,4
siamang,2
sibelius,3
sibling,5
sibyl,1
sic,10
sich,1
sicilia,3
sicyon,4
side,5
sides,2
sidon,2
sidra,1
sie,1
sienna,8
sierra,66
siesta,2
sigla,1
sigma,155
significa,4
signorelli,1
sigurd,2
sii,23
sika,7
sikh,3
sil,1
silencio,1
silesia,2
silhouette,2
silica,1
siliqua,69
silma,1
silo,6
silva,20
silvanus,77
silver,1
sima,81
simarouba,1
simba,12
simeon,1
simile,420
simla,19
simon,4
simone,1
simonides,2
simple,1
simpler,1
simples,4
simplex,5527
simpulum,3
simsim,1
simulacrum,33
simulator,262
simultaneous,2
simurgh,1
sin,2
sinai,17
sinal,2
sinaloa,26
sinciput,1
sindhi,2
sine,3
sing,2
singular,2
sinica,823
sinister,23
sinistra,66
sinon,12
sio,2
siouan,1
sioux,4
siphon,5
siphoniata,2
sirdar,2
sire,1
siren,18
sirius,40
sirki,1
sis,2
sisera,5
sisyphus,21
sita,32
site,1
sitka,4
situla,12
situs,2
siu,1
siva,62
sivas,1
siy,1
sk,1
skeleton,6
skimmia,1
skinner,1
skipper,1
skye,1
slender,1
slovakia,2
small,1
smilax,23
smile,1
smith,3
smo,4
smyrna,1
snippy,1
soa,8
sober,1
social,1
socii,1
socorro,3
socotra,4
socrates,15
soda,10
sodom,3
soeur,1
sofa,5
sofia,11
soft,1
softa,2
sogdiana,131
soi,1
sokoto,1
sol,105
sola,96
solange,1
solano,1
solanum,11
solar,2
solarium,17
solatium,1
sole,1
soleil,1
solfatara,4
soli,164
solicitor,1
solidago,6
solidus,262
solio,1
solitaire,2
solo,6
solomon,7
solon,29
solus,101
soma,26
somali,18
somalia,7
somber,1
sombrero,6
somnus,10
somos,1
son,2
sonata,3
song,8
sonne,4
sonora,60
sonorous,1
sons,3
soon,1
soong,1
sophia,70
sophocles,6
sophrosyne,8
sora,6
soredium,1
sorella,19
sorge,1
sorghum,168
sorgo,1
sori,3
sorites,2
sorosis,3
sorpresa,4
sorus,3
sotol,1
sotto,1
souza,1
sown,1
spadix,181
spain,1
spanner,2
sparta,11
spartacus,9
spathe,3
spatula,89
spec,8
specimen,1
specious,6
spectator,23
spectra,25
spectre,1
spectrum,164
speculator,48
speculum,108
spegazzini,15
spence,5
spencer,2
sperma,1
spermatozoon,5
spherula,1
sphincter,1
sphinx,139
spica,64
spiculum,27
spiniferous,2
spinifex,61
spinose,1
spinous,1
spinoza,1
spiraea,7
spirillum,25
spirochete,1
spirogyra,7
spirula,17
spk,1
splendor,3
spondylium,1
spondylus,1
sponge,1
sponsor,9
sport,2
spotted,1
sprightly,1
spring,1
springbok,1
springer,1
spruce,1
spurious,1
sputum,2
squama,29
squamosis,1
squash,1
squeteague,2
sri,2
stabile,5
stable,1
staccato,1
staff,2
stamina,3
stanford,1
stannum,2
stans,84
stapes,9
stata,8
statius,7
stator,4
status,4
stein,1
steinhatchee,1
stela,3
stella,187
stem,1
stemma,4
stenosis,3
stentor,25
stephanotis,1
sterigma,4
sterile,40
sterna,6
stheno,21
stia,1
stibium,1
stigma,334
stiletto,2
stilton,1
stimulus,5
stirling,1
stirps,17
stoliczka,3
storax,2
strabismus,2
strabo,36
strada,2
stradivarius,1
strain,27
stramonium,13
strata,7
stratiformis,2
stratum,8
stratus,19
strenuous,2
stria,15
stridulous,1
striges,1
strigil,6
stripe,1
striped,2
strobila,7
stromboli,1
strophe,2
strum,1
struma,7
stuart,1
studies,1
stumpy,1
stupa,9
stupor,2
sturt,1
stylus,19
styrax,12
styria,12
styx,126
sua,4
suave,57
sub,2
subalpine,1
subanun,1
subdivision,2
subgenus,15
sublime,3
subnucleus,1
subspecies,2
substitute,1
subtense,1
subterranean,2
subterraneous,2
subtile,235
suburbia,2
succedaneum,16
successor,14
succubus,1
sucre,3
sudan,1
sudd,1
sudor,1
sudra,10
sue,2
suetonius,3
suevi,3
sui,21
suis,52
suk,6
sul,5
sulcus,18
sulfur,2
sulfureous,1
sulla,14
sulphurate,5
sultan,11
sultana,52
sum,1
sumac,3
sumach,1
sumatra,3
sumba,9
sumbawa,3
summa,37
sumo,1
sundae,6
sungari,1
sunna,1
suomi,1
super,1
superb,1
superior,63
supernova,2
superstratum,1
supra,2
sur,3
surakarta,2
surinam,2
sus,45
susa,6
susanna,17
susanoo,1
susurrus,5
sutlej,1
sutra,1
suwannee,1
swahili,2
swainson,12
swastika,2
swing,1
sx,1
sybaris,11
syh,1
syi,1
syllabus,3
sylvanus,72
symbion,1
symphonia,2
symphysis,2
syn,3
synapsis,1
synchrotron,1
syncope,1
synonym,3
synthesis,3
synthetic,2
syringa,12
syrinx,51
systole,2
taa,1
tabasco,8
tabebuia,1
table,6
tabu,6
tabulator,1
tac,2
tachyon,1
tacitus,39
tacoma,15
tactile,1
tadpole,2
taenia,115
taeniobranchia,1
tagalog,7
tages,23
tagore,3
tahiti,2
tahoe,3
tai,13
taiga,13
taipo,1
taiwan,4
tajo,1
takao,4
take,8
takin,4
takyr,1
talapoin,11
talara,1
talaria,5
talca,1
talcahuano,2
tale,1
tales,12
talipes,4
talmo,1
talon,1
talos,1
talus,28
tam,4
tamandua,12
tamarau,2
tamarin,4
tamatave,4
tamaulipas,5
tamil,14
tamis,2
tampa,6
tams,1
tan,2
tana,42
tanagra,6
tanana,9
tananarive,3
tancred,2
tang,3
tanga,13
tangaloa,1
tanganyika,6
tangelo,1
tango,10
tanka,1
tanoa,1
tanta,7
tantalus,63
tanto,1
tantra,4
tanzania,1
tao,16
taonurus,1
tapetum,11
tapir,3
tapis,1
tara,19
tarantella,1
tarantula,18
taraxacum,26
tardi,2
tardy,1
tarim,2
taro,1
tarpan,1
tarpeia,10
tarpon,1
tarsia,2
tarsier,3
tarsus,3
tartar,1
tartarus,47
tasman,1
tasmania,5
tasso,4
taste,1
tatar,2
tate,2
tatouay,4
tattoo,1
tau,117
taurus,215
tax,1
taxa,6
taxes,1
taxi,105
taxis,4
taylor,1
tba,1
tbc,1
tbilisi,1
tea,3
tecumseh,4
tee,2
tef,14
tegmen,1
tegucigalpa,1
tehama,8
tehuantepec,2
tei,1
telamon,53
telegonus,5
telemachus,18
telescopium,17
tellus,20
telson,2
tempe,4
temperate,1
temple,1
temporaries,1
temuco,3
ten,28
tenaculum,2
tenebrae,3
tenedos,1
tener,334
tenere,2
tengo,1
tenia,1
tenne,2
tennis,6
tenor,6
tenrec,3
tenuis,4081
tenuous,1
teo,1
tepee,2
tephra,21
tepic,3
tequila,8
ter,21
terai,1
terceira,1
teredo,9
teresina,4
terete,1
tereus,11
teria,4
terminalia,3
terminator,7
terminus,23
termitarium,3
ternate,4
terpsichore,43
terra,19
terrapin,12
terribile,2
terris,1
terror,7
terry,2
tes,2
tessellate,1
tessera,15
testa,15
testaceous,6
testator,9
testis,16
testudo,144
tetanus,3
tetra,38
tetragon,1
teucer,21
teufel,1
teuton,2
tev,2
tex,1
textile,50
textiles,1
thaddeus,3
thai,78
thailand,1
thais,40
thakur,2
thales,11
thalia,115
thallus,7
thanatopsis,1
thanatos,9
thapsus,21
thar,4
tharsis,1
thatch,1
theca,19
theis,2
thema,1
themis,28
themistocles,13
theocritus,3
theodora,29
theophilus,4
theophrastus,10
theresa,10
theresina,1
thermae,9
thermes,2
thermopylae,1
thersites,100
thesaurus,10
theseus,38
theta,30
thetis,125
thi,2
thick,1
thisbe,48
thoa,2
tholos,1
thomas,9
thompson,1
thomson,1
thor,21
thorax,9
thoria,7
thos,1
thoth,6
thrips,6
thrombus,1
thucydides,6
thuja,16
thule,8
thulium,1
thumbelina,1
thunberg,4
thurifer,4
thuya,1
thy,1
thyestes,15
thylacine,1
thymus,14
thyroidea,1
thyrsus,10
ti,3
tia,4
tiara,62
tibbu,1
tiberius,16
tibert,2
tibia,18
tic,1
tieni,9
tierra,2
tiger,1
tigon,1
tigre,3
tijuana,1
tiki,9
tile,7
till,1
tilla,1
tillandsia,1
tim,2
timaru,1
timi,3
tinea,22
tinge,1
tingle,3
tinker,3
tinnitus,1
tintinnabulum,30
tio,1
tipo,1
tiran,1
tiresias,23
tiro,20
tis,1
tisiphone,40
titan,147
titania,82
titanium,4
tithonus,44
titi,6
titicaca,10
titus,29
tityus,10
tji,1
tlaxcala,4
tna,2
toa,4
tocantins,4
toda,2
todo,4
toffee,1
toga,7
togo,1
tohunga,2
toi,10
toil,1
tokyo,1
tol,3
tola,22
tolowa,1
tolu,7
toluca,11
toma,10
tomato,8
tombouctou,1
tome,1
tone,2
tong,1
tonga,14
tonto,4
tonus,1
toowoomba,6
topaz,2
topeka,2
tophus,2
topi,3
tor,9
torcular,1
toreador,1
torii,5
torino,1
tormentor,3
tormentum,1
torna,1
tornado,1
torpedo,22
torques,4
torrens,14
torres,1
torricelli,1
torrid,1
torsk,2
torso,1
torticollis,11
tortile,77
tortilla,6
tortola,5
tortuga,3
tortuous,1
torus,31
toscana,3
toulon,1
townsville,1
tra,2
trace,1
tracery,1
tracey,1
trachea,16
traditor,2
tragopan,3
tragus,41
transactor,1
transcaucasia,3
transitional,1
translate,1
translator,1
translucent,1
transversal,1
transverse,1
trapes,1
trapezium,31
trapezius,9
tras,2
trauma,1
travancore,1
tre,1
trefa,1
treponema,1
tres,5
tri,6
triad,1
triangular,4
tribulation,5
triceps,67
triceratops,17
trichina,7
trichinosis,1
triclinium,1
tricolor,1905
tridentum,1
trifolium,77
trigon,3
trigonal,1
trilobate,2
trimeresurus,2
trimurti,2
trinidad,3
trinity,1
trinucleus,1
trio,2
triocular,1
triplex,128
triplicate,1
tripos,28
triptolemus,13
tripura,2
tristan,1
triste,232
trite,9
triton,67
triumvir,1
trivia,31
trivium,1
trochanter,6
troche,1
trochilus,59
trogon,12
trojan,2
troll,3
trompe,2
tropical,1
trova,1
trujillo,7
truncate,1
tryma,1
tua,7
tuareg,11
tuatara,2
tuba,153
tube,1
tuber,45
tuberculosis,13
tuberose,1
tubulator,2
tubulipora,2
tucana,3
tudor,1
tufa,5
tugurium,2
tui,23
tuk,1
tula,11
tumor,2
tumulus,41
tuna,24
tundra,6
tungting,6
tungus,6
tunis,1
tunisia,6
tupaia,2
tupi,22
turaco,1
turbot,1
turgid,1
turin,1
turista,1
turk,1
turkey,1
turki,17
turkmen,1
turkoman,1
tus,2
tuscarora,4
tussis,2
tutankhamen,1
tutelo,1
tutor,1
tutta,1
tutti,8
tutu,4
tutuila,1
tuu,1
tux,1
tuxedo,3
tva,1
twa,2
tya,1
tyche,42
tylosis,2
tympanitis,3
tympanum,19
tyndareus,3
types,1
typhoeus,11
typhon,32
typhus,3
typika,1
tyrannous,2
tyro,17
tyrone,2
ua,1
uai,6
uam,1
uat,2
ubangi,3
uber,44
ubi,2
uca,8
ucayali,21
uda,53
udo,1
uea,1
uei,1
ufo,1
uga,2
uganda,13
ugo,1
uha,1
ui,5
uii,10
ujo,1
uka,4
uki,1
uks,1
uku,5
ukulele,3
ul,2
ula,18
ule,2
ulema,4
uli,2
ulna,138
ulo,1
ulterior,11
ultima,198
ultra,26
ulu,7
ulysses,59
um,1
uma,10
umbellularia,2
umber,11
umbilicaria,1
umbilicus,12
umbra,131
umbrella,30
umbria,6
ume,1
umi,2
umtali,2
umu,1
una,46
unadilla,2
unais,1
uncinus,13
undine,4
une,1
ungava,12
unguentum,1
ungula,50
unica,245
unicef,1
unicorn,5
unilateral,1
union,1
unisexual,3
univalve,3
unknown,13
unnamed,2
uno,3
unten,2
unu,1
uoe,1
uphill,1
upolu,3
ups,1
upsilon,40
upstart,2
ura,7
uraeus,8
urania,83
uranium,1
uranoscopia,1
uranus,27
urd,1
uredo,10
urga,1
uri,1
uriel,3
urn,1
uro,1
uropygium,2
ursula,73
urticaria,10
uru,11
urus,20
usa,4
used,3
ushas,2
usi,2
usia,1
usita,1
usu,1
uta,14
utah,8
ute,9
utica,3
utile,52
utopia,1
utu,1
uva,67
uvea,3
uvs,1
uvula,11
uwa,2
uxi,1
uza,2
uzbek,4
uzi,1
vaal,2
vaccinia,1
vacua,53
vacuum,5
vada,2
vae,3
vagina,28
vagus,186
vahine,2
vaisya,4
valencia,4
valenciennes,2
valentine,1
valera,5
valerian,1
valerio,1
valgus,62
valkyrie,2
vallecula,5
vallisneria,2
valparaiso,3
valuate,1
valvules,1
vamos,1
vance,1
vanda,7
vang,4
vani,1
vanilla,8
vao,3
vaquero,4
vara,33
varanasi,1
vargas,3
varginha,2
varia,1094
varian,1
varicella,5
variegate,1
variola,16
various,6
varix,6
varna,7
varro,9
varuna,41
varus,57
vas,17
vasculum,10
vashti,5
vau,42
vaya,1
vca,1
veda,10
vedda,7
vedi,1
vega,22
vei,1
veil,1
vein,6
vel,3
vela,3
velamen,10
velasco,3
veld,1
velha,2
veliger,9
velites,1
vellum,1
velum,17
vena,6
vendetta,1
venetia,6
venezuela,7
venger,1
vent,1
ventana,7
ventania,2
venter,25
ventilator,1
ventriculus,24
venus,94
venuta,1
veo,1
ver,1
vera,282
veracruz,11
verbena,4
vercelli,1
vercingetorix,2
verde,2
verditer,5
vermicelli,1
vermilion,2
vermis,35
vero,2
verona,9
veronese,1
veronica,28
verruca,53
verrucous,1
versatile,25
versicolor,2218
versus,10
verte,1
vertebra,2
vertebrate,1
vertex,16
vertigo,7
vertumnus,14
vervet,1
vesica,26
vesper,21
vespertiliones,2
vespucci,1
vesta,82
vesuvius,8
vetiver,1
vexatious,1
vexillum,78
via,2
viaticum,6
viator,127
vibratile,3
vibrio,25
vibrissa,6
viburnum,2
vicar,1
vicarious,1
vici,2
vicious,1
vicki,1
victim,1
victor,84
victoria,110
victorias,1
victrola,1
vid,1
vida,2
vide,3
video,3
vieja,5
viejo,3
vigil,62
vigilante,1
vigo,1
vigor,3
viking,2
vile,32
vili,2
villa,11
villalba,1
ville,1
villus,7
vimen,1
vina,7
vinculum,18
vindo,1
viola,132
violaceous,8
vir,1
virago,31
viral,1
vireo,4
virga,35
virginia,23
virginium,1
virgo,258
virile,7
vis,5
visa,4
viscacha,3
viscus,2
vishnu,26
vision,2
visite,3
visitor,2
visor,3
vista,6
vistula,5
vit,1
vita,12
vitellus,22
vitiligo,6
vitoria,2
vitta,55
viva,11
vivarium,2
vivian,1
viviparous,4
vivo,1
vix,13
vixen,4
vizier,2
vladimir,2
voc,2
voi,5
volans,124
volatile,3
volcano,11
volta,4
volva,21
volvox,24
volvulus,48
vom,1
vomer,25
voodoo,1
vortex,53
vorticella,22
vostok,1
vote,1
vox,5
vulcan,21
vulgo,2
vulgus,2
vulpanser,1
vulpecula,113
vulpine,1
vulture,1
vulva,2
vum,1
wa,2
wadai,23
wade,4
wadi,1
wah,1
wahehe,1
wahkiacus,1
wai,3
waikiki,5
waist,1
waki,1
walhalla,1
wallaby,1
wallace,1
wallaroo,2
wallis,2
walnut,1
waltz,1
wan,1
wane,1
wapiti,7
warabi,1
warrumbungle,1
warta,1
warte,1
wat,1
watson,2
wau,25
wayang,1
weber,2
weh,1
wei,6
weld,2
western,1
whaleback,2
whately,1
whiff,1
whim,1
white,5
whitsunday,1
whyalla,2
wichita,1
wie,1
wigeon,1
wii,1
wilde,2
willowy,1
windsor,3
winged,1
winnebago,1
winnipegosis,4
winona,1
winter,1
wirra,1
wit,1
wite,2
woh,1
wolf,1
wolff,1
wollongong,1
wolof,2
wombat,6
woodman,2
woody,1
woolley,2
wright,1
wu,1
wuh,1
wui,139
wum,1
wyandotte,6
xai,1
xan,1
xanthine,1
xanthippe,23
xanthus,76
xema,2
xenia,32
xenocrates,7
xenon,2
xenophanes,4
xenophon,11
xeres,2
xeroderma,2
xerosis,4
xerus,1
xhosa,9
xi,9
xia,4
xii,1
ximenes,4
xin,1
xinhua,2
xli,1
xmas,2
xon,1
xue,2
xui,41
xus,1
xuthus,17
xyster,1
ya,1
yai,1
yak,7
yalta,2
yama,22
yamanai,1
yanacona,1
yang,1
yanina,2
yao,10
yap,2
yashiro,1
yba,1
yco,4
ye,1
yean,1
yeast,2
yeh,2
yei,13
yellow,8
yellows,4
yeti,25
yi,3
yii,5
yin,1
ylem,1
ymp,1
yo,3
yod,2
yoga,4
yogi,1
yogini,1
yoi,1
yokozuna,1
yong,1
yoni,3
yoruba,4
young,2
ype,1
ypo,1
ypt,2
ytu,6
yu,2
yuan,3
yuca,1
yucatan,8
yucca,3
yui,103
yukon,3
yulan,6
yuma,28
yun,1
yva,2
za,3
zacatecas,2
zacynthus,2
zagreus,12
zal,4
zama,6
zamboanga,16
zamia,8
zamora,19
zan,2
zande,1
zanthoxylum,3
zao,2
zapata,7
zapotec,2
zarathustra,9
zea,32
zebra,558
zebrula,10
zebu,6
zed,2
zei,4
zek,1
zella,4
zemi,1
zen,1
zenobia,42
zephyr,5
zephyrus,29
zeppelin,1
zero,4
zeta,74
zeugma,8
zeus,41
zeuxis,21
zhu,1
zi,1
zia,5
zig,1
zigzag,105
zii,1
zimbabwe,1
zin,1
zingaro,2
zinnia,3
zion,2
zipangu,1
zircon,1
zirconia,2
ziska,6
zoa,4
zoc,1
zoe,20
zomba,7
zonate,1
zone,1
zori,1
zoroaster,8
zoster,11
zu,75
zucchini,1
zulu,66
zya,2
zygomaticum,1
zyx,3
